month_of_service,daytype,daycount,route_or_line,ridership_total,ridership_average,ObjectId
2026/07/01 04:00:00+00,Weekday,22,Blue Line,1209760,54989,1
2026/07/01 04:00:00+00,Weekday,22,Orange Line,3244879,147494,2
2026/07/01 04:00:00+00,Weekday,22,Red Line,3120741,141852,3
2026/07/01 04:00:00+00,Weekday,22,Heavy Rail,7575380,344335,4
2026/07/01 04:00:00+00,Weekday,22,Green Line,2861297,130059,5
2026/07/01 04:00:00+00,Weekday,22,Mattapan Line,61755,2807,6
2026/07/01 04:00:00+00,Weekday,22,Light Rail,2923052,132866,7
2026/07/01 04:00:00+00,Weekday,22,Silver Line,833912,37905,8
2026/07/01 04:00:00+00,Weekday,22,Bus,6398826,290856,9
2026/07/01 04:00:00+00,Weekday,22,All Bus,7232738,328761,10
2026/07/01 04:00:00+00,Saturday,3,Blue Line,158595,52865,11
2026/07/01 04:00:00+00,Saturday,3,Orange Line,355643,118548,12
2026/07/01 04:00:00+00,Saturday,3,Red Line,347028,115676,13
2026/07/01 04:00:00+00,Saturday,3,Heavy Rail,861266,287089,14
2026/07/01 04:00:00+00,Saturday,3,Green Line,392539,130846,15
2026/07/01 04:00:00+00,Saturday,3,Mattapan Line,5460,1820,16
2026/07/01 04:00:00+00,Saturday,3,Light Rail,398000,132667,17
2026/07/01 04:00:00+00,Saturday,3,Silver Line,78251,26084,18
2026/07/01 04:00:00+00,Saturday,3,Bus,548150,182717,19
2026/07/01 04:00:00+00,Saturday,3,All Bus,626401,208800,20
2026/07/01 04:00:00+00,Sunday,5,Blue Line,202547,40509,21
2026/07/01 04:00:00+00,Sunday,5,Orange Line,429928,85986,22
2026/07/01 04:00:00+00,Sunday,5,Red Line,454178,90836,23
2026/07/01 04:00:00+00,Sunday,5,Heavy Rail,1086653,217331,24
2026/07/01 04:00:00+00,Sunday,5,Green Line,470304,94061,25
2026/07/01 04:00:00+00,Sunday,5,Mattapan Line,7051,1410,26
2026/07/01 04:00:00+00,Sunday,5,Light Rail,477355,95471,27
2026/07/01 04:00:00+00,Sunday,5,Silver Line,122852,24570,28
2026/07/01 04:00:00+00,Sunday,5,Bus,698191,139638,29
2026/07/01 04:00:00+00,Sunday,5,All Bus,821043,164209,30
2026/07/01 04:00:00+00,Total,30,Blue Line,1570903,52363,31
2026/07/01 04:00:00+00,Total,30,Orange Line,4030450,134348,32
2026/07/01 04:00:00+00,Total,30,Red Line,3921946,130732,33
2026/07/01 04:00:00+00,Total,30,Heavy Rail,9523299,317443,34
2026/07/01 04:00:00+00,Total,30,Green Line,3724139,124138,35
2026/07/01 04:00:00+00,Total,30,Mattapan Line,74267,2476,36
2026/07/01 04:00:00+00,Total,30,Light Rail,3798407,126614,37
2026/07/01 04:00:00+00,Total,30,Silver Line,1035016,34501,38
2026/07/01 04:00:00+00,Total,30,Bus,7645167,254839,39
2026/07/01 04:00:00+00,Total,30,All Bus,8680183,289339,40
2026/06/01 04:00:00+00,Weekday,22,Blue Line,1275227,57965,41
2026/06/01 04:00:00+00,Weekday,22,Orange Line,3503444,159247,42
2026/06/01 04:00:00+00,Weekday,22,Red Line,3804844,172947,43
2026/06/01 04:00:00+00,Weekday,22,Heavy Rail,8583515,390160,44
2026/06/01 04:00:00+00,Weekday,22,Green Line,2921033,132774,45
2026/06/01 04:00:00+00,Weekday,22,Mattapan Line,67959,3089,46
2026/06/01 04:00:00+00,Weekday,22,Light Rail,2988992,135863,47
2026/06/01 04:00:00+00,Weekday,22,Silver Line,766689,34850,48
2026/06/01 04:00:00+00,Weekday,22,Bus,6521778,296444,49
2026/06/01 04:00:00+00,Weekday,22,All Bus,7288467,331294,50
2026/05/01 04:00:00+00,Weekday,20,Bus,6017156,300858,51
2026/05/01 04:00:00+00,Weekday,20,All Bus,6703504,335175,52
2026/05/01 04:00:00+00,Weekday,20,Commuter Rail,2287212,114361,53
2026/05/01 04:00:00+00,Weekday,20,Ferry,103546,5177,54
2026/05/01 04:00:00+00,Weekday,20,The RIDE,91845,4592,55
2026/05/01 04:00:00+00,Saturday,5,Blue Line,169991,33998,56
2026/05/01 04:00:00+00,Saturday,5,Orange Line,482795,96559,57
2026/05/01 04:00:00+00,Saturday,5,Red Line,487871,97574,58
2026/05/01 04:00:00+00,Saturday,5,Heavy Rail,1140657,228131,59
2026/05/01 04:00:00+00,Saturday,5,Green Line,512703,102541,60
2026/05/01 04:00:00+00,Saturday,5,Mattapan Line,4888,978,61
2026/05/01 04:00:00+00,Saturday,5,Light Rail,517591,103518,62
2026/05/01 04:00:00+00,Saturday,5,Silver Line,114183,22837,63
2026/05/01 04:00:00+00,Saturday,5,Bus,875792,175158,64
2026/05/01 04:00:00+00,Saturday,5,All Bus,989975,197995,65
2026/05/01 04:00:00+00,Saturday,5,Commuter Rail,213234,42647,66
2026/05/01 04:00:00+00,Saturday,5,Ferry,9636,1927,67
2026/05/01 04:00:00+00,Saturday,5,The RIDE,11542,2308,68
2026/05/01 04:00:00+00,Sunday,6,Blue Line,168299,28050,69
2026/05/01 04:00:00+00,Sunday,6,Orange Line,452834,75472,70
2026/05/01 04:00:00+00,Sunday,6,Red Line,471115,78519,71
2026/05/01 04:00:00+00,Sunday,6,Heavy Rail,1092247,182041,72
2026/05/01 04:00:00+00,Sunday,6,Green Line,481096,80183,73
2026/05/01 04:00:00+00,Sunday,6,Mattapan Line,5162,860,74
2026/05/01 04:00:00+00,Sunday,6,Light Rail,486258,81043,75
2026/05/01 04:00:00+00,Sunday,6,Silver Line,125959,20993,76
2026/05/01 04:00:00+00,Sunday,6,Bus,796161,132694,77
2026/05/01 04:00:00+00,Sunday,6,All Bus,922120,153687,78
2026/05/01 04:00:00+00,Sunday,5,Commuter Rail,198048,39610,79
2026/05/01 04:00:00+00,Sunday,5,Ferry,9301,1860,80
2026/05/01 04:00:00+00,Sunday,5,The RIDE,10770,2154,81
2026/05/01 04:00:00+00,Total,31,Blue Line,1422099,45874,82
2026/05/01 04:00:00+00,Total,31,Orange Line,3883977,125290,83
2026/05/01 04:00:00+00,Total,31,Red Line,4130324,133236,84
2026/05/01 04:00:00+00,Total,31,Heavy Rail,9436400,304400,85
2026/05/01 04:00:00+00,Total,31,Green Line,3457859,111544,86
2026/05/01 04:00:00+00,Total,31,Mattapan Line,63036,2033,87
2026/05/01 04:00:00+00,Total,31,Light Rail,3520896,113577,88
2026/05/01 04:00:00+00,Total,31,Silver Line,926490,29887,89
2026/05/01 04:00:00+00,Total,31,Bus,7689109,248036,90
2026/05/01 04:00:00+00,Total,31,All Bus,8615599,277923,91
2026/05/01 04:00:00+00,Total,31,Commuter Rail,2736085,88261,92
2026/05/01 04:00:00+00,Total,31,Ferry,124726,4023,93
2026/05/01 04:00:00+00,Total,31,The RIDE,114157,3682,94
2026/04/01 04:00:00+00,Weekday,21,Blue Line,1118550,53264,95
2026/04/01 04:00:00+00,Weekday,21,Orange Line,3134021,149239,96
2026/04/01 04:00:00+00,Weekday,21,Red Line,3415254,162631,97
2026/04/01 04:00:00+00,Weekday,21,Heavy Rail,7667825,365135,98
2026/04/01 04:00:00+00,Weekday,21,Green Line,2972359,141541,99
2026/04/01 04:00:00+00,Weekday,21,Mattapan Line,65104,3100,100
2026/06/01 04:00:00+00,Weekday,21,Commuter Rail,2244456,106879,101
2026/06/01 04:00:00+00,Weekday,21,Ferry,146702,6986,102
2026/06/01 04:00:00+00,Weekday,21,The RIDE,88380,4209,103
2026/06/01 04:00:00+00,Saturday,4,Blue Line,187191,46798,104
2026/06/01 04:00:00+00,Saturday,4,Orange Line,467035,116759,105
2026/06/01 04:00:00+00,Saturday,4,Red Line,518829,129707,106
2026/06/01 04:00:00+00,Saturday,4,Heavy Rail,1173054,293264,107
2026/06/01 04:00:00+00,Saturday,4,Green Line,502580,125645,108
2026/06/01 04:00:00+00,Saturday,4,Mattapan Line,7497,1874,109
2026/06/01 04:00:00+00,Saturday,4,Light Rail,510077,127519,110
2026/06/01 04:00:00+00,Saturday,4,Silver Line,98105,24526,111
2026/06/01 04:00:00+00,Saturday,4,Bus,753882,188470,112
2026/06/01 04:00:00+00,Saturday,4,All Bus,851986,212996,113
2026/06/01 04:00:00+00,Saturday,4,Commuter Rail,167278,41820,114
2026/06/01 04:00:00+00,Saturday,4,Ferry,24742,6186,115
2026/06/01 04:00:00+00,Saturday,4,The RIDE,8427,2107,116
2026/06/01 04:00:00+00,Sunday,4,Blue Line,135123,33781,117
2026/06/01 04:00:00+00,Sunday,4,Orange Line,333616,83404,118
2026/06/01 04:00:00+00,Sunday,4,Red Line,382936,95734,119
2026/06/01 04:00:00+00,Sunday,4,Heavy Rail,851675,212919,120
2026/06/01 04:00:00+00,Sunday,4,Green Line,362275,90569,121
2026/06/01 04:00:00+00,Sunday,4,Mattapan Line,5740,1435,122
2026/06/01 04:00:00+00,Sunday,4,Light Rail,368015,92004,123
2026/06/01 04:00:00+00,Sunday,4,Silver Line,85604,21401,124
2026/06/01 04:00:00+00,Sunday,4,Bus,553450,138362,125
2026/06/01 04:00:00+00,Sunday,4,All Bus,639053,159763,126
2026/06/01 04:00:00+00,Sunday,4,Commuter Rail,159264,39816,127
2026/06/01 04:00:00+00,Sunday,4,Ferry,18070,4518,128
2026/06/01 04:00:00+00,Sunday,4,The RIDE,7772,1943,129
2026/06/01 04:00:00+00,Total,30,Blue Line,1597540,53251,130
2026/06/01 04:00:00+00,Total,30,Orange Line,4304094,143470,131
2026/06/01 04:00:00+00,Total,30,Red Line,4706609,156887,132
2026/06/01 04:00:00+00,Total,30,Heavy Rail,10608244,353608,133
2026/06/01 04:00:00+00,Total,30,Green Line,3785888,126196,134
2026/06/01 04:00:00+00,Total,30,Mattapan Line,81196,2707,135
2026/06/01 04:00:00+00,Total,30,Light Rail,3867084,128903,136
2026/06/01 04:00:00+00,Total,30,Silver Line,950398,31680,137
2026/06/01 04:00:00+00,Total,30,Bus,7829109,260970,138
2026/06/01 04:00:00+00,Total,30,All Bus,8779507,292650,139
2026/06/01 04:00:00+00,Total,30,Commuter Rail,2657140,88571,140
2026/06/01 04:00:00+00,Total,30,Ferry,198717,6624,141
2026/06/01 04:00:00+00,Total,30,The RIDE,104579,3486,142
2026/05/01 04:00:00+00,Weekday,20,Blue Line,1083809,54190,143
2026/05/01 04:00:00+00,Weekday,20,Orange Line,2948348,147417,144
2026/05/01 04:00:00+00,Weekday,20,Red Line,3171339,158567,145
2026/05/01 04:00:00+00,Weekday,20,Heavy Rail,7203496,360175,146
2026/05/01 04:00:00+00,Weekday,20,Green Line,2464060,123203,147
2026/05/01 04:00:00+00,Weekday,20,Mattapan Line,52986,2649,148
2026/05/01 04:00:00+00,Weekday,20,Light Rail,2517047,125852,149
2026/05/01 04:00:00+00,Weekday,20,Silver Line,686348,34317,150
2026/01/01 05:00:00+00,Weekday,20,Blue Line,893813,44691,151
2026/01/01 05:00:00+00,Weekday,20,Orange Line,2600730,130036,152
2026/01/01 05:00:00+00,Weekday,20,Red Line,2729256,136463,153
2026/01/01 05:00:00+00,Weekday,20,Heavy Rail,6223799,311190,154
2026/01/01 05:00:00+00,Weekday,20,Green Line,2453296,122665,155
2026/01/01 05:00:00+00,Weekday,20,Mattapan Line,51026,2551,156
2026/01/01 05:00:00+00,Weekday,20,Light Rail,2504322,125216,157
2026/01/01 05:00:00+00,Weekday,20,Silver Line,560060,28003,158
2026/01/01 05:00:00+00,Weekday,20,Bus,5022135,251107,159
2026/01/01 05:00:00+00,Weekday,20,All Bus,5582195,279110,160
2026/01/01 05:00:00+00,Weekday,20,Commuter Rail,2032694,101635,161
2026/01/01 05:00:00+00,Weekday,20,Ferry,58413,2921,162
2026/01/01 05:00:00+00,Weekday,20,The RIDE,79191,3960,163
2026/01/01 05:00:00+00,Saturday,6,Blue Line,160719,26786,164
2026/01/01 05:00:00+00,Saturday,6,Orange Line,407895,67982,165
2026/01/01 05:00:00+00,Saturday,6,Red Line,494228,82371,166
2026/01/01 05:00:00+00,Saturday,6,Heavy Rail,1062842,177140,167
2026/01/01 05:00:00+00,Saturday,6,Green Line,542999,90500,168
2026/01/01 05:00:00+00,Saturday,6,Mattapan Line,8437,1406,169
2026/01/01 05:00:00+00,Saturday,6,Light Rail,551437,91906,170
2026/01/01 05:00:00+00,Saturday,6,Silver Line,110816,18469,171
2026/01/01 05:00:00+00,Saturday,6,Bus,840733,140122,172
2026/01/01 05:00:00+00,Saturday,6,All Bus,951549,158592,173
2026/01/01 05:00:00+00,Saturday,5,Commuter Rail,185163,37033,174
2026/01/01 05:00:00+00,Saturday,5,Ferry,1238,248,175
2026/01/01 05:00:00+00,Saturday,5,The RIDE,10094,2019,176
2026/01/01 05:00:00+00,Sunday,5,Blue Line,95232,19046,177
2026/01/01 05:00:00+00,Sunday,5,Orange Line,218222,43644,178
2026/01/01 05:00:00+00,Sunday,5,Red Line,273314,54663,179
2026/01/01 05:00:00+00,Sunday,5,Heavy Rail,586768,117354,180
2026/01/01 05:00:00+00,Sunday,5,Green Line,287175,57435,181
2026/01/01 05:00:00+00,Sunday,5,Mattapan Line,5151,1030,182
2026/01/01 05:00:00+00,Sunday,5,Light Rail,292326,58465,183
2026/01/01 05:00:00+00,Sunday,5,Silver Line,71393,14279,184
2026/01/01 05:00:00+00,Sunday,5,Bus,454010,90802,185
2026/01/01 05:00:00+00,Sunday,5,All Bus,525403,105081,186
2026/01/01 05:00:00+00,Sunday,4,Commuter Rail,139592,34898,187
2026/01/01 05:00:00+00,Sunday,4,Ferry,529,132,188
2026/01/01 05:00:00+00,Sunday,4,The RIDE,9550,2388,189
2026/01/01 05:00:00+00,Total,31,Blue Line,1149764,37089,190
2026/01/01 05:00:00+00,Total,31,Orange Line,3226847,104092,191
2026/01/01 05:00:00+00,Total,31,Red Line,3496798,112800,192
2026/01/01 05:00:00+00,Total,31,Heavy Rail,7873410,253981,193
2026/01/01 05:00:00+00,Total,31,Green Line,3283471,105918,194
2026/01/01 05:00:00+00,Total,31,Mattapan Line,64613,2084,195
2026/01/01 05:00:00+00,Total,31,Light Rail,3348084,108003,196
2026/01/01 05:00:00+00,Total,31,Silver Line,742268,23944,197
2026/01/01 05:00:00+00,Total,31,Bus,6316878,203770,198
2026/01/01 05:00:00+00,Total,31,All Bus,7059146,227714,199
2026/01/01 05:00:00+00,Total,31,Commuter Rail,2470914,79707,200
2026/04/01 04:00:00+00,Weekday,21,Light Rail,3037464,144641,201
2026/04/01 04:00:00+00,Weekday,21,Silver Line,726075,34575,202
2026/04/01 04:00:00+00,Weekday,21,Bus,6183696,294462,203
2026/04/01 04:00:00+00,Weekday,21,All Bus,6909771,329037,204
2026/04/01 04:00:00+00,Weekday,21,Commuter Rail,2385446,113593,205
2026/04/01 04:00:00+00,Weekday,21,Ferry,91379,4351,206
2026/04/01 04:00:00+00,Weekday,21,The RIDE,90041,4288,207
2026/04/01 04:00:00+00,Saturday,5,Blue Line,225781,45156,208
2026/04/01 04:00:00+00,Saturday,5,Orange Line,605364,121073,209
2026/04/01 04:00:00+00,Saturday,5,Red Line,645963,129193,210
2026/04/01 04:00:00+00,Saturday,5,Heavy Rail,1477108,295422,211
2026/04/01 04:00:00+00,Saturday,5,Green Line,717897,143579,212
2026/04/01 04:00:00+00,Saturday,5,Mattapan Line,9209,1842,213
2026/04/01 04:00:00+00,Saturday,5,Light Rail,727106,145421,214
2026/04/01 04:00:00+00,Saturday,5,Silver Line,129292,25858,215
2026/04/01 04:00:00+00,Saturday,5,Bus,939210,187842,216
2026/04/01 04:00:00+00,Saturday,5,All Bus,1068502,213700,217
2026/04/01 04:00:00+00,Saturday,4,Commuter Rail,159749,39937,218
2026/04/01 04:00:00+00,Saturday,4,Ferry,3355,839,219
2026/04/01 04:00:00+00,Saturday,4,The RIDE,8126,2032,220
2026/04/01 04:00:00+00,Sunday,4,Blue Line,124280,31070,221
2026/04/01 04:00:00+00,Sunday,4,Orange Line,310439,77610,222
2026/04/01 04:00:00+00,Sunday,4,Red Line,343163,85791,223
2026/04/01 04:00:00+00,Sunday,4,Heavy Rail,777882,194470,224
2026/04/01 04:00:00+00,Sunday,4,Green Line,375836,93959,225
2026/04/01 04:00:00+00,Sunday,4,Mattapan Line,5062,1266,226
2026/04/01 04:00:00+00,Sunday,4,Light Rail,380898,95224,227
2026/04/01 04:00:00+00,Sunday,4,Silver Line,76437,19109,228
2026/04/01 04:00:00+00,Sunday,4,Bus,497115,124279,229
2026/04/01 04:00:00+00,Sunday,4,All Bus,573552,143388,230
2026/04/01 04:00:00+00,Sunday,4,Commuter Rail,151770,37942,231
2026/04/01 04:00:00+00,Sunday,4,Ferry,1731,433,232
2026/04/01 04:00:00+00,Sunday,4,The RIDE,8860,2215,233
2026/04/01 04:00:00+00,Total,30,Blue Line,1468612,48954,234
2026/04/01 04:00:00+00,Total,30,Orange Line,4049823,134994,235
2026/04/01 04:00:00+00,Total,30,Red Line,4404379,146813,236
2026/04/01 04:00:00+00,Total,30,Heavy Rail,9922814,330760,237
2026/04/01 04:00:00+00,Total,30,Green Line,4066092,135536,238
2026/04/01 04:00:00+00,Total,30,Mattapan Line,79375,2646,239
2026/04/01 04:00:00+00,Total,30,Light Rail,4145468,138182,240
2026/04/01 04:00:00+00,Total,30,Silver Line,931804,31060,241
2026/04/01 04:00:00+00,Total,30,Bus,7620021,254001,242
2026/04/01 04:00:00+00,Total,30,All Bus,8551825,285061,243
2026/04/01 04:00:00+00,Total,30,Commuter Rail,2809730,93658,244
2026/04/01 04:00:00+00,Total,30,Ferry,99786,3326,245
2026/04/01 04:00:00+00,Total,30,The RIDE,107027,3568,246
2026/03/01 05:00:00+00,Weekday,22,Blue Line,1106889,50313,247
2026/03/01 05:00:00+00,Weekday,22,Orange Line,3049686,138622,248
2026/03/01 05:00:00+00,Weekday,22,Red Line,3448615,156755,249
2026/03/01 05:00:00+00,Weekday,22,Heavy Rail,7605190,345690,250
2026/01/01 05:00:00+00,Total,31,Ferry,60679,1957,251
2026/01/01 05:00:00+00,Total,31,The RIDE,98835,3188,252
2025/12/01 05:00:00+00,Weekday,22,Blue Line,964066,43821,253
2025/12/01 05:00:00+00,Weekday,22,Orange Line,2943068,133776,254
2025/12/01 05:00:00+00,Weekday,22,Red Line,2913914,132451,255
2025/12/01 05:00:00+00,Weekday,22,Heavy Rail,6821047,310048,256
2025/12/01 05:00:00+00,Weekday,22,Green Line,1851002,84136,257
2025/12/01 05:00:00+00,Weekday,22,Mattapan Line,58793,2672,258
2025/12/01 05:00:00+00,Weekday,22,Light Rail,1909796,86809,259
2025/12/01 05:00:00+00,Weekday,22,Silver Line,630643,28666,260
2025/12/01 05:00:00+00,Weekday,22,Bus,5478121,249006,261
2025/12/01 05:00:00+00,Weekday,22,All Bus,6108765,277671,262
2025/12/01 05:00:00+00,Weekday,22,Commuter Rail,2341366,106426,263
2025/12/01 05:00:00+00,Weekday,22,Ferry,66333,3015,264
2025/12/01 05:00:00+00,Weekday,22,The RIDE,81255,3693,265
2025/12/01 05:00:00+00,Saturday,4,Blue Line,129863,32466,266
2025/12/01 05:00:00+00,Saturday,4,Orange Line,355057,88764,267
2025/12/01 05:00:00+00,Saturday,4,Red Line,371059,92765,268
2025/12/01 05:00:00+00,Saturday,4,Heavy Rail,855980,213995,269
2025/12/01 05:00:00+00,Saturday,4,Green Line,288552,72138,270
2025/12/01 05:00:00+00,Saturday,4,Mattapan Line,5928,1482,271
2025/12/01 05:00:00+00,Saturday,4,Light Rail,294480,73620,272
2025/12/01 05:00:00+00,Saturday,4,Silver Line,90951,22738,273
2025/12/01 05:00:00+00,Saturday,4,Bus,598258,149564,274
2025/12/01 05:00:00+00,Saturday,4,All Bus,689209,172302,275
2025/12/01 05:00:00+00,Saturday,4,Commuter Rail,163125,40781,276
2025/12/01 05:00:00+00,Saturday,4,Ferry,910,228,277
2025/12/01 05:00:00+00,Saturday,4,The RIDE,7147,1787,278
2025/12/01 05:00:00+00,Sunday,5,Blue Line,114026,22805,279
2025/12/01 05:00:00+00,Sunday,5,Orange Line,306749,61350,280
2025/12/01 05:00:00+00,Sunday,5,Red Line,310003,62001,281
2025/12/01 05:00:00+00,Sunday,5,Heavy Rail,730778,146156,282
2025/12/01 05:00:00+00,Sunday,5,Green Line,243038,48608,283
2025/12/01 05:00:00+00,Sunday,5,Mattapan Line,5407,1081,284
2025/12/01 05:00:00+00,Sunday,5,Light Rail,248445,49689,285
2025/12/01 05:00:00+00,Sunday,5,Silver Line,81701,16340,286
2025/12/01 05:00:00+00,Sunday,5,Bus,476797,95359,287
2025/12/01 05:00:00+00,Sunday,5,All Bus,558497,111699,288
2025/12/01 05:00:00+00,Sunday,4,Commuter Rail,149297,37324,289
2025/12/01 05:00:00+00,Sunday,4,Ferry,835,209,290
2025/12/01 05:00:00+00,Sunday,4,The RIDE,7036,1759,291
2025/12/01 05:00:00+00,Total,31,Blue Line,1207955,38966,292
2025/12/01 05:00:00+00,Total,31,Orange Line,3604874,116286,293
2025/12/01 05:00:00+00,Total,31,Red Line,3594976,115967,294
2025/12/01 05:00:00+00,Total,31,Heavy Rail,8407805,271220,295
2025/12/01 05:00:00+00,Total,31,Green Line,2382592,76858,296
2025/12/01 05:00:00+00,Total,31,Mattapan Line,70129,2262,297
2025/12/01 05:00:00+00,Total,31,Light Rail,2452721,79120,298
2025/12/01 05:00:00+00,Total,31,Silver Line,803295,25913,299
2025/12/01 05:00:00+00,Total,31,Bus,6553176,211393,300
2026/03/01 05:00:00+00,Weekday,22,Green Line,2831637,128711,301
2026/03/01 05:00:00+00,Weekday,22,Mattapan Line,66930,3042,302
2026/03/01 05:00:00+00,Weekday,22,Light Rail,2898567,131753,303
2026/03/01 05:00:00+00,Weekday,22,Silver Line,697007,31682,304
2026/03/01 05:00:00+00,Weekday,22,Bus,6183570,281071,305
2026/03/01 05:00:00+00,Weekday,22,All Bus,6880577,312754,306
2026/03/01 05:00:00+00,Weekday,22,Commuter Rail,2450529,111388,307
2026/03/01 05:00:00+00,Weekday,22,Ferry,78704,3577,308
2026/03/01 05:00:00+00,Weekday,22,The RIDE,90041,4093,309
2026/03/01 05:00:00+00,Saturday,4,Blue Line,155901,38975,310
2026/03/01 05:00:00+00,Saturday,4,Orange Line,403653,100913,311
2026/03/01 05:00:00+00,Saturday,4,Red Line,465782,116446,312
2026/03/01 05:00:00+00,Saturday,4,Heavy Rail,1025336,256334,313
2026/03/01 05:00:00+00,Saturday,4,Green Line,490906,122726,314
2026/03/01 05:00:00+00,Saturday,4,Mattapan Line,6683,1671,315
2026/03/01 05:00:00+00,Saturday,4,Light Rail,497589,124397,316
2026/03/01 05:00:00+00,Saturday,4,Silver Line,89519,22380,317
2026/03/01 05:00:00+00,Saturday,4,Bus,668987,167247,318
2026/03/01 05:00:00+00,Saturday,4,All Bus,758506,189626,319
2026/03/01 05:00:00+00,Saturday,4,Commuter Rail,161638,40410,320
2026/03/01 05:00:00+00,Saturday,4,Ferry,1845,461,321
2026/03/01 05:00:00+00,Saturday,4,The RIDE,8126,2032,322
2026/03/01 05:00:00+00,Sunday,5,Blue Line,140232,28046,323
2026/03/01 05:00:00+00,Sunday,5,Orange Line,339060,67812,324
2026/03/01 05:00:00+00,Sunday,5,Red Line,420747,84149,325
2026/03/01 05:00:00+00,Sunday,5,Heavy Rail,900039,180008,326
2026/03/01 05:00:00+00,Sunday,5,Green Line,417156,83431,327
2026/03/01 05:00:00+00,Sunday,5,Mattapan Line,6313,1263,328
2026/03/01 05:00:00+00,Sunday,5,Light Rail,423468,84694,329
2026/03/01 05:00:00+00,Sunday,5,Silver Line,89624,17925,330
2026/03/01 05:00:00+00,Sunday,5,Bus,571309,114262,331
2026/03/01 05:00:00+00,Sunday,5,All Bus,660933,132187,332
2026/03/01 05:00:00+00,Sunday,5,Commuter Rail,195775,39155,333
2026/03/01 05:00:00+00,Sunday,5,Ferry,1512,302,334
2026/03/01 05:00:00+00,Sunday,5,The RIDE,8860,1772,335
2026/03/01 05:00:00+00,Total,31,Blue Line,1403023,45259,336
2026/03/01 05:00:00+00,Total,31,Orange Line,3792398,122335,337
2026/03/01 05:00:00+00,Total,31,Red Line,4335144,139843,338
2026/03/01 05:00:00+00,Total,31,Heavy Rail,9530565,307438,339
2026/03/01 05:00:00+00,Total,31,Green Line,3739699,120635,340
2026/03/01 05:00:00+00,Total,31,Mattapan Line,79926,2578,341
2026/03/01 05:00:00+00,Total,31,Light Rail,3819625,123214,342
2026/03/01 05:00:00+00,Total,31,Silver Line,876150,28263,343
2026/03/01 05:00:00+00,Total,31,Bus,7423866,239480,344
2026/03/01 05:00:00+00,Total,31,All Bus,8300016,267742,345
2026/03/01 05:00:00+00,Total,31,Commuter Rail,2807942,90579,346
2026/03/01 05:00:00+00,Total,31,Ferry,82061,2647,347
2026/03/01 05:00:00+00,Total,31,The RIDE,107027,3452,348
2026/02/01 05:00:00+00,Weekday,19,Blue Line,860081,45267,349
2026/02/01 05:00:00+00,Weekday,19,Orange Line,2555293,134489,350
2026/02/01 05:00:00+00,Weekday,19,Red Line,2741945,144313,351
2026/02/01 05:00:00+00,Weekday,19,Heavy Rail,6157318,324069,352
2026/02/01 05:00:00+00,Weekday,19,Green Line,2366880,124573,353
2026/02/01 05:00:00+00,Weekday,19,Mattapan Line,49916,2627,354
2026/02/01 05:00:00+00,Weekday,19,Light Rail,2416796,127200,355
2026/02/01 05:00:00+00,Weekday,19,Silver Line,506527,26659,356
2026/02/01 05:00:00+00,Weekday,19,Bus,4634062,243898,357
2026/02/01 05:00:00+00,Weekday,19,All Bus,5140589,270557,358
2026/02/01 05:00:00+00,Weekday,19,Commuter Rail,1881518,99027,359
2026/02/01 05:00:00+00,Weekday,19,Ferry,29065,1530,360
2026/02/01 05:00:00+00,Weekday,19,The RIDE,68774,3620,361
2026/02/01 05:00:00+00,Saturday,5,Blue Line,168962,33792,362
2026/02/01 05:00:00+00,Saturday,5,Orange Line,392423,78485,363
2026/02/01 05:00:00+00,Saturday,5,Red Line,472130,94426,364
2026/02/01 05:00:00+00,Saturday,5,Heavy Rail,1033515,206703,365
2026/02/01 05:00:00+00,Saturday,5,Green Line,530816,106163,366
2026/02/01 05:00:00+00,Saturday,5,Mattapan Line,5826,1165,367
2026/02/01 05:00:00+00,Saturday,5,Light Rail,536641,107328,368
2026/02/01 05:00:00+00,Saturday,5,Silver Line,118586,23717,369
2026/02/01 05:00:00+00,Saturday,5,Bus,983916,196783,370
2026/02/01 05:00:00+00,Saturday,5,All Bus,1102502,220500,371
2026/02/01 05:00:00+00,Saturday,4,Commuter Rail,155110,38778,372
2026/02/01 05:00:00+00,Saturday,4,Ferry,853,213,373
2026/02/01 05:00:00+00,Saturday,4,The RIDE,6922,1730,374
2026/02/01 05:00:00+00,Sunday,4,Blue Line,97941,24485,375
2026/02/01 05:00:00+00,Sunday,4,Orange Line,246865,61716,376
2026/02/01 05:00:00+00,Sunday,4,Red Line,274323,68581,377
2026/02/01 05:00:00+00,Sunday,4,Heavy Rail,619129,154782,378
2026/02/01 05:00:00+00,Sunday,4,Green Line,306391,76598,379
2026/02/01 05:00:00+00,Sunday,4,Mattapan Line,3175,794,380
2026/02/01 05:00:00+00,Sunday,4,Light Rail,309566,77392,381
2026/02/01 05:00:00+00,Sunday,4,Silver Line,63309,15827,382
2026/02/01 05:00:00+00,Sunday,4,Bus,438499,109625,383
2026/02/01 05:00:00+00,Sunday,4,All Bus,501807,125452,384
2026/02/01 05:00:00+00,Sunday,4,Commuter Rail,145027,36257,385
2026/02/01 05:00:00+00,Sunday,4,Ferry,511,128,386
2026/02/01 05:00:00+00,Sunday,4,The RIDE,5648,1412,387
2026/02/01 05:00:00+00,Total,28,Blue Line,1126984,40249,388
2026/02/01 05:00:00+00,Total,28,Orange Line,3194581,114092,389
2026/02/01 05:00:00+00,Total,28,Red Line,3488398,124586,390
2026/02/01 05:00:00+00,Total,28,Heavy Rail,7809962,278927,391
2026/02/01 05:00:00+00,Total,28,Green Line,3204087,114432,392
2026/02/01 05:00:00+00,Total,28,Mattapan Line,58917,2104,393
2026/02/01 05:00:00+00,Total,28,Light Rail,3263003,116536,394
2026/02/01 05:00:00+00,Total,28,Silver Line,688422,24586,395
2026/02/01 05:00:00+00,Total,28,Bus,6056477,216303,396
2026/02/01 05:00:00+00,Total,28,All Bus,6744899,240889,397
2026/02/01 05:00:00+00,Total,28,Commuter Rail,2219064,79252,398
2026/02/01 05:00:00+00,Total,28,Ferry,31311,1118,399
2026/02/01 05:00:00+00,Total,28,The RIDE,81344,2905,400
2025/12/01 05:00:00+00,Total,31,All Bus,7356471,237306,401
2025/12/01 05:00:00+00,Total,31,Commuter Rail,2682774,86541,402
2025/12/01 05:00:00+00,Total,31,Ferry,68078,2196,403
2025/12/01 05:00:00+00,Total,31,The RIDE,95438,3079,404
2025/11/01 04:00:00+00,Weekday,19,Blue Line,973326,51228,405
2025/11/01 04:00:00+00,Weekday,19,Orange Line,2792092,146952,406
2025/11/01 04:00:00+00,Weekday,19,Red Line,2946301,155068,407
2025/11/01 04:00:00+00,Weekday,19,Heavy Rail,6711718,353248,408
2025/11/01 04:00:00+00,Weekday,19,Green Line,2445954,128734,409
2025/11/01 04:00:00+00,Weekday,19,Mattapan Line,59702,3142,410
2025/11/01 04:00:00+00,Weekday,19,Light Rail,2505657,131877,411
2025/11/01 04:00:00+00,Weekday,19,Silver Line,575281,30278,412
2025/11/01 04:00:00+00,Weekday,19,Bus,5215920,274522,413
2025/11/01 04:00:00+00,Weekday,19,All Bus,5791201,304800,414
2025/11/01 04:00:00+00,Weekday,18,Commuter Rail,2009741,111652,415
2025/11/01 04:00:00+00,Weekday,18,Ferry,69967,3887,416
2025/11/01 04:00:00+00,Weekday,18,The RIDE,79191,4400,417
2025/11/01 04:00:00+00,Saturday,5,Blue Line,190543,38109,418
2025/11/01 04:00:00+00,Saturday,5,Orange Line,420420,84084,419
2025/11/01 04:00:00+00,Saturday,5,Red Line,535575,107115,420
2025/11/01 04:00:00+00,Saturday,5,Heavy Rail,1146537,229307,421
2025/11/01 04:00:00+00,Saturday,5,Green Line,593573,118715,422
2025/11/01 04:00:00+00,Saturday,5,Mattapan Line,9052,1810,423
2025/11/01 04:00:00+00,Saturday,5,Light Rail,602626,120525,424
2025/11/01 04:00:00+00,Saturday,5,Silver Line,121111,24222,425
2025/11/01 04:00:00+00,Saturday,5,Bus,788886,157777,426
2025/11/01 04:00:00+00,Saturday,5,All Bus,909997,181999,427
2025/11/01 04:00:00+00,Saturday,5,Commuter Rail,212184,42437,428
2025/11/01 04:00:00+00,Saturday,5,Ferry,3008,602,429
2025/11/01 04:00:00+00,Saturday,5,The RIDE,10094,2019,430
2025/11/01 04:00:00+00,Sunday,6,Blue Line,158569,26428,431
2025/11/01 04:00:00+00,Sunday,6,Orange Line,333160,55527,432
2025/11/01 04:00:00+00,Sunday,6,Red Line,437504,72917,433
2025/11/01 04:00:00+00,Sunday,6,Heavy Rail,929233,154872,434
2025/11/01 04:00:00+00,Sunday,6,Green Line,458231,76372,435
2025/11/01 04:00:00+00,Sunday,6,Mattapan Line,7504,1251,436
2025/11/01 04:00:00+00,Sunday,6,Light Rail,465735,77622,437
2025/11/01 04:00:00+00,Sunday,6,Silver Line,105634,17606,438
2025/11/01 04:00:00+00,Sunday,6,Bus,629414,104902,439
2025/11/01 04:00:00+00,Sunday,6,All Bus,735048,122508,440
2025/11/01 04:00:00+00,Sunday,5,Commuter Rail,197030,39406,441
2025/11/01 04:00:00+00,Sunday,5,Ferry,1753,351,442
2025/11/01 04:00:00+00,Sunday,5,The RIDE,9550,1910,443
2025/11/01 04:00:00+00,Total,30,Blue Line,1322437,44081,444
2025/11/01 04:00:00+00,Total,30,Orange Line,3545672,118189,445
2025/11/01 04:00:00+00,Total,30,Red Line,3919380,130646,446
2025/11/01 04:00:00+00,Total,30,Heavy Rail,8787488,292916,447
2025/11/01 04:00:00+00,Total,30,Green Line,3497758,116592,448
2025/11/01 04:00:00+00,Total,30,Mattapan Line,76259,2542,449
2025/11/01 04:00:00+00,Total,30,Light Rail,3574017,119134,450
2025/08/01 04:00:00+00,Total,31,Orange Line,3223479,103983,451
2025/08/01 04:00:00+00,Total,31,Red Line,3920817,126478,452
2025/08/01 04:00:00+00,Total,31,Heavy Rail,8475070,273389,453
2025/08/01 04:00:00+00,Total,31,Green Line,3508039,113163,454
2025/08/01 04:00:00+00,Total,31,Mattapan Line,73696,2377,455
2025/08/01 04:00:00+00,Total,31,Light Rail,3581734,115540,456
2025/08/01 04:00:00+00,Total,31,Silver Line,886641,28601,457
2025/08/01 04:00:00+00,Total,31,Bus,6810972,219709,458
2025/08/01 04:00:00+00,Total,31,All Bus,7697613,248310,459
2025/08/01 04:00:00+00,Total,31,Commuter Rail,2406218,77620,460
2025/08/01 04:00:00+00,Total,31,Ferry,205932,6643,461
2025/08/01 04:00:00+00,Total,31,The RIDE,103359,3334,462
2025/07/01 04:00:00+00,Weekday,22,Blue Line,1136434,51656,463
2025/07/01 04:00:00+00,Weekday,22,Orange Line,2834073,128822,464
2025/07/01 04:00:00+00,Weekday,22,Red Line,3122514,141932,465
2025/07/01 04:00:00+00,Weekday,22,Heavy Rail,7093022,322410,466
2025/07/01 04:00:00+00,Weekday,22,Green Line,2799144,127234,467
2025/07/01 04:00:00+00,Weekday,22,Mattapan Line,63055,2866,468
2025/07/01 04:00:00+00,Weekday,22,Light Rail,2862199,130100,469
2025/07/01 04:00:00+00,Weekday,22,Silver Line,696608,31664,470
2025/07/01 04:00:00+00,Weekday,22,Bus,5789137,263143,471
2025/07/01 04:00:00+00,Weekday,22,All Bus,6485744,294807,472
2025/07/01 04:00:00+00,Saturday,4,Blue Line,170317,42579,473
2025/07/01 04:00:00+00,Saturday,4,Orange Line,277603,69401,474
2025/07/01 04:00:00+00,Saturday,4,Red Line,305571,76393,475
2025/07/01 04:00:00+00,Saturday,4,Heavy Rail,753492,188373,476
2025/07/01 04:00:00+00,Saturday,4,Green Line,400752,100188,477
2025/07/01 04:00:00+00,Saturday,4,Mattapan Line,6229,1557,478
2025/07/01 04:00:00+00,Saturday,4,Light Rail,406981,101745,479
2025/07/01 04:00:00+00,Saturday,4,Silver Line,85199,21300,480
2025/07/01 04:00:00+00,Saturday,4,Bus,664557,166139,481
2025/07/01 04:00:00+00,Saturday,4,All Bus,749756,187439,482
2025/07/01 04:00:00+00,Sunday,5,Blue Line,159878,31976,483
2025/07/01 04:00:00+00,Sunday,5,Orange Line,273996,54799,484
2025/07/01 04:00:00+00,Sunday,5,Red Line,309780,61956,485
2025/07/01 04:00:00+00,Sunday,5,Heavy Rail,743655,148731,486
2025/07/01 04:00:00+00,Sunday,5,Green Line,391579,78316,487
2025/07/01 04:00:00+00,Sunday,5,Mattapan Line,5780,1156,488
2025/07/01 04:00:00+00,Sunday,5,Light Rail,397358,79472,489
2025/07/01 04:00:00+00,Sunday,5,Silver Line,93350,18670,490
2025/07/01 04:00:00+00,Sunday,5,Bus,587169,117434,491
2025/07/01 04:00:00+00,Sunday,5,All Bus,680520,136104,492
2025/07/01 04:00:00+00,Total,31,Blue Line,1466630,47311,493
2025/07/01 04:00:00+00,Total,31,Orange Line,3385673,109215,494
2025/07/01 04:00:00+00,Total,31,Red Line,3737865,120576,495
2025/07/01 04:00:00+00,Total,31,Heavy Rail,8590168,277102,496
2025/07/01 04:00:00+00,Total,31,Green Line,3591475,115854,497
2025/07/01 04:00:00+00,Total,31,Mattapan Line,75063,2421,498
2025/07/01 04:00:00+00,Total,31,Light Rail,3666538,118275,499
2025/07/01 04:00:00+00,Total,31,Silver Line,875157,28231,500
2025/10/01 04:00:00+00,Total,31,Mattapan Line,89362,2883,501
2025/10/01 04:00:00+00,Total,31,Light Rail,4026521,129888,502
2025/10/01 04:00:00+00,Total,31,Silver Line,903141,29134,503
2025/10/01 04:00:00+00,Total,31,Bus,7701111,248423,504
2025/10/01 04:00:00+00,Total,31,All Bus,8604252,277557,505
2025/10/01 04:00:00+00,Total,31,Commuter Rail,2706289,87300,506
2025/10/01 04:00:00+00,Total,31,Ferry,121766,3928,507
2025/10/01 04:00:00+00,Total,31,The RIDE,111178,3586,508
2025/09/01 04:00:00+00,Weekday,21,Blue Line,1099501,52357,509
2025/09/01 04:00:00+00,Weekday,21,Orange Line,2992062,142479,510
2025/09/01 04:00:00+00,Weekday,21,Red Line,3260741,155273,511
2025/09/01 04:00:00+00,Weekday,21,Heavy Rail,7352304,350110,512
2025/09/01 04:00:00+00,Weekday,21,Green Line,2639466,125689,513
2025/09/01 04:00:00+00,Weekday,21,Mattapan Line,68954,3284,514
2025/09/01 04:00:00+00,Weekday,21,Light Rail,2708420,128972,515
2025/09/01 04:00:00+00,Weekday,21,Silver Line,660513,31453,516
2025/09/01 04:00:00+00,Weekday,21,Bus,6144515,292596,517
2025/09/01 04:00:00+00,Weekday,21,All Bus,6805028,324049,518
2025/09/01 04:00:00+00,Weekday,21,Commuter Rail,2116817,100801,519
2025/09/01 04:00:00+00,Weekday,21,Ferry,124072,5908,520
2025/09/01 04:00:00+00,Weekday,22,The RIDE,87417,3974,521
2025/09/01 04:00:00+00,Saturday,4,Blue Line,114891,28723,522
2025/09/01 04:00:00+00,Saturday,4,Orange Line,259435,64859,523
2025/09/01 04:00:00+00,Saturday,4,Red Line,388066,97016,524
2025/09/01 04:00:00+00,Saturday,4,Heavy Rail,762392,190598,525
2025/09/01 04:00:00+00,Saturday,4,Green Line,446227,111557,526
2025/09/01 04:00:00+00,Saturday,4,Mattapan Line,7103,1776,527
2025/09/01 04:00:00+00,Saturday,4,Light Rail,453330,113332,528
2025/09/01 04:00:00+00,Saturday,4,Silver Line,95163,23791,529
2025/09/01 04:00:00+00,Saturday,4,Bus,669675,167419,530
2025/09/01 04:00:00+00,Saturday,4,All Bus,764838,191210,531
2025/09/01 04:00:00+00,Saturday,4,Commuter Rail,147563,36891,532
2025/09/01 04:00:00+00,Saturday,4,Ferry,21185,5296,533
2025/09/01 04:00:00+00,Saturday,4,The RIDE,8538,2134,534
2025/09/01 04:00:00+00,Sunday,5,Blue Line,129083,25817,535
2025/09/01 04:00:00+00,Sunday,5,Orange Line,274779,54956,536
2025/09/01 04:00:00+00,Sunday,5,Red Line,401757,80351,537
2025/09/01 04:00:00+00,Sunday,5,Heavy Rail,805618,161124,538
2025/09/01 04:00:00+00,Sunday,5,Green Line,462369,92474,539
2025/09/01 04:00:00+00,Sunday,5,Mattapan Line,6536,1307,540
2025/09/01 04:00:00+00,Sunday,5,Light Rail,468905,93781,541
2025/09/01 04:00:00+00,Sunday,5,Silver Line,95666,19133,542
2025/09/01 04:00:00+00,Sunday,5,Bus,592355,118471,543
2025/09/01 04:00:00+00,Sunday,5,All Bus,688021,137604,544
2025/09/01 04:00:00+00,Sunday,4,Commuter Rail,131896,32974,545
2025/09/01 04:00:00+00,Sunday,4,Ferry,10783,2696,546
2025/09/01 04:00:00+00,Sunday,4,The RIDE,7310,1828,547
2025/09/01 04:00:00+00,Total,30,Blue Line,1343475,44782,548
2025/09/01 04:00:00+00,Total,30,Orange Line,3526275,117542,549
2025/09/01 04:00:00+00,Total,30,Red Line,4050564,135019,550
2025/06/01 04:00:00+00,Total,30,All Bus,7666026,255534,551
2025/06/01 04:00:00+00,Total,30,Commuter Rail,2424304,80810,552
2025/06/01 04:00:00+00,Total,30,Ferry,201521,6717,553
2025/06/01 04:00:00+00,Total,30,The RIDE,103354,3445,554
2025/05/01 04:00:00+00,Weekday,21,Blue Line,1047734,49892,555
2025/05/01 04:00:00+00,Weekday,21,Orange Line,2496139,118864,556
2025/05/01 04:00:00+00,Weekday,21,Red Line,3082936,146806,557
2025/05/01 04:00:00+00,Weekday,21,Heavy Rail,6626809,315562,558
2025/05/01 04:00:00+00,Weekday,21,Green Line,2820709,134319,559
2025/05/01 04:00:00+00,Weekday,21,Mattapan Line,57093,2719,560
2025/05/01 04:00:00+00,Weekday,21,Light Rail,2877802,137038,561
2025/05/01 04:00:00+00,Weekday,21,Silver Line,672420,32020,562
2025/05/01 04:00:00+00,Weekday,21,Bus,5831329,277682,563
2025/05/01 04:00:00+00,Weekday,21,All Bus,6503749,309702,564
2025/05/01 04:00:00+00,Weekday,21,Commuter Rail,2182010,103905,565
2025/05/01 04:00:00+00,Weekday,21,Ferry,101108,4815,566
2025/05/01 04:00:00+00,Weekday,22,The RIDE,89496,4068,567
2025/05/01 04:00:00+00,Saturday,5,Blue Line,185218,37044,568
2025/05/01 04:00:00+00,Saturday,5,Orange Line,352754,70551,569
2025/05/01 04:00:00+00,Saturday,5,Red Line,486354,97271,570
2025/05/01 04:00:00+00,Saturday,5,Heavy Rail,1024326,204865,571
2025/05/01 04:00:00+00,Saturday,5,Green Line,570250,114050,572
2025/05/01 04:00:00+00,Saturday,5,Mattapan Line,7799,1560,573
2025/05/01 04:00:00+00,Saturday,5,Light Rail,578049,115610,574
2025/05/01 04:00:00+00,Saturday,5,Silver Line,105933,21187,575
2025/05/01 04:00:00+00,Saturday,5,Bus,794167,158833,576
2025/05/01 04:00:00+00,Saturday,5,All Bus,900100,180020,577
2025/05/01 04:00:00+00,Saturday,5,Commuter Rail,171379,34276,578
2025/05/01 04:00:00+00,Saturday,5,Ferry,10502,2100,579
2025/05/01 04:00:00+00,Saturday,5,The RIDE,10415,2083,580
2025/05/01 04:00:00+00,Sunday,5,Blue Line,156433,31287,581
2025/05/01 04:00:00+00,Sunday,5,Orange Line,313620,62724,582
2025/05/01 04:00:00+00,Sunday,5,Red Line,404990,80998,583
2025/05/01 04:00:00+00,Sunday,5,Heavy Rail,875042,175008,584
2025/05/01 04:00:00+00,Sunday,5,Green Line,463475,92695,585
2025/05/01 04:00:00+00,Sunday,5,Mattapan Line,6141,1228,586
2025/05/01 04:00:00+00,Sunday,5,Light Rail,469617,93923,587
2025/05/01 04:00:00+00,Sunday,5,Silver Line,96925,19385,588
2025/05/01 04:00:00+00,Sunday,5,Bus,588487,117697,589
2025/05/01 04:00:00+00,Sunday,5,All Bus,685412,137082,590
2025/05/01 04:00:00+00,Sunday,4,Commuter Rail,136019,34005,591
2025/05/01 04:00:00+00,Sunday,4,Ferry,8133,2033,592
2025/05/01 04:00:00+00,Sunday,4,The RIDE,8092,2023,593
2025/05/01 04:00:00+00,Total,31,Blue Line,1389385,44819,594
2025/05/01 04:00:00+00,Total,31,Orange Line,3162513,102017,595
2025/05/01 04:00:00+00,Total,31,Red Line,3974280,128203,596
2025/05/01 04:00:00+00,Total,31,Heavy Rail,8526178,275038,597
2025/05/01 04:00:00+00,Total,31,Green Line,3854434,124337,598
2025/05/01 04:00:00+00,Total,31,Mattapan Line,71033,2291,599
2025/05/01 04:00:00+00,Total,31,Light Rail,3925468,126628,600
2025/05/01 04:00:00+00,Total,31,Silver Line,875279,28235,601
2025/05/01 04:00:00+00,Total,31,Bus,7213983,232709,602
2025/05/01 04:00:00+00,Total,31,All Bus,8089261,260944,603
2025/05/01 04:00:00+00,Total,31,Commuter Rail,2523747,81411,604
2025/05/01 04:00:00+00,Total,31,Ferry,119743,3863,605
2025/05/01 04:00:00+00,Total,31,The RIDE,108022,3485,606
2025/04/01 04:00:00+00,Weekday,22,Blue Line,1097776,49899,607
2025/04/01 04:00:00+00,Weekday,22,Orange Line,2927914,133087,608
2025/04/01 04:00:00+00,Weekday,22,Red Line,3011303,136877,609
2025/04/01 04:00:00+00,Weekday,22,Heavy Rail,7036993,319863,610
2025/04/01 04:00:00+00,Weekday,22,Green Line,3142464,142839,611
2025/04/01 04:00:00+00,Weekday,22,Mattapan Line,82,4,612
2025/04/01 04:00:00+00,Weekday,22,Light Rail,3142546,142843,613
2025/04/01 04:00:00+00,Weekday,22,Silver Line,669824,30447,614
2025/04/01 04:00:00+00,Weekday,22,Bus,6090801,276855,615
2025/04/01 04:00:00+00,Weekday,22,All Bus,6760626,307301,616
2025/04/01 04:00:00+00,Weekday,21,Commuter Rail,2159152,102817,617
2025/04/01 04:00:00+00,Weekday,21,Ferry,100735,4797,618
2025/04/01 04:00:00+00,Weekday,22,The RIDE,90816,4128,619
2025/04/01 04:00:00+00,Saturday,4,Blue Line,145884,36471,620
2025/04/01 04:00:00+00,Saturday,4,Orange Line,361289,90322,621
2025/04/01 04:00:00+00,Saturday,4,Red Line,392089,98022,622
2025/04/01 04:00:00+00,Saturday,4,Heavy Rail,899262,224816,623
2025/04/01 04:00:00+00,Saturday,4,Green Line,505317,126329,624
2025/04/01 04:00:00+00,Saturday,4,Mattapan Line,6,2,625
2025/04/01 04:00:00+00,Saturday,4,Light Rail,505323,126331,626
2025/04/01 04:00:00+00,Saturday,4,Silver Line,82657,20664,627
2025/04/01 04:00:00+00,Saturday,4,Bus,625605,156401,628
2025/04/01 04:00:00+00,Saturday,4,All Bus,708262,177066,629
2025/04/01 04:00:00+00,Saturday,4,Commuter Rail,142285,35571,630
2025/04/01 04:00:00+00,Saturday,4,Ferry,2766,692,631
2025/04/01 04:00:00+00,Saturday,4,The RIDE,8352,2088,632
2025/04/01 04:00:00+00,Sunday,4,Blue Line,114310,28578,633
2025/04/01 04:00:00+00,Sunday,4,Orange Line,267408,66852,634
2025/04/01 04:00:00+00,Sunday,4,Red Line,284058,71014,635
2025/04/01 04:00:00+00,Sunday,4,Heavy Rail,665776,166444,636
2025/04/01 04:00:00+00,Sunday,4,Green Line,384973,96243,637
2025/04/01 04:00:00+00,Sunday,4,Mattapan Line,1,0,638
2025/04/01 04:00:00+00,Sunday,4,Light Rail,384975,96244,639
2025/04/01 04:00:00+00,Sunday,4,Silver Line,69789,17447,640
2025/04/01 04:00:00+00,Sunday,4,Bus,435702,108926,641
2025/04/01 04:00:00+00,Sunday,4,All Bus,505491,126373,642
2025/04/01 04:00:00+00,Sunday,4,Commuter Rail,127647,31912,643
2025/04/01 04:00:00+00,Sunday,4,Ferry,1932,483,644
2025/04/01 04:00:00+00,Sunday,4,The RIDE,8148,2037,645
2025/04/01 04:00:00+00,Total,30,Blue Line,1357970,45266,646
2025/04/01 04:00:00+00,Total,30,Orange Line,3556612,118554,647
2025/04/01 04:00:00+00,Total,30,Red Line,3687450,122915,648
2025/04/01 04:00:00+00,Total,30,Heavy Rail,8602032,286734,649
2025/04/01 04:00:00+00,Total,30,Green Line,4032754,134425,650
2025/09/01 04:00:00+00,Total,30,Heavy Rail,8920314,297344,651
2025/09/01 04:00:00+00,Total,30,Green Line,3548062,118269,652
2025/09/01 04:00:00+00,Total,30,Mattapan Line,82594,2753,653
2025/09/01 04:00:00+00,Total,30,Light Rail,3630656,121022,654
2025/09/01 04:00:00+00,Total,30,Silver Line,851342,28378,655
2025/09/01 04:00:00+00,Total,30,Bus,7406545,246885,656
2025/09/01 04:00:00+00,Total,30,All Bus,8257887,275263,657
2025/09/01 04:00:00+00,Total,30,Commuter Rail,2433393,81113,658
2025/09/01 04:00:00+00,Total,30,Ferry,160148,5338,659
2025/09/01 04:00:00+00,Total,30,The RIDE,103265,3442,660
2025/08/01 04:00:00+00,Weekday,21,Blue Line,1005595,47885,661
2025/08/01 04:00:00+00,Weekday,21,Orange Line,2662369,126779,662
2025/08/01 04:00:00+00,Weekday,21,Red Line,3021821,143896,663
2025/08/01 04:00:00+00,Weekday,21,Heavy Rail,6689785,318561,664
2025/08/01 04:00:00+00,Weekday,21,Green Line,2573175,122532,665
2025/08/01 04:00:00+00,Weekday,21,Mattapan Line,58250,2774,666
2025/08/01 04:00:00+00,Weekday,21,Light Rail,2631425,125306,667
2025/08/01 04:00:00+00,Weekday,21,Silver Line,662230,31535,668
2025/08/01 04:00:00+00,Weekday,21,Bus,5385739,256464,669
2025/08/01 04:00:00+00,Weekday,21,All Bus,6047969,287999,670
2025/08/01 04:00:00+00,Weekday,21,Commuter Rail,2061687,98176,671
2025/08/01 04:00:00+00,Weekday,21,Ferry,145033,6906,672
2025/08/01 04:00:00+00,Weekday,21,The RIDE,82803,3943,673
2025/08/01 04:00:00+00,Saturday,5,Blue Line,181009,36202,674
2025/08/01 04:00:00+00,Saturday,5,Orange Line,315531,63106,675
2025/08/01 04:00:00+00,Saturday,5,Red Line,499778,99956,676
2025/08/01 04:00:00+00,Saturday,5,Heavy Rail,996317,199263,677
2025/08/01 04:00:00+00,Saturday,5,Green Line,516579,103316,678
2025/08/01 04:00:00+00,Saturday,5,Mattapan Line,8725,1745,679
2025/08/01 04:00:00+00,Saturday,5,Light Rail,525305,105061,680
2025/08/01 04:00:00+00,Saturday,5,Silver Line,117596,23519,681
2025/08/01 04:00:00+00,Saturday,5,Bus,824982,164996,682
2025/08/01 04:00:00+00,Saturday,5,All Bus,942578,188516,683
2025/08/01 04:00:00+00,Saturday,5,Commuter Rail,176342,35268,684
2025/08/01 04:00:00+00,Saturday,5,Ferry,34126,6825,685
2025/08/01 04:00:00+00,Saturday,5,The RIDE,10790,2158,686
2025/08/01 04:00:00+00,Sunday,5,Blue Line,144170,28834,687
2025/08/01 04:00:00+00,Sunday,5,Orange Line,245579,49116,688
2025/08/01 04:00:00+00,Sunday,5,Red Line,399218,79844,689
2025/08/01 04:00:00+00,Sunday,5,Heavy Rail,788967,157793,690
2025/08/01 04:00:00+00,Sunday,5,Green Line,418284,83657,691
2025/08/01 04:00:00+00,Sunday,5,Mattapan Line,6721,1344,692
2025/08/01 04:00:00+00,Sunday,5,Light Rail,425005,85001,693
2025/08/01 04:00:00+00,Sunday,5,Silver Line,106814,21363,694
2025/08/01 04:00:00+00,Sunday,5,Bus,600251,120050,695
2025/08/01 04:00:00+00,Sunday,5,All Bus,707065,141413,696
2025/08/01 04:00:00+00,Sunday,5,Commuter Rail,168189,33638,697
2025/08/01 04:00:00+00,Sunday,5,Ferry,26773,5355,698
2025/08/01 04:00:00+00,Sunday,5,The RIDE,9760,1952,699
2025/08/01 04:00:00+00,Total,31,Blue Line,1330773,42928,700
2025/07/01 04:00:00+00,Total,31,Bus,7040863,227125,701
2025/07/01 04:00:00+00,Total,31,All Bus,7916020,255355,702
2025/06/01 04:00:00+00,Weekday,21,Blue Line,788734,37559,703
2025/06/01 04:00:00+00,Weekday,21,Orange Line,2517710,119891,704
2025/06/01 04:00:00+00,Weekday,21,Red Line,3046098,145052,705
2025/06/01 04:00:00+00,Weekday,21,Heavy Rail,6352542,302502,706
2025/06/01 04:00:00+00,Weekday,21,Green Line,2558483,121833,707
2025/06/01 04:00:00+00,Weekday,21,Mattapan Line,63673,3032,708
2025/06/01 04:00:00+00,Weekday,21,Light Rail,2622156,124865,709
2025/06/01 04:00:00+00,Weekday,21,Silver Line,676598,32219,710
2025/06/01 04:00:00+00,Weekday,21,Bus,5606075,266956,711
2025/06/01 04:00:00+00,Weekday,21,All Bus,6282673,299175,712
2025/06/01 04:00:00+00,Weekday,20,Commuter Rail,2038789,101939,713
2025/06/01 04:00:00+00,Weekday,20,Ferry,156021,7801,714
2025/06/01 04:00:00+00,Weekday,21,The RIDE,84693,4033,715
2025/06/01 04:00:00+00,Saturday,4,Blue Line,86239,21560,716
2025/06/01 04:00:00+00,Saturday,4,Orange Line,268610,67152,717
2025/06/01 04:00:00+00,Saturday,4,Red Line,371596,92899,718
2025/06/01 04:00:00+00,Saturday,4,Heavy Rail,726446,181612,719
2025/06/01 04:00:00+00,Saturday,4,Green Line,387872,96968,720
2025/06/01 04:00:00+00,Saturday,4,Mattapan Line,7055,1764,721
2025/06/01 04:00:00+00,Saturday,4,Light Rail,394927,98732,722
2025/06/01 04:00:00+00,Saturday,4,Silver Line,83647,20912,723
2025/06/01 04:00:00+00,Saturday,4,Bus,619146,154786,724
2025/06/01 04:00:00+00,Saturday,4,All Bus,702794,175698,725
2025/06/01 04:00:00+00,Saturday,4,Commuter Rail,135770,33942,726
2025/06/01 04:00:00+00,Saturday,4,Ferry,17205,4301,727
2025/06/01 04:00:00+00,Saturday,4,The RIDE,8620,2155,728
2025/06/01 04:00:00+00,Sunday,5,Blue Line,99943,19989,729
2025/06/01 04:00:00+00,Sunday,5,Orange Line,244291,48858,730
2025/06/01 04:00:00+00,Sunday,5,Red Line,370849,74170,731
2025/06/01 04:00:00+00,Sunday,5,Heavy Rail,715084,143017,732
2025/06/01 04:00:00+00,Sunday,5,Green Line,384175,76835,733
2025/06/01 04:00:00+00,Sunday,5,Mattapan Line,6979,1396,734
2025/06/01 04:00:00+00,Sunday,5,Light Rail,391154,78231,735
2025/06/01 04:00:00+00,Sunday,5,Silver Line,97924,19585,736
2025/06/01 04:00:00+00,Sunday,5,Bus,582634,116527,737
2025/06/01 04:00:00+00,Sunday,5,All Bus,680558,136112,738
2025/06/01 04:00:00+00,Sunday,5,Commuter Rail,162604,32521,739
2025/06/01 04:00:00+00,Sunday,5,Ferry,22789,4558,740
2025/06/01 04:00:00+00,Sunday,5,The RIDE,10025,2005,741
2025/06/01 04:00:00+00,Total,30,Blue Line,974916,32497,742
2025/06/01 04:00:00+00,Total,30,Orange Line,3030611,101020,743
2025/06/01 04:00:00+00,Total,30,Red Line,3788543,126285,744
2025/06/01 04:00:00+00,Total,30,Heavy Rail,7794071,259802,745
2025/06/01 04:00:00+00,Total,30,Green Line,3330530,111018,746
2025/06/01 04:00:00+00,Total,30,Mattapan Line,77707,2590,747
2025/06/01 04:00:00+00,Total,30,Light Rail,3408237,113608,748
2025/06/01 04:00:00+00,Total,30,Silver Line,858170,28606,749
2025/06/01 04:00:00+00,Total,30,Bus,6807856,226929,750
2025/11/01 04:00:00+00,Total,30,Silver Line,802026,26734,751
2025/11/01 04:00:00+00,Total,30,Bus,6634221,221141,752
2025/11/01 04:00:00+00,Total,30,All Bus,7436246,247875,753
2025/11/01 04:00:00+00,Total,30,Commuter Rail,2558470,85282,754
2025/11/01 04:00:00+00,Total,30,Ferry,78713,2624,755
2025/11/01 04:00:00+00,Total,30,The RIDE,98835,3294,756
2025/10/01 04:00:00+00,Weekday,22,Blue Line,1191542,54161,757
2025/10/01 04:00:00+00,Weekday,22,Orange Line,3316968,150771,758
2025/10/01 04:00:00+00,Weekday,22,Red Line,3608907,164041,759
2025/10/01 04:00:00+00,Weekday,22,Heavy Rail,8117417,368974,760
2025/10/01 04:00:00+00,Weekday,22,Green Line,2953678,134258,761
2025/10/01 04:00:00+00,Weekday,22,Mattapan Line,74610,3391,762
2025/10/01 04:00:00+00,Weekday,22,Light Rail,3028288,137649,763
2025/10/01 04:00:00+00,Weekday,22,Silver Line,713116,32414,764
2025/10/01 04:00:00+00,Weekday,22,Bus,6418790,291763,765
2025/10/01 04:00:00+00,Weekday,22,All Bus,7131906,324178,766
2025/10/01 04:00:00+00,Weekday,22,Commuter Rail,2292936,104224,767
2025/10/01 04:00:00+00,Weekday,22,Ferry,104843,4766,768
2025/10/01 04:00:00+00,Weekday,23,The RIDE,95082,4134,769
2025/10/01 04:00:00+00,Saturday,5,Blue Line,193707,38741,770
2025/10/01 04:00:00+00,Saturday,5,Orange Line,434662,86932,771
2025/10/01 04:00:00+00,Saturday,5,Red Line,583767,116753,772
2025/10/01 04:00:00+00,Saturday,5,Heavy Rail,1212137,242427,773
2025/10/01 04:00:00+00,Saturday,5,Green Line,621314,124263,774
2025/10/01 04:00:00+00,Saturday,5,Mattapan Line,9285,1857,775
2025/10/01 04:00:00+00,Saturday,5,Light Rail,630599,126120,776
2025/10/01 04:00:00+00,Saturday,5,Silver Line,116932,23386,777
2025/10/01 04:00:00+00,Saturday,5,Bus,818675,163735,778
2025/10/01 04:00:00+00,Saturday,5,All Bus,935607,187121,779
2025/10/01 04:00:00+00,Saturday,4,Commuter Rail,179961,44990,780
2025/10/01 04:00:00+00,Saturday,4,Ferry,10586,2646,781
2025/10/01 04:00:00+00,Saturday,4,The RIDE,8493,2123,782
2025/10/01 04:00:00+00,Sunday,4,Blue Line,124498,31124,783
2025/10/01 04:00:00+00,Sunday,4,Orange Line,272663,68166,784
2025/10/01 04:00:00+00,Sunday,4,Red Line,355344,88836,785
2025/10/01 04:00:00+00,Sunday,4,Heavy Rail,752504,188126,786
2025/10/01 04:00:00+00,Sunday,4,Green Line,362168,90542,787
2025/10/01 04:00:00+00,Sunday,4,Mattapan Line,5466,1366,788
2025/10/01 04:00:00+00,Sunday,4,Light Rail,367634,91908,789
2025/10/01 04:00:00+00,Sunday,4,Silver Line,73093,18273,790
2025/10/01 04:00:00+00,Sunday,4,Bus,463646,115912,791
2025/10/01 04:00:00+00,Sunday,4,All Bus,536739,134185,792
2025/10/01 04:00:00+00,Sunday,4,Commuter Rail,150728,37682,793
2025/10/01 04:00:00+00,Sunday,4,Ferry,5783,1446,794
2025/10/01 04:00:00+00,Sunday,4,The RIDE,7603,1901,795
2025/10/01 04:00:00+00,Total,31,Blue Line,1509748,48702,796
2025/10/01 04:00:00+00,Total,31,Orange Line,4024293,129816,797
2025/10/01 04:00:00+00,Total,31,Red Line,4548018,146710,798
2025/10/01 04:00:00+00,Total,31,Heavy Rail,10082059,325228,799
2025/10/01 04:00:00+00,Total,31,Green Line,3937159,127005,800
2025/04/01 04:00:00+00,Total,30,Mattapan Line,89,3,801
2025/04/01 04:00:00+00,Total,30,Light Rail,4032843,134428,802
2025/04/01 04:00:00+00,Total,30,Silver Line,822270,27409,803
2025/04/01 04:00:00+00,Total,30,Bus,7152109,238404,804
2025/04/01 04:00:00+00,Total,30,All Bus,7974379,265813,805
2025/04/01 04:00:00+00,Total,30,Commuter Rail,2522858,84095,806
2025/04/01 04:00:00+00,Total,30,Ferry,109343,3645,807
2025/04/01 04:00:00+00,Total,30,The RIDE,107340,3578,808
2025/03/01 05:00:00+00,Weekday,21,Blue Line,993144,47293,809
2025/03/01 05:00:00+00,Weekday,21,Orange Line,2703361,128731,810
2025/03/01 05:00:00+00,Weekday,21,Red Line,2731891,130090,811
2025/03/01 05:00:00+00,Weekday,21,Heavy Rail,6428396,306114,812
2025/03/01 05:00:00+00,Weekday,21,Green Line,2766287,131728,813
2025/03/01 05:00:00+00,Weekday,21,Mattapan Line,17204,819,814
2025/03/01 05:00:00+00,Weekday,21,Light Rail,2783491,132547,815
2025/03/01 05:00:00+00,Weekday,21,Silver Line,614913,29282,816
2025/03/01 05:00:00+00,Weekday,21,Bus,5753241,273964,817
2025/03/01 05:00:00+00,Weekday,21,All Bus,6368154,303245,818
2025/03/01 05:00:00+00,Weekday,21,Commuter Rail,2105823,100277,819
2025/03/01 05:00:00+00,Weekday,21,Ferry,79464,3784,820
2025/03/01 05:00:00+00,Weekday,21,The RIDE,87276,4156,821
2025/03/01 05:00:00+00,Saturday,5,Blue Line,169584,33917,822
2025/03/01 05:00:00+00,Saturday,5,Orange Line,369813,73963,823
2025/03/01 05:00:00+00,Saturday,5,Red Line,417117,83423,824
2025/03/01 05:00:00+00,Saturday,5,Heavy Rail,956513,191303,825
2025/03/01 05:00:00+00,Saturday,5,Green Line,549241,109848,826
2025/03/01 05:00:00+00,Saturday,5,Mattapan Line,2574,515,827
2025/03/01 05:00:00+00,Saturday,5,Light Rail,551815,110363,828
2025/03/01 05:00:00+00,Saturday,5,Silver Line,99871,19974,829
2025/03/01 05:00:00+00,Saturday,5,Bus,774827,154965,830
2025/03/01 05:00:00+00,Saturday,5,All Bus,874698,174940,831
2025/03/01 05:00:00+00,Saturday,5,Commuter Rail,165056,33011,832
2025/03/01 05:00:00+00,Saturday,5,Ferry,2115,423,833
2025/03/01 05:00:00+00,Saturday,5,The RIDE,10650,2130,834
2025/03/01 05:00:00+00,Sunday,5,Blue Line,128084,25617,835
2025/03/01 05:00:00+00,Sunday,5,Orange Line,276411,55282,836
2025/03/01 05:00:00+00,Sunday,5,Red Line,333688,66738,837
2025/03/01 05:00:00+00,Sunday,5,Heavy Rail,738184,147637,838
2025/03/01 05:00:00+00,Sunday,5,Green Line,405096,81019,839
2025/03/01 05:00:00+00,Sunday,5,Mattapan Line,1806,361,840
2025/03/01 05:00:00+00,Sunday,5,Light Rail,406903,81381,841
2025/03/01 05:00:00+00,Sunday,5,Silver Line,86249,17250,842
2025/03/01 05:00:00+00,Sunday,5,Bus,519969,103994,843
2025/03/01 05:00:00+00,Sunday,5,All Bus,606219,121244,844
2025/03/01 05:00:00+00,Sunday,5,Commuter Rail,159394,31879,845
2025/03/01 05:00:00+00,Sunday,5,Ferry,1546,309,846
2025/03/01 05:00:00+00,Sunday,5,The RIDE,9245,1849,847
2025/03/01 05:00:00+00,Total,31,Blue Line,1290812,41639,848
2025/03/01 05:00:00+00,Total,31,Orange Line,3349585,108051,849
2025/03/01 05:00:00+00,Total,31,Red Line,3482696,112345,850
2024/10/01 04:00:00+00,Sunday,4,Light Rail,389978,97494,851
2024/10/01 04:00:00+00,Sunday,4,Silver Line,78904,19726,852
2024/10/01 04:00:00+00,Sunday,4,Bus,450417,112604,853
2024/10/01 04:00:00+00,Sunday,4,All Bus,529321,132330,854
2024/10/01 04:00:00+00,Sunday,4,Commuter Rail,155985,38996,855
2024/10/01 04:00:00+00,Sunday,4,Ferry,5329,1332,856
2024/10/01 04:00:00+00,Sunday,4,The RIDE,7696,1924,857
2024/10/01 04:00:00+00,Total,31,Blue Line,1564640,50472,858
2024/10/01 04:00:00+00,Total,31,Orange Line,3046881,98286,859
2024/10/01 04:00:00+00,Total,31,Red Line,4016827,129575,860
2024/10/01 04:00:00+00,Total,31,Heavy Rail,8628347,278334,861
2024/10/01 04:00:00+00,Total,31,Green Line,4479408,144497,862
2024/10/01 04:00:00+00,Total,31,Mattapan Line,97088,3132,863
2024/10/01 04:00:00+00,Total,31,Light Rail,4576496,147629,864
2024/10/01 04:00:00+00,Total,31,Silver Line,950838,30672,865
2024/10/01 04:00:00+00,Total,31,Bus,7880863,254221,866
2024/10/01 04:00:00+00,Total,31,All Bus,8831701,284894,867
2024/10/01 04:00:00+00,Total,31,Commuter Rail,2892062,93292,868
2024/10/01 04:00:00+00,Total,31,Ferry,135036,4356,869
2024/10/01 04:00:00+00,Total,31,The RIDE,109565,3534,870
2024/09/01 04:00:00+00,Weekday,20,Blue Line,1112301,55615,871
2024/09/01 04:00:00+00,Weekday,20,Orange Line,2564628,128231,872
2024/09/01 04:00:00+00,Weekday,20,Red Line,2489391,124470,873
2024/09/01 04:00:00+00,Weekday,20,Heavy Rail,6166320,308316,874
2024/09/01 04:00:00+00,Weekday,20,Green Line,3030050,151502,875
2024/09/01 04:00:00+00,Weekday,20,Mattapan Line,106446,5322,876
2024/09/01 04:00:00+00,Weekday,20,Light Rail,3136496,156825,877
2024/09/01 04:00:00+00,Weekday,20,Silver Line,645919,32296,878
2024/09/01 04:00:00+00,Weekday,20,Bus,5987489,299374,879
2024/09/01 04:00:00+00,Weekday,20,All Bus,6633407,331670,880
2024/09/01 04:00:00+00,Weekday,20,Commuter Rail,2268778,113439,881
2024/09/01 04:00:00+00,Weekday,20,Ferry,112138,5607,882
2024/09/01 04:00:00+00,Weekday,20,The RIDE,81564,4078,883
2024/09/01 04:00:00+00,Saturday,4,Blue Line,168683,42171,884
2024/09/01 04:00:00+00,Saturday,4,Orange Line,336034,84008,885
2024/09/01 04:00:00+00,Saturday,4,Red Line,315375,78844,886
2024/09/01 04:00:00+00,Saturday,4,Heavy Rail,820092,205023,887
2024/09/01 04:00:00+00,Saturday,4,Green Line,515757,128939,888
2024/09/01 04:00:00+00,Saturday,4,Mattapan Line,9719,2430,889
2024/09/01 04:00:00+00,Saturday,4,Light Rail,525476,131369,890
2024/09/01 04:00:00+00,Saturday,4,Silver Line,84298,21074,891
2024/09/01 04:00:00+00,Saturday,4,Bus,660252,165063,892
2024/09/01 04:00:00+00,Saturday,4,All Bus,744550,186138,893
2024/09/01 04:00:00+00,Saturday,4,Commuter Rail,155652,38913,894
2024/09/01 04:00:00+00,Saturday,4,Ferry,12107,3027,895
2024/09/01 04:00:00+00,Saturday,4,The RIDE,8096,2024,896
2024/09/01 04:00:00+00,Sunday,6,Blue Line,206749,34458,897
2024/09/01 04:00:00+00,Sunday,6,Orange Line,377916,62986,898
2024/09/01 04:00:00+00,Sunday,6,Red Line,390969,65162,899
2024/09/01 04:00:00+00,Sunday,6,Heavy Rail,975633,162606,900
2025/02/01 05:00:00+00,Total,28,Orange Line,2951196,105400,901
2024/12/01 05:00:00+00,Sunday,5,Commuter Rail,139548,27910,902
2025/02/01 05:00:00+00,Total,28,Red Line,3254041,116216,903
2025/02/01 05:00:00+00,Total,28,Heavy Rail,7356670,262738,904
2025/02/01 05:00:00+00,Total,28,Green Line,3234134,115505,905
2025/02/01 05:00:00+00,Total,28,Mattapan Line,62160,2220,906
2025/02/01 05:00:00+00,Total,28,Light Rail,3296294,117725,907
2025/02/01 05:00:00+00,Total,28,Silver Line,735296,26261,908
2025/02/01 05:00:00+00,Total,28,Bus,6465702,230918,909
2025/02/01 05:00:00+00,Total,28,All Bus,7200997,257178,910
2025/02/01 05:00:00+00,Total,28,Commuter Rail,2119364,75692,911
2025/02/01 05:00:00+00,Total,28,Ferry,64372,2299,912
2025/02/01 05:00:00+00,Total,28,The RIDE,90025,3215,913
2025/01/01 05:00:00+00,Weekday,21,Blue Line,958720,45653,914
2025/01/01 05:00:00+00,Weekday,21,Orange Line,2468309,117539,915
2025/01/01 05:00:00+00,Weekday,21,Red Line,2673631,127316,916
2025/01/01 05:00:00+00,Weekday,21,Heavy Rail,6100660,290508,917
2025/01/01 05:00:00+00,Weekday,21,Green Line,2640514,125739,918
2025/01/01 05:00:00+00,Weekday,21,Mattapan Line,57183,2723,919
2025/01/01 05:00:00+00,Weekday,21,Light Rail,2697697,128462,920
2025/01/01 05:00:00+00,Weekday,21,Silver Line,619145,29483,921
2025/01/01 05:00:00+00,Weekday,21,Bus,5616363,267446,922
2025/01/01 05:00:00+00,Weekday,21,All Bus,6235508,296929,923
2025/01/01 05:00:00+00,Weekday,21,Commuter Rail,2042561,97265,924
2025/01/01 05:00:00+00,Weekday,21,Ferry,70607,3362,925
2025/01/01 05:00:00+00,Weekday,23,The RIDE,84410,3670,926
2025/01/01 05:00:00+00,Saturday,5,Blue Line,152827,30565,927
2025/01/01 05:00:00+00,Saturday,5,Orange Line,323435,64687,928
2025/01/01 05:00:00+00,Saturday,5,Red Line,363612,72722,929
2025/01/01 05:00:00+00,Saturday,5,Heavy Rail,839874,167975,930
2025/01/01 05:00:00+00,Saturday,5,Green Line,465519,93104,931
2025/01/01 05:00:00+00,Saturday,5,Mattapan Line,7016,1403,932
2025/01/01 05:00:00+00,Saturday,5,Light Rail,472535,94507,933
2025/01/01 05:00:00+00,Saturday,5,Silver Line,91941,18388,934
2025/01/01 05:00:00+00,Saturday,5,Bus,713980,142796,935
2025/01/01 05:00:00+00,Saturday,5,All Bus,805921,161184,936
2025/01/01 05:00:00+00,Saturday,4,Commuter Rail,119533,29883,937
2025/01/01 05:00:00+00,Saturday,4,Ferry,828,207,938
2025/01/01 05:00:00+00,Saturday,4,The RIDE,7560,1890,939
2025/01/01 05:00:00+00,Sunday,5,Blue Line,120359,24072,940
2025/01/01 05:00:00+00,Sunday,5,Orange Line,246324,49265,941
2025/01/01 05:00:00+00,Sunday,5,Red Line,281643,56329,942
2025/01/01 05:00:00+00,Sunday,5,Heavy Rail,648326,129665,943
2025/01/01 05:00:00+00,Sunday,5,Green Line,349148,69830,944
2025/01/01 05:00:00+00,Sunday,5,Mattapan Line,4870,974,945
2025/01/01 05:00:00+00,Sunday,5,Light Rail,354018,70804,946
2025/01/01 05:00:00+00,Sunday,5,Silver Line,78843,15769,947
2025/01/01 05:00:00+00,Sunday,5,Bus,501077,100215,948
2025/01/01 05:00:00+00,Sunday,5,All Bus,579920,115984,949
2025/01/01 05:00:00+00,Sunday,4,Commuter Rail,105658,26414,950
2025/01/01 05:00:00+00,Sunday,4,Ferry,706,176,951
2024/12/01 05:00:00+00,Sunday,5,Ferry,970,194,952
2024/12/01 05:00:00+00,Sunday,5,The RIDE,9275,1855,953
2024/12/01 05:00:00+00,Total,31,Blue Line,1236611,39891,954
2025/01/01 05:00:00+00,Sunday,4,The RIDE,6900,1725,955
2024/12/01 05:00:00+00,Total,31,Orange Line,2996121,96649,956
2025/01/01 05:00:00+00,Total,31,Blue Line,1231906,39739,957
2024/12/01 05:00:00+00,Total,31,Red Line,3204562,103373,958
2025/01/01 05:00:00+00,Total,31,Orange Line,3038068,98002,959
2024/12/01 05:00:00+00,Total,31,Heavy Rail,7437293,239913,960
2025/01/01 05:00:00+00,Total,31,Red Line,3318886,107061,961
2025/01/01 05:00:00+00,Total,31,Heavy Rail,7588860,244802,962
2025/01/01 05:00:00+00,Total,31,Green Line,3455182,111457,963
2025/01/01 05:00:00+00,Total,31,Mattapan Line,69068,2228,964
2025/01/01 05:00:00+00,Total,31,Light Rail,3524250,113685,965
2025/01/01 05:00:00+00,Total,31,Silver Line,789928,25482,966
2025/01/01 05:00:00+00,Total,31,Bus,6831421,220368,967
2025/01/01 05:00:00+00,Total,31,All Bus,7621349,245850,968
2025/01/01 05:00:00+00,Total,31,Commuter Rail,2348137,75746,969
2025/01/01 05:00:00+00,Total,31,Ferry,72581,2341,970
2025/01/01 05:00:00+00,Total,31,The RIDE,98879,3190,971
2024/12/01 05:00:00+00,Weekday,21,Blue Line,955372,45494,972
2024/12/01 05:00:00+00,Weekday,21,Orange Line,2373072,113003,973
2024/12/01 05:00:00+00,Weekday,21,Red Line,2544391,121161,974
2024/12/01 05:00:00+00,Weekday,21,Heavy Rail,5872836,279659,975
2024/12/01 05:00:00+00,Weekday,21,Green Line,2440218,116201,976
2024/12/01 05:00:00+00,Weekday,21,Mattapan Line,53968,2570,977
2024/12/01 05:00:00+00,Weekday,21,Light Rail,2494186,118771,978
2024/12/01 05:00:00+00,Weekday,21,Silver Line,611606,29124,979
2024/12/01 05:00:00+00,Weekday,21,Bus,5079238,241868,980
2024/12/01 05:00:00+00,Weekday,21,All Bus,5690844,270993,981
2024/12/01 05:00:00+00,Weekday,21,Commuter Rail,1950999,92905,982
2024/12/01 05:00:00+00,Weekday,21,Ferry,67867,3232,983
2024/12/01 05:00:00+00,Weekday,22,The RIDE,81070,3685,984
2024/12/01 05:00:00+00,Saturday,4,Blue Line,133778,33444,985
2024/12/01 05:00:00+00,Saturday,4,Orange Line,310234,77558,986
2024/12/01 05:00:00+00,Saturday,4,Red Line,321790,80448,987
2024/12/01 05:00:00+00,Saturday,4,Heavy Rail,765803,191451,988
2024/12/01 05:00:00+00,Saturday,4,Green Line,371019,92755,989
2024/12/01 05:00:00+00,Saturday,4,Mattapan Line,4308,1077,990
2024/12/01 05:00:00+00,Saturday,4,Light Rail,375328,93832,991
2024/12/01 05:00:00+00,Saturday,4,Silver Line,86897,21724,992
2024/12/01 05:00:00+00,Saturday,4,Bus,577700,144425,993
2024/12/01 05:00:00+00,Saturday,4,All Bus,664597,166149,994
2024/12/01 05:00:00+00,Saturday,4,Commuter Rail,124283,31071,995
2024/12/01 05:00:00+00,Saturday,4,Ferry,917,229,996
2024/12/01 05:00:00+00,Saturday,4,The RIDE,8036,2009,997
2024/12/01 05:00:00+00,Sunday,6,Blue Line,147460,24577,998
2024/12/01 05:00:00+00,Sunday,6,Orange Line,312814,52136,999
2024/12/01 05:00:00+00,Sunday,6,Red Line,338381,56397,1000
2024/12/01 05:00:00+00,Sunday,6,Heavy Rail,798655,133109,1001
2024/12/01 05:00:00+00,Sunday,6,Green Line,399094,66516,1002
2024/12/01 05:00:00+00,Sunday,6,Mattapan Line,5136,856,1003
2024/12/01 05:00:00+00,Sunday,6,Light Rail,404230,67372,1004
2024/12/01 05:00:00+00,Sunday,6,Silver Line,127021,21170,1005
2024/12/01 05:00:00+00,Sunday,6,Bus,721825,120304,1006
2024/12/01 05:00:00+00,Sunday,6,All Bus,848846,141474,1007
2024/12/01 05:00:00+00,Total,31,Green Line,3210331,103559,1008
2024/12/01 05:00:00+00,Total,31,Mattapan Line,63412,2046,1009
2024/12/01 05:00:00+00,Total,31,Light Rail,3273743,105605,1010
2024/12/01 05:00:00+00,Total,31,Silver Line,825524,26630,1011
2024/12/01 05:00:00+00,Total,31,Bus,6378763,205767,1012
2024/12/01 05:00:00+00,Total,31,All Bus,7204287,232396,1013
2024/12/01 05:00:00+00,Total,31,Commuter Rail,2235957,72128,1014
2024/12/01 05:00:00+00,Total,31,Ferry,69754,2250,1015
2024/12/01 05:00:00+00,Total,31,The RIDE,98387,3174,1016
2024/11/01 04:00:00+00,Weekday,20,Blue Line,1026832,51342,1017
2024/11/01 04:00:00+00,Weekday,20,Orange Line,2237525,111876,1018
2024/11/01 04:00:00+00,Weekday,20,Red Line,2126691,106335,1019
2024/11/01 04:00:00+00,Weekday,20,Heavy Rail,5391048,269552,1020
2024/11/01 04:00:00+00,Weekday,20,Green Line,2781810,139090,1021
2024/11/01 04:00:00+00,Weekday,20,Mattapan Line,57052,2853,1022
2024/11/01 04:00:00+00,Weekday,20,Light Rail,2838862,141943,1023
2024/11/01 04:00:00+00,Weekday,20,Silver Line,601656,30083,1024
2024/11/01 04:00:00+00,Weekday,20,Bus,5569521,278476,1025
2024/11/01 04:00:00+00,Weekday,20,All Bus,6171177,308559,1026
2024/11/01 04:00:00+00,Weekday,19,Commuter Rail,1962778,103304,1027
2024/11/01 04:00:00+00,Weekday,19,Ferry,82699,4353,1028
2024/11/01 04:00:00+00,Weekday,21,The RIDE,82572,3932,1029
2024/11/01 04:00:00+00,Saturday,5,Blue Line,191452,38290,1030
2024/11/01 04:00:00+00,Saturday,5,Orange Line,394355,78871,1031
2024/11/01 04:00:00+00,Saturday,5,Red Line,377059,75412,1032
2024/11/01 04:00:00+00,Saturday,5,Heavy Rail,962866,192573,1033
2024/11/01 04:00:00+00,Saturday,5,Green Line,556280,111256,1034
2024/11/01 04:00:00+00,Saturday,5,Mattapan Line,5978,1196,1035
2024/11/01 04:00:00+00,Saturday,5,Light Rail,562258,112452,1036
2024/11/01 04:00:00+00,Saturday,5,Silver Line,104832,20966,1037
2024/11/01 04:00:00+00,Saturday,5,Bus,786295,157259,1038
2024/11/01 04:00:00+00,Saturday,5,All Bus,891128,178226,1039
2024/11/01 04:00:00+00,Saturday,5,Commuter Rail,195480,39096,1040
2024/11/01 04:00:00+00,Saturday,5,Ferry,3050,610,1041
2024/11/01 04:00:00+00,Saturday,5,The RIDE,10175,2035,1042
2024/11/01 04:00:00+00,Sunday,5,Blue Line,138343,27669,1043
2024/11/01 04:00:00+00,Sunday,5,Orange Line,270685,54137,1044
2024/11/01 04:00:00+00,Sunday,5,Red Line,258194,51639,1045
2024/11/01 04:00:00+00,Sunday,5,Heavy Rail,667222,133444,1046
2024/11/01 04:00:00+00,Sunday,5,Green Line,394474,78895,1047
2024/11/01 04:00:00+00,Sunday,5,Mattapan Line,3751,750,1048
2024/11/01 04:00:00+00,Sunday,5,Light Rail,398225,79645,1049
2024/11/01 04:00:00+00,Sunday,5,Silver Line,81224,16245,1050
2024/11/01 04:00:00+00,Sunday,5,Bus,503833,100767,1051
2024/11/01 04:00:00+00,Sunday,5,All Bus,585057,117011,1052
2024/11/01 04:00:00+00,Sunday,4,Commuter Rail,102994,25748,1053
2024/11/01 04:00:00+00,Sunday,4,Ferry,2494,624,1054
2024/11/01 04:00:00+00,Sunday,4,The RIDE,7884,1971,1055
2024/11/01 04:00:00+00,Total,30,Blue Line,1356627,45221,1056
2024/11/01 04:00:00+00,Total,30,Orange Line,2902565,96752,1057
2024/11/01 04:00:00+00,Total,30,Red Line,2761944,92065,1058
2024/11/01 04:00:00+00,Total,30,Heavy Rail,7021136,234038,1059
2024/11/01 04:00:00+00,Total,30,Green Line,3732565,124419,1060
2024/11/01 04:00:00+00,Total,30,Mattapan Line,66780,2226,1061
2024/11/01 04:00:00+00,Total,30,Light Rail,3799345,126645,1062
2024/11/01 04:00:00+00,Total,30,Silver Line,787712,26257,1063
2024/11/01 04:00:00+00,Total,30,Bus,6859650,228655,1064
2024/11/01 04:00:00+00,Total,30,All Bus,7647362,254912,1065
2024/11/01 04:00:00+00,Total,30,Commuter Rail,2370524,79017,1066
2024/11/01 04:00:00+00,Total,30,Ferry,91942,3065,1067
2024/11/01 04:00:00+00,Total,30,The RIDE,100652,3355,1068
2024/10/01 04:00:00+00,Weekday,22,Blue Line,1226420,55746,1069
2024/10/01 04:00:00+00,Weekday,22,Orange Line,2542369,115562,1070
2024/10/01 04:00:00+00,Weekday,22,Red Line,3217799,146264,1071
2024/10/01 04:00:00+00,Weekday,22,Heavy Rail,6986589,317572,1072
2024/10/01 04:00:00+00,Weekday,22,Green Line,3457518,157160,1073
2024/10/01 04:00:00+00,Weekday,22,Mattapan Line,81929,3724,1074
2024/10/01 04:00:00+00,Weekday,22,Light Rail,3539447,160884,1075
2024/10/01 04:00:00+00,Weekday,22,Silver Line,751867,34176,1076
2024/10/01 04:00:00+00,Weekday,22,Bus,6588892,299495,1077
2024/10/01 04:00:00+00,Weekday,22,All Bus,7340758,333671,1078
2024/10/01 04:00:00+00,Weekday,23,Commuter Rail,2531640,110071,1079
2024/10/01 04:00:00+00,Weekday,23,Ferry,119940,5215,1080
2024/10/01 04:00:00+00,Weekday,23,The RIDE,93196,4052,1081
2024/10/01 04:00:00+00,Saturday,5,Blue Line,208645,41729,1082
2024/10/01 04:00:00+00,Saturday,5,Orange Line,314828,62966,1083
2024/10/01 04:00:00+00,Saturday,5,Red Line,494260,98852,1084
2024/10/01 04:00:00+00,Saturday,5,Heavy Rail,1017733,203547,1085
2024/10/01 04:00:00+00,Saturday,5,Green Line,637198,127440,1086
2024/10/01 04:00:00+00,Saturday,5,Mattapan Line,9873,1975,1087
2024/10/01 04:00:00+00,Saturday,5,Light Rail,647071,129414,1088
2024/10/01 04:00:00+00,Saturday,5,Silver Line,120068,24014,1089
2024/10/01 04:00:00+00,Saturday,5,Bus,841554,168311,1090
2024/10/01 04:00:00+00,Saturday,5,All Bus,961622,192324,1091
2024/10/01 04:00:00+00,Saturday,4,Commuter Rail,204437,51109,1092
2024/10/01 04:00:00+00,Saturday,4,Ferry,9767,2442,1093
2024/10/01 04:00:00+00,Saturday,4,The RIDE,8668,2167,1094
2024/10/01 04:00:00+00,Sunday,4,Blue Line,129574,32394,1095
2024/10/01 04:00:00+00,Sunday,4,Orange Line,189684,47421,1096
2024/10/01 04:00:00+00,Sunday,4,Red Line,304768,76192,1097
2024/10/01 04:00:00+00,Sunday,4,Heavy Rail,624025,156006,1098
2024/10/01 04:00:00+00,Sunday,4,Green Line,384692,96173,1099
2024/10/01 04:00:00+00,Sunday,4,Mattapan Line,5287,1322,1100
2024/09/01 04:00:00+00,Sunday,6,Green Line,598688,99781,1101
2024/09/01 04:00:00+00,Sunday,6,Mattapan Line,11784,1964,1102
2024/09/01 04:00:00+00,Sunday,6,Light Rail,610472,101745,1103
2024/09/01 04:00:00+00,Sunday,6,Silver Line,109804,18301,1104
2024/09/01 04:00:00+00,Sunday,6,Bus,705775,117629,1105
2024/09/01 04:00:00+00,Sunday,6,All Bus,815579,135930,1106
2024/09/01 04:00:00+00,Sunday,5,Commuter Rail,152865,30573,1107
2024/09/01 04:00:00+00,Sunday,5,Ferry,13972,2794,1108
2024/09/01 04:00:00+00,Sunday,5,The RIDE,9000,1800,1109
2024/09/01 04:00:00+00,Total,30,Blue Line,1487733,49591,1110
2024/09/01 04:00:00+00,Total,30,Orange Line,3278577,109286,1111
2024/09/01 04:00:00+00,Total,30,Red Line,3195735,106524,1112
2024/09/01 04:00:00+00,Total,30,Heavy Rail,7962046,265402,1113
2024/09/01 04:00:00+00,Total,30,Green Line,4144495,138150,1114
2024/09/01 04:00:00+00,Total,30,Mattapan Line,127949,4265,1115
2024/09/01 04:00:00+00,Total,30,Light Rail,4272444,142415,1116
2024/09/01 04:00:00+00,Total,30,Silver Line,840020,28001,1117
2024/09/01 04:00:00+00,Total,30,Bus,7353516,245117,1118
2024/09/01 04:00:00+00,Total,30,All Bus,8193536,273118,1119
2024/09/01 04:00:00+00,Total,30,Commuter Rail,2608271,86942,1120
2024/09/01 04:00:00+00,Total,30,Ferry,142024,4734,1121
2024/09/01 04:00:00+00,Total,30,The RIDE,98681,3289,1122
2024/08/01 04:00:00+00,Weekday,22,Blue Line,1032197,46918,1123
2024/08/01 04:00:00+00,Weekday,22,Orange Line,2348847,106766,1124
2024/08/01 04:00:00+00,Weekday,22,Red Line,2375187,107963,1125
2024/08/01 04:00:00+00,Weekday,22,Heavy Rail,5756231,261647,1126
2024/08/01 04:00:00+00,Weekday,22,Green Line,2731873,124176,1127
2024/08/01 04:00:00+00,Weekday,22,Mattapan Line,59255,2693,1128
2024/08/01 04:00:00+00,Weekday,22,Light Rail,2791129,126870,1129
2024/08/01 04:00:00+00,Weekday,22,Silver Line,614243,27920,1130
2024/08/01 04:00:00+00,Weekday,22,Bus,5216032,237092,1131
2024/08/01 04:00:00+00,Weekday,22,All Bus,5830275,265012,1132
2024/08/01 04:00:00+00,Weekday,22,Commuter Rail,2314957,105225,1133
2024/08/01 04:00:00+00,Weekday,22,Ferry,140866,6403,1134
2024/08/01 04:00:00+00,Weekday,22,The RIDE,80894,3677,1135
2024/08/01 04:00:00+00,Saturday,5,Blue Line,171977,34395,1136
2024/08/01 04:00:00+00,Saturday,5,Orange Line,279019,55804,1137
2024/08/01 04:00:00+00,Saturday,5,Red Line,368765,73753,1138
2024/08/01 04:00:00+00,Saturday,5,Heavy Rail,819761,163952,1139
2024/08/01 04:00:00+00,Saturday,5,Green Line,494306,98861,1140
2024/08/01 04:00:00+00,Saturday,5,Mattapan Line,7747,1549,1141
2024/08/01 04:00:00+00,Saturday,5,Light Rail,502054,100411,1142
2024/08/01 04:00:00+00,Saturday,5,Silver Line,180365,36073,1143
2024/08/01 04:00:00+00,Saturday,5,Bus,1357520,271504,1144
2024/08/01 04:00:00+00,Saturday,5,All Bus,1537885,307577,1145
2024/08/01 04:00:00+00,Saturday,5,Commuter Rail,205581,41116,1146
2024/08/01 04:00:00+00,Saturday,5,Ferry,28018,5604,1147
2024/08/01 04:00:00+00,Saturday,5,The RIDE,9640,1928,1148
2024/08/01 04:00:00+00,Sunday,4,Blue Line,103552,25888,1149
2024/08/01 04:00:00+00,Sunday,4,Orange Line,154926,38732,1150
2025/03/01 05:00:00+00,Total,31,Heavy Rail,8123093,262035,1151
2025/03/01 05:00:00+00,Total,31,Green Line,3720625,120020,1152
2025/03/01 05:00:00+00,Total,31,Mattapan Line,21584,696,1153
2025/03/01 05:00:00+00,Total,31,Light Rail,3742208,120716,1154
2025/03/01 05:00:00+00,Total,31,Silver Line,801033,25840,1155
2025/03/01 05:00:00+00,Total,31,Bus,7048038,227356,1156
2025/03/01 05:00:00+00,Total,31,All Bus,7849071,253196,1157
2025/03/01 05:00:00+00,Total,31,Commuter Rail,2430273,78396,1158
2025/03/01 05:00:00+00,Total,31,Ferry,83125,2681,1159
2025/03/01 05:00:00+00,Total,31,The RIDE,107192,3458,1160
2025/02/01 05:00:00+00,Weekday,19,Blue Line,902833,47518,1161
2025/02/01 05:00:00+00,Weekday,19,Orange Line,2394125,126007,1162
2025/02/01 05:00:00+00,Weekday,19,Red Line,2625044,138160,1163
2025/02/01 05:00:00+00,Weekday,19,Heavy Rail,5922001,311684,1164
2025/02/01 05:00:00+00,Weekday,19,Green Line,2525849,132939,1165
2025/02/01 05:00:00+00,Weekday,19,Mattapan Line,51196,2695,1166
2025/02/01 05:00:00+00,Weekday,19,Light Rail,2577045,135634,1167
2025/02/01 05:00:00+00,Weekday,19,Silver Line,576016,30317,1168
2025/02/01 05:00:00+00,Weekday,19,Bus,5285894,278205,1169
2025/02/01 05:00:00+00,Weekday,19,All Bus,5861910,308522,1170
2025/02/01 05:00:00+00,Weekday,19,Commuter Rail,1861409,97969,1171
2025/02/01 05:00:00+00,Weekday,19,Ferry,62403,3284,1172
2025/02/01 05:00:00+00,Weekday,20,The RIDE,77200,3860,1173
2025/02/01 05:00:00+00,Saturday,5,Blue Line,159563,31913,1174
2025/02/01 05:00:00+00,Saturday,5,Orange Line,360341,72068,1175
2025/02/01 05:00:00+00,Saturday,5,Red Line,403671,80734,1176
2025/02/01 05:00:00+00,Saturday,5,Heavy Rail,923576,184715,1177
2025/02/01 05:00:00+00,Saturday,5,Green Line,463136,92627,1178
2025/02/01 05:00:00+00,Saturday,5,Mattapan Line,7261,1452,1179
2025/02/01 05:00:00+00,Saturday,5,Light Rail,470397,94079,1180
2025/02/01 05:00:00+00,Saturday,5,Silver Line,95056,19011,1181
2025/02/01 05:00:00+00,Saturday,5,Bus,772617,154523,1182
2025/02/01 05:00:00+00,Saturday,5,All Bus,867673,173535,1183
2025/02/01 05:00:00+00,Saturday,4,Commuter Rail,125712,31428,1184
2025/02/01 05:00:00+00,Saturday,4,Ferry,811,203,1185
2025/02/01 05:00:00+00,Saturday,4,The RIDE,7768,1942,1186
2025/02/01 05:00:00+00,Sunday,4,Blue Line,89038,22260,1187
2025/02/01 05:00:00+00,Sunday,4,Orange Line,196729,49182,1188
2025/02/01 05:00:00+00,Sunday,4,Red Line,225325,56331,1189
2025/02/01 05:00:00+00,Sunday,4,Heavy Rail,511093,127773,1190
2025/02/01 05:00:00+00,Sunday,4,Green Line,245149,61287,1191
2025/02/01 05:00:00+00,Sunday,4,Mattapan Line,3703,926,1192
2025/02/01 05:00:00+00,Sunday,4,Light Rail,248852,62213,1193
2025/02/01 05:00:00+00,Sunday,4,Silver Line,64224,16056,1194
2025/02/01 05:00:00+00,Sunday,4,Bus,407191,101798,1195
2025/02/01 05:00:00+00,Sunday,4,All Bus,471415,117854,1196
2025/02/01 05:00:00+00,Sunday,4,Commuter Rail,101325,25331,1197
2025/02/01 05:00:00+00,Sunday,4,Ferry,442,110,1198
2025/02/01 05:00:00+00,Sunday,4,The RIDE,5044,1261,1199
2025/02/01 05:00:00+00,Total,28,Blue Line,1151434,41123,1200
2024/02/01 05:00:00+00,Saturday,4,Silver Line,72248,18062,1201
2024/02/01 05:00:00+00,Saturday,4,Bus,614366,153592,1202
2024/02/01 05:00:00+00,Saturday,4,All Bus,686614,171654,1203
2024/02/01 05:00:00+00,Saturday,4,Commuter Rail,151559,37890,1204
2024/02/01 05:00:00+00,Saturday,4,The RIDE,7264,1816,1205
2024/02/01 05:00:00+00,Sunday,4,Blue Line,98698,24674,1206
2024/02/01 05:00:00+00,Sunday,4,Orange Line,177344,44336,1207
2024/02/01 05:00:00+00,Sunday,4,Red Line,186700,46675,1208
2024/02/01 05:00:00+00,Sunday,4,Heavy Rail,461693,115423,1209
2024/02/01 05:00:00+00,Sunday,4,Green Line,183340,45835,1210
2024/02/01 05:00:00+00,Sunday,4,Mattapan Line,4078,1020,1211
2024/02/01 05:00:00+00,Sunday,4,Light Rail,179504,44876,1212
2024/02/01 05:00:00+00,Sunday,4,Silver Line,63711,15928,1213
2024/02/01 05:00:00+00,Sunday,4,Bus,414658,103664,1214
2024/02/01 05:00:00+00,Sunday,4,All Bus,478369,119592,1215
2024/02/01 05:00:00+00,Sunday,4,Commuter Rail,117915,29479,1216
2024/02/01 05:00:00+00,Sunday,4,The RIDE,6292,1573,1217
2024/02/01 05:00:00+00,Total,29,Blue Line,1127169,38868,1218
2024/02/01 05:00:00+00,Total,29,Orange Line,2498734,86163,1219
2024/02/01 05:00:00+00,Total,29,Red Line,2610722,90025,1220
2024/02/01 05:00:00+00,Total,29,Heavy Rail,6236625,215056,1221
2024/02/01 05:00:00+00,Total,29,Green Line,1883810,64959,1222
2024/02/01 05:00:00+00,Total,29,Mattapan Line,67889,2341,1223
2024/02/01 05:00:00+00,Total,29,Light Rail,1951699,67300,1224
2024/02/01 05:00:00+00,Total,29,Silver Line,725807,25028,1225
2024/02/01 05:00:00+00,Total,29,Bus,6504772,224302,1226
2024/02/01 05:00:00+00,Total,29,All Bus,7230579,249330,1227
2024/02/01 05:00:00+00,Total,29,Commuter Rail,2291395,79014,1228
2024/02/01 05:00:00+00,Total,29,Ferry,66611,2297,1229
2024/02/01 05:00:00+00,Total,29,The RIDE,88625,3056,1230
2024/01/01 05:00:00+00,Weekday,21,Blue Line,892386,42495,1231
2024/01/01 05:00:00+00,Weekday,21,Orange Line,2265993,107904,1232
2024/01/01 05:00:00+00,Weekday,21,Red Line,2307481,109880,1233
2024/01/01 05:00:00+00,Weekday,21,Heavy Rail,5397771,257037,1234
2024/01/01 05:00:00+00,Weekday,21,Green Line,847664,40365,1235
2024/01/01 05:00:00+00,Weekday,21,Mattapan Line,60227,2868,1236
2024/01/01 05:00:00+00,Weekday,21,Light Rail,823400,39210,1237
2024/01/01 05:00:00+00,Weekday,21,Silver Line,557230,26535,1238
2024/01/01 05:00:00+00,Weekday,21,Bus,5304374,252589,1239
2024/01/01 05:00:00+00,Weekday,21,All Bus,5861604,279124,1240
2024/01/01 05:00:00+00,Weekday,21,Commuter Rail,2050154,97626,1241
2024/01/01 05:00:00+00,Weekday,21,Ferry,69553,3312,1242
2024/01/01 05:00:00+00,Weekday,21,The RIDE,78430,3735,1243
2024/01/01 05:00:00+00,Saturday,4,Blue Line,114508,28627,1244
2024/01/01 05:00:00+00,Saturday,4,Orange Line,269240,67310,1245
2024/01/01 05:00:00+00,Saturday,4,Red Line,249419,62355,1246
2024/01/01 05:00:00+00,Saturday,4,Heavy Rail,630092,157523,1247
2024/01/01 05:00:00+00,Saturday,4,Green Line,88010,22002,1248
2024/01/01 05:00:00+00,Saturday,4,Mattapan Line,5573,1393,1249
2024/01/01 05:00:00+00,Saturday,4,Light Rail,85032,21258,1250
2024/06/01 04:00:00+00,Saturday,5,Ferry,21797,4359,1251
2024/06/01 04:00:00+00,Saturday,5,The RIDE,9760,1952,1252
2024/06/01 04:00:00+00,Sunday,5,Blue Line,153409,30682,1253
2024/06/01 04:00:00+00,Sunday,5,Orange Line,191722,38344,1254
2024/06/01 04:00:00+00,Sunday,5,Red Line,264857,52971,1255
2024/06/01 04:00:00+00,Sunday,5,Heavy Rail,609988,121998,1256
2024/06/01 04:00:00+00,Sunday,5,Green Line,299215,59843,1257
2024/06/01 04:00:00+00,Sunday,5,Mattapan Line,5600,1120,1258
2024/06/01 04:00:00+00,Sunday,5,Light Rail,304815,60963,1259
2024/06/01 04:00:00+00,Sunday,5,Silver Line,92176,18435,1260
2024/06/01 04:00:00+00,Sunday,5,Bus,557560,111512,1261
2024/06/01 04:00:00+00,Sunday,5,All Bus,649737,129947,1262
2024/06/01 04:00:00+00,Sunday,5,Commuter Rail,145348,29070,1263
2024/06/01 04:00:00+00,Sunday,5,Ferry,14574,2915,1264
2024/06/01 04:00:00+00,Sunday,5,The RIDE,8525,1705,1265
2024/06/01 04:00:00+00,Total,30,Blue Line,1344839,44828,1266
2024/06/01 04:00:00+00,Total,30,Orange Line,2191606,73054,1267
2024/06/01 04:00:00+00,Total,30,Red Line,3117752,103925,1268
2024/06/01 04:00:00+00,Total,30,Heavy Rail,6654197,221807,1269
2024/06/01 04:00:00+00,Total,30,Green Line,2582965,86099,1270
2024/06/01 04:00:00+00,Total,30,Mattapan Line,79700,2657,1271
2024/06/01 04:00:00+00,Total,30,Light Rail,2662665,88756,1272
2024/06/01 04:00:00+00,Total,30,Silver Line,854396,28480,1273
2024/06/01 04:00:00+00,Total,30,Bus,6754687,225156,1274
2024/06/01 04:00:00+00,Total,30,All Bus,7609083,253636,1275
2024/06/01 04:00:00+00,Total,30,Commuter Rail,2573753,85792,1276
2024/06/01 04:00:00+00,Total,30,Ferry,160933,5364,1277
2024/06/01 04:00:00+00,Total,30,The RIDE,93384,3113,1278
2024/05/01 04:00:00+00,Weekday,22,Blue Line,1072946,48770,1279
2024/05/01 04:00:00+00,Weekday,22,Orange Line,2156313,98014,1280
2024/05/01 04:00:00+00,Weekday,22,Red Line,2544884,115677,1281
2024/05/01 04:00:00+00,Weekday,22,Heavy Rail,5774143,262461,1282
2024/05/01 04:00:00+00,Weekday,22,Green Line,1994557,90662,1283
2024/05/01 04:00:00+00,Weekday,22,Mattapan Line,67393,3063,1284
2024/05/01 04:00:00+00,Weekday,22,Light Rail,2061950,93725,1285
2024/05/01 04:00:00+00,Weekday,22,Silver Line,707628,32165,1286
2024/05/01 04:00:00+00,Weekday,22,Bus,6210738,282306,1287
2024/05/01 04:00:00+00,Weekday,22,All Bus,6918366,314471,1288
2024/05/01 04:00:00+00,Weekday,22,Commuter Rail,2405463,109339,1289
2024/05/01 04:00:00+00,Weekday,22,Ferry,110043,5002,1290
2024/05/01 04:00:00+00,Weekday,22,The RIDE,86894,3950,1291
2024/05/01 04:00:00+00,Saturday,4,Blue Line,151993,37998,1292
2024/05/01 04:00:00+00,Saturday,4,Orange Line,258169,64542,1293
2024/05/01 04:00:00+00,Saturday,4,Red Line,281547,70387,1294
2024/05/01 04:00:00+00,Saturday,4,Heavy Rail,691708,172927,1295
2024/05/01 04:00:00+00,Saturday,4,Green Line,310605,77651,1296
2024/05/01 04:00:00+00,Saturday,4,Mattapan Line,5745,1436,1297
2024/05/01 04:00:00+00,Saturday,4,Light Rail,316350,79088,1298
2024/05/01 04:00:00+00,Saturday,4,Silver Line,82152,20538,1299
2024/05/01 04:00:00+00,Saturday,4,Bus,648126,162032,1300
2024/04/01 04:00:00+00,Saturday,4,Silver Line,84896,21224,1301
2024/04/01 04:00:00+00,Saturday,4,Bus,635244,158811,1302
2024/04/01 04:00:00+00,Saturday,4,All Bus,720140,180035,1303
2024/04/01 04:00:00+00,Saturday,4,Commuter Rail,115486,28872,1304
2024/04/01 04:00:00+00,Saturday,4,The RIDE,7660,1915,1305
2024/04/01 04:00:00+00,Sunday,4,Blue Line,88285,22071,1306
2024/04/01 04:00:00+00,Sunday,4,Orange Line,200639,50160,1307
2024/04/01 04:00:00+00,Sunday,4,Red Line,251970,62992,1308
2024/04/01 04:00:00+00,Sunday,4,Heavy Rail,540895,135224,1309
2024/04/01 04:00:00+00,Sunday,4,Green Line,271123,67781,1310
2024/04/01 04:00:00+00,Sunday,4,Mattapan Line,3382,846,1311
2024/04/01 04:00:00+00,Sunday,4,Light Rail,274505,68626,1312
2024/04/01 04:00:00+00,Sunday,4,Silver Line,72026,18006,1313
2024/04/01 04:00:00+00,Sunday,4,Bus,443476,110869,1314
2024/04/01 04:00:00+00,Sunday,4,All Bus,515502,128876,1315
2024/04/01 04:00:00+00,Sunday,4,Commuter Rail,113558,28390,1316
2024/04/01 04:00:00+00,Sunday,4,The RIDE,6876,1719,1317
2024/04/01 04:00:00+00,Total,30,Blue Line,1021698,34057,1318
2024/04/01 04:00:00+00,Total,30,Orange Line,2845851,94862,1319
2024/04/01 04:00:00+00,Total,30,Red Line,3343380,111446,1320
2024/04/01 04:00:00+00,Total,30,Heavy Rail,7210929,240364,1321
2024/04/01 04:00:00+00,Total,30,Green Line,2660864,88695,1322
2024/04/01 04:00:00+00,Total,30,Mattapan Line,76549,2552,1323
2024/04/01 04:00:00+00,Total,30,Light Rail,2737413,91247,1324
2024/04/01 04:00:00+00,Total,30,Silver Line,835010,27834,1325
2024/04/01 04:00:00+00,Total,30,Bus,6981285,232710,1326
2024/04/01 04:00:00+00,Total,30,All Bus,7816296,260543,1327
2024/04/01 04:00:00+00,Total,30,Commuter Rail,2541466,84716,1328
2024/04/01 04:00:00+00,Total,30,Ferry,93989,3133,1329
2024/04/01 04:00:00+00,Total,30,The RIDE,97699,3257,1330
2024/03/01 05:00:00+00,Weekday,21,Blue Line,958314,45634,1331
2024/03/01 05:00:00+00,Weekday,21,Orange Line,2026736,96511,1332
2024/03/01 05:00:00+00,Weekday,21,Red Line,2499645,119031,1333
2024/03/01 05:00:00+00,Weekday,21,Heavy Rail,5484695,261176,1334
2024/03/01 05:00:00+00,Weekday,21,Green Line,1657764,78941,1335
2024/03/01 05:00:00+00,Weekday,21,Mattapan Line,66824,3182,1336
2024/03/01 05:00:00+00,Weekday,21,Light Rail,1724588,82123,1337
2024/03/01 05:00:00+00,Weekday,21,Silver Line,658405,31353,1338
2024/03/01 05:00:00+00,Weekday,21,Bus,5798089,276099,1339
2024/03/01 05:00:00+00,Weekday,21,All Bus,6456494,307452,1340
2024/03/01 05:00:00+00,Weekday,21,Commuter Rail,2179134,103768,1341
2024/03/01 05:00:00+00,Weekday,21,Ferry,70838,3373,1342
2024/03/01 05:00:00+00,Weekday,21,The RIDE,82089,3909,1343
2024/03/01 05:00:00+00,Saturday,5,Blue Line,165360,33072,1344
2024/03/01 05:00:00+00,Saturday,5,Orange Line,306697,61339,1345
2024/03/01 05:00:00+00,Saturday,5,Red Line,310278,62056,1346
2024/03/01 05:00:00+00,Saturday,5,Heavy Rail,782335,156467,1347
2024/03/01 05:00:00+00,Saturday,5,Green Line,306701,61340,1348
2024/03/01 05:00:00+00,Saturday,5,Mattapan Line,4615,923,1349
2024/03/01 05:00:00+00,Saturday,5,Light Rail,311315,62263,1350
2024/05/01 04:00:00+00,Saturday,4,All Bus,730278,182570,1351
2024/08/01 04:00:00+00,Sunday,4,Red Line,221920,55480,1352
2024/08/01 04:00:00+00,Sunday,4,Heavy Rail,480398,120100,1353
2024/08/01 04:00:00+00,Sunday,4,Green Line,313165,78291,1354
2024/08/01 04:00:00+00,Sunday,4,Mattapan Line,4421,1105,1355
2024/08/01 04:00:00+00,Sunday,4,Light Rail,317586,79396,1356
2024/08/01 04:00:00+00,Sunday,4,Silver Line,75657,18914,1357
2024/08/01 04:00:00+00,Sunday,4,Bus,454910,113728,1358
2024/08/01 04:00:00+00,Sunday,4,All Bus,530567,132642,1359
2024/08/01 04:00:00+00,Sunday,4,Commuter Rail,113568,28392,1360
2024/08/01 04:00:00+00,Sunday,4,Ferry,16354,4088,1361
2024/08/01 04:00:00+00,Sunday,4,The RIDE,6908,1727,1362
2024/08/01 04:00:00+00,Total,31,Blue Line,1307726,42185,1363
2024/08/01 04:00:00+00,Total,31,Orange Line,2782792,89767,1364
2024/08/01 04:00:00+00,Total,31,Red Line,2965871,95673,1365
2024/08/01 04:00:00+00,Total,31,Heavy Rail,7056390,227625,1366
2024/08/01 04:00:00+00,Total,31,Green Line,3539345,114172,1367
2024/08/01 04:00:00+00,Total,31,Mattapan Line,71424,2304,1368
2024/08/01 04:00:00+00,Total,31,Light Rail,3610769,116476,1369
2024/08/01 04:00:00+00,Total,31,Silver Line,870265,28073,1370
2024/08/01 04:00:00+00,Total,31,Bus,7028462,226725,1371
2024/08/01 04:00:00+00,Total,31,All Bus,7898727,254798,1372
2024/08/01 04:00:00+00,Total,31,Commuter Rail,2634106,84971,1373
2024/08/01 04:00:00+00,Total,31,Ferry,185238,5975,1374
2024/08/01 04:00:00+00,Total,31,The RIDE,97461,3144,1375
2024/07/01 04:00:00+00,Weekday,22,Blue Line,1189664,54076,1376
2024/07/01 04:00:00+00,Weekday,22,Orange Line,2354729,107033,1377
2024/07/01 04:00:00+00,Weekday,22,Red Line,2168085,98549,1378
2024/07/01 04:00:00+00,Weekday,22,Heavy Rail,5712478,259658,1379
2024/07/01 04:00:00+00,Weekday,22,Green Line,2261678,102804,1380
2024/07/01 04:00:00+00,Weekday,22,Mattapan Line,65958,2998,1381
2024/07/01 04:00:00+00,Weekday,22,Light Rail,2327635,105802,1382
2024/07/01 04:00:00+00,Weekday,22,Silver Line,90740,4125,1383
2024/07/01 04:00:00+00,Weekday,22,Bus,763809,34719,1384
2024/07/01 04:00:00+00,Weekday,22,All Bus,854549,38843,1385
2024/07/01 04:00:00+00,Weekday,22,Commuter Rail,2407465,109430,1386
2024/07/01 04:00:00+00,Weekday,22,Ferry,156541,7116,1387
2024/07/01 04:00:00+00,Weekday,22,The RIDE,81903,3723,1388
2024/07/01 04:00:00+00,Saturday,4,Blue Line,187465,46866,1389
2024/07/01 04:00:00+00,Saturday,4,Orange Line,274020,68505,1390
2024/07/01 04:00:00+00,Saturday,4,Red Line,356523,89131,1391
2024/07/01 04:00:00+00,Saturday,4,Heavy Rail,818008,204502,1392
2024/07/01 04:00:00+00,Saturday,4,Green Line,326529,81632,1393
2024/07/01 04:00:00+00,Saturday,4,Mattapan Line,6246,1562,1394
2024/07/01 04:00:00+00,Saturday,4,Light Rail,332775,83194,1395
2024/07/01 04:00:00+00,Saturday,4,Silver Line,669674,167418,1396
2024/07/01 04:00:00+00,Saturday,4,Bus,5493516,1373379,1397
2024/07/01 04:00:00+00,Saturday,4,All Bus,6163189,1540797,1398
2024/07/01 04:00:00+00,Saturday,4,Commuter Rail,153030,38258,1399
2024/07/01 04:00:00+00,Saturday,4,Ferry,23641,5910,1400
2024/07/01 04:00:00+00,Saturday,4,The RIDE,7496,1874,1401
2024/05/01 04:00:00+00,Saturday,4,Commuter Rail,132269,33067,1402
2024/05/01 04:00:00+00,Saturday,4,Ferry,7627,1907,1403
2024/05/01 04:00:00+00,Saturday,4,The RIDE,7920,1980,1404
2024/05/01 04:00:00+00,Sunday,4,Blue Line,118614,29654,1405
2024/05/01 04:00:00+00,Sunday,4,Orange Line,192920,48230,1406
2024/05/01 04:00:00+00,Sunday,4,Red Line,236515,59129,1407
2024/05/01 04:00:00+00,Sunday,4,Heavy Rail,548049,137012,1408
2024/05/01 04:00:00+00,Sunday,4,Green Line,246207,61552,1409
2024/05/01 04:00:00+00,Sunday,4,Mattapan Line,4145,1036,1410
2024/05/01 04:00:00+00,Sunday,4,Light Rail,250352,62588,1411
2024/05/01 04:00:00+00,Sunday,4,Silver Line,74429,18607,1412
2024/05/01 04:00:00+00,Sunday,4,Bus,435035,108759,1413
2024/05/01 04:00:00+00,Sunday,4,All Bus,509464,127366,1414
2024/05/01 04:00:00+00,Sunday,4,Commuter Rail,112825,28206,1415
2024/05/01 04:00:00+00,Sunday,4,Ferry,6524,1631,1416
2024/05/01 04:00:00+00,Sunday,4,The RIDE,6888,1722,1417
2024/05/01 04:00:00+00,Total,31,Blue Line,1373447,44305,1418
2024/05/01 04:00:00+00,Total,31,Orange Line,2658311,85752,1419
2024/05/01 04:00:00+00,Total,31,Red Line,3117512,100565,1420
2024/05/01 04:00:00+00,Total,31,Heavy Rail,7149269,230622,1421
2024/05/01 04:00:00+00,Total,31,Green Line,2607128,84101,1422
2024/05/01 04:00:00+00,Total,31,Mattapan Line,78555,2534,1423
2024/05/01 04:00:00+00,Total,31,Light Rail,2685682,86635,1424
2024/05/01 04:00:00+00,Total,31,Silver Line,883599,28503,1425
2024/05/01 04:00:00+00,Total,31,Bus,7404088,238842,1426
2024/05/01 04:00:00+00,Total,31,All Bus,8287688,267345,1427
2024/05/01 04:00:00+00,Total,31,Commuter Rail,2678145,86392,1428
2024/05/01 04:00:00+00,Total,31,Ferry,126341,4076,1429
2024/05/01 04:00:00+00,Total,31,The RIDE,101725,3281,1430
2024/04/01 04:00:00+00,Weekday,22,Blue Line,825297,37514,1431
2024/04/01 04:00:00+00,Weekday,22,Orange Line,2398515,109023,1432
2024/04/01 04:00:00+00,Weekday,22,Red Line,2785651,126620,1433
2024/04/01 04:00:00+00,Weekday,22,Heavy Rail,6009462,273157,1434
2024/04/01 04:00:00+00,Weekday,22,Green Line,2055985,93454,1435
2024/04/01 04:00:00+00,Weekday,22,Mattapan Line,68470,3112,1436
2024/04/01 04:00:00+00,Weekday,22,Light Rail,2124455,96566,1437
2024/04/01 04:00:00+00,Weekday,22,Silver Line,650934,29588,1438
2024/04/01 04:00:00+00,Weekday,22,Bus,5718315,259923,1439
2024/04/01 04:00:00+00,Weekday,22,All Bus,6369249,289511,1440
2024/04/01 04:00:00+00,Weekday,22,Commuter Rail,2312422,105110,1441
2024/04/01 04:00:00+00,Weekday,22,Ferry,87622,3983,1442
2024/04/01 04:00:00+00,Weekday,22,The RIDE,83160,3780,1443
2024/04/01 04:00:00+00,Saturday,4,Blue Line,111573,27893,1444
2024/04/01 04:00:00+00,Saturday,4,Orange Line,260859,65215,1445
2024/04/01 04:00:00+00,Saturday,4,Red Line,320934,80234,1446
2024/04/01 04:00:00+00,Saturday,4,Heavy Rail,693365,173341,1447
2024/04/01 04:00:00+00,Saturday,4,Green Line,338515,84629,1448
2024/04/01 04:00:00+00,Saturday,4,Mattapan Line,5258,1314,1449
2024/04/01 04:00:00+00,Saturday,4,Light Rail,343773,85943,1450
2024/07/01 04:00:00+00,Sunday,4,Blue Line,193955,48489,1451
2024/07/01 04:00:00+00,Sunday,4,Orange Line,230254,57564,1452
2024/07/01 04:00:00+00,Sunday,4,Red Line,176406,44102,1453
2024/07/01 04:00:00+00,Sunday,4,Heavy Rail,600616,150154,1454
2024/07/01 04:00:00+00,Sunday,4,Green Line,280167,70042,1455
2024/07/01 04:00:00+00,Sunday,4,Mattapan Line,4118,1030,1456
2024/07/01 04:00:00+00,Sunday,4,Light Rail,284285,71071,1457
2024/07/01 04:00:00+00,Sunday,4,Silver Line,119971,29993,1458
2024/07/01 04:00:00+00,Sunday,4,Bus,784447,196112,1459
2024/07/01 04:00:00+00,Sunday,4,All Bus,904418,226104,1460
2024/07/01 04:00:00+00,Sunday,4,Commuter Rail,109894,27474,1461
2024/07/01 04:00:00+00,Sunday,4,Ferry,19379,4845,1462
2024/07/01 04:00:00+00,Sunday,4,The RIDE,7160,1790,1463
2024/07/01 04:00:00+00,Total,31,Blue Line,1571084,50680,1464
2024/07/01 04:00:00+00,Total,31,Orange Line,2907726,93798,1465
2024/07/01 04:00:00+00,Total,31,Red Line,2766470,89241,1466
2024/07/01 04:00:00+00,Total,31,Heavy Rail,7245280,233719,1467
2024/07/01 04:00:00+00,Total,31,Green Line,2927979,94451,1468
2024/07/01 04:00:00+00,Total,31,Mattapan Line,77622,2504,1469
2024/07/01 04:00:00+00,Total,31,Light Rail,3005601,96955,1470
2024/07/01 04:00:00+00,Total,31,Silver Line,880384,28399,1471
2024/07/01 04:00:00+00,Total,31,Bus,7041771,227154,1472
2024/07/01 04:00:00+00,Total,31,All Bus,7922156,255553,1473
2024/07/01 04:00:00+00,Total,31,Commuter Rail,2704837,87253,1474
2024/07/01 04:00:00+00,Total,31,Ferry,204539,6598,1475
2024/07/01 04:00:00+00,Total,31,The RIDE,96858,3124,1476
2024/06/01 04:00:00+00,Weekday,20,Blue Line,997502,49875,1477
2024/06/01 04:00:00+00,Weekday,20,Orange Line,1739974,86999,1478
2024/06/01 04:00:00+00,Weekday,20,Red Line,2501402,125070,1479
2024/06/01 04:00:00+00,Weekday,20,Heavy Rail,5238877,261944,1480
2024/06/01 04:00:00+00,Weekday,20,Green Line,1883716,94186,1481
2024/06/01 04:00:00+00,Weekday,20,Mattapan Line,65447,3272,1482
2024/06/01 04:00:00+00,Weekday,20,Light Rail,1949163,97458,1483
2024/06/01 04:00:00+00,Weekday,20,Silver Line,624972,31249,1484
2024/06/01 04:00:00+00,Weekday,20,Bus,5181514,259076,1485
2024/06/01 04:00:00+00,Weekday,20,All Bus,5806485,290324,1486
2024/06/01 04:00:00+00,Weekday,20,Commuter Rail,2159079,107954,1487
2024/06/01 04:00:00+00,Weekday,20,Ferry,120538,6027,1488
2024/06/01 04:00:00+00,Weekday,20,The RIDE,75080,3754,1489
2024/06/01 04:00:00+00,Saturday,5,Blue Line,193928,38786,1490
2024/06/01 04:00:00+00,Saturday,5,Orange Line,259911,51982,1491
2024/06/01 04:00:00+00,Saturday,5,Red Line,351493,70299,1492
2024/06/01 04:00:00+00,Saturday,5,Heavy Rail,805333,161067,1493
2024/06/01 04:00:00+00,Saturday,5,Green Line,400034,80007,1494
2024/06/01 04:00:00+00,Saturday,5,Mattapan Line,8653,1731,1495
2024/06/01 04:00:00+00,Saturday,5,Light Rail,408687,81737,1496
2024/06/01 04:00:00+00,Saturday,5,Silver Line,111831,22366,1497
2024/06/01 04:00:00+00,Saturday,5,Bus,818383,163677,1498
2024/06/01 04:00:00+00,Saturday,5,All Bus,930214,186043,1499
2024/06/01 04:00:00+00,Saturday,5,Commuter Rail,184375,36875,1500
2024/01/01 05:00:00+00,Saturday,4,Silver Line,88037,22009,1501
2024/01/01 05:00:00+00,Saturday,4,Bus,691494,172874,1502
2024/01/01 05:00:00+00,Saturday,4,All Bus,779531,194883,1503
2024/01/01 05:00:00+00,Saturday,4,Commuter Rail,104102,26026,1504
2024/01/01 05:00:00+00,Saturday,4,Ferry,728,182,1505
2024/01/01 05:00:00+00,Saturday,4,The RIDE,7652,1913,1506
2024/01/01 05:00:00+00,Sunday,4,Blue Line,81395,20349,1507
2024/01/01 05:00:00+00,Sunday,4,Orange Line,170672,42668,1508
2024/01/01 05:00:00+00,Sunday,4,Red Line,173460,43365,1509
2024/01/01 05:00:00+00,Sunday,4,Heavy Rail,422089,105522,1510
2024/01/01 05:00:00+00,Sunday,4,Green Line,67403,16851,1511
2024/01/01 05:00:00+00,Sunday,4,Mattapan Line,3386,846,1512
2024/01/01 05:00:00+00,Sunday,4,Light Rail,63974,15994,1513
2024/01/01 05:00:00+00,Sunday,4,Silver Line,70912,17728,1514
2024/01/01 05:00:00+00,Sunday,4,Bus,418342,104586,1515
2024/01/01 05:00:00+00,Sunday,4,All Bus,489254,122314,1516
2024/01/01 05:00:00+00,Sunday,4,Commuter Rail,101913,25478,1517
2024/01/01 05:00:00+00,Sunday,4,Ferry,422,106,1518
2024/01/01 05:00:00+00,Sunday,4,The RIDE,6652,1663,1519
2024/01/01 05:00:00+00,Total,31,Blue Line,1137482,36693,1520
2024/01/01 05:00:00+00,Total,31,Orange Line,2804924,90481,1521
2024/01/01 05:00:00+00,Total,31,Red Line,2820630,90988,1522
2024/01/01 05:00:00+00,Total,31,Heavy Rail,6763036,218162,1523
2024/01/01 05:00:00+00,Total,31,Green Line,1072689,34603,1524
2024/01/01 05:00:00+00,Total,31,Mattapan Line,71500,2306,1525
2024/01/01 05:00:00+00,Total,31,Light Rail,1144189,36909,1526
2024/01/01 05:00:00+00,Total,31,Silver Line,716178,23103,1527
2024/01/01 05:00:00+00,Total,31,Bus,6414210,206910,1528
2024/01/01 05:00:00+00,Total,31,All Bus,7130389,230013,1529
2024/01/01 05:00:00+00,Total,31,Commuter Rail,2356367,76012,1530
2024/01/01 05:00:00+00,Total,31,Ferry,71528,2307,1531
2024/01/01 05:00:00+00,Total,31,The RIDE,89863,2899,1532
2023/12/01 05:00:00+00,Weekday,20,Blue Line,879538,43977,1533
2023/12/01 05:00:00+00,Weekday,20,Orange Line,1985307,99265,1534
2023/12/01 05:00:00+00,Weekday,20,Red Line,2155204,107760,1535
2023/12/01 05:00:00+00,Weekday,20,Heavy Rail,4898233,244912,1536
2023/12/01 05:00:00+00,Weekday,20,Green Line,1423481,71174,1537
2023/12/01 05:00:00+00,Weekday,20,Mattapan Line,54757,2738,1538
2023/12/01 05:00:00+00,Weekday,20,Light Rail,1315562,65778,1539
2023/12/01 05:00:00+00,Weekday,20,Silver Line,566533,28327,1540
2023/12/01 05:00:00+00,Weekday,20,Bus,4903999,245200,1541
2023/12/01 05:00:00+00,Weekday,20,All Bus,5470531,273527,1542
2023/12/01 05:00:00+00,Weekday,20,Commuter Rail,1877089,93854,1543
2023/12/01 05:00:00+00,Weekday,20,Ferry,57186,2859,1544
2023/12/01 05:00:00+00,Weekday,20,The RIDE,72072,3604,1545
2023/12/01 05:00:00+00,Saturday,5,Blue Line,170619,34124,1546
2023/12/01 05:00:00+00,Saturday,5,Orange Line,344400,68880,1547
2023/12/01 05:00:00+00,Saturday,5,Red Line,360186,72037,1548
2023/12/01 05:00:00+00,Saturday,5,Heavy Rail,855789,171158,1549
2023/12/01 05:00:00+00,Saturday,5,Green Line,285885,57177,1550
2024/03/01 05:00:00+00,Saturday,5,Silver Line,101271,20254,1551
2024/03/01 05:00:00+00,Saturday,5,Bus,757042,151408,1552
2024/03/01 05:00:00+00,Saturday,5,All Bus,858313,171663,1553
2024/03/01 05:00:00+00,Saturday,5,Commuter Rail,132518,26504,1554
2024/03/01 05:00:00+00,Saturday,5,The RIDE,9400,1880,1555
2024/03/01 05:00:00+00,Sunday,5,Blue Line,135976,27195,1556
2024/03/01 05:00:00+00,Sunday,5,Orange Line,241652,48330,1557
2024/03/01 05:00:00+00,Sunday,5,Red Line,264409,52882,1558
2024/03/01 05:00:00+00,Sunday,5,Heavy Rail,642037,128407,1559
2024/03/01 05:00:00+00,Sunday,5,Green Line,243858,48772,1560
2024/03/01 05:00:00+00,Sunday,5,Mattapan Line,3223,645,1561
2024/03/01 05:00:00+00,Sunday,5,Light Rail,247082,49416,1562
2024/03/01 05:00:00+00,Sunday,5,Silver Line,85268,17054,1563
2024/03/01 05:00:00+00,Sunday,5,Bus,519157,103831,1564
2024/03/01 05:00:00+00,Sunday,5,All Bus,604426,120885,1565
2024/03/01 05:00:00+00,Sunday,5,Commuter Rail,145335,29067,1566
2024/03/01 05:00:00+00,Sunday,5,The RIDE,8645,1729,1567
2024/03/01 05:00:00+00,Total,31,Blue Line,1259650,40634,1568
2024/03/01 05:00:00+00,Total,31,Orange Line,2575085,83067,1569
2024/03/01 05:00:00+00,Total,31,Red Line,3074332,99172,1570
2024/03/01 05:00:00+00,Total,31,Heavy Rail,6909066,222873,1571
2024/03/01 05:00:00+00,Total,31,Green Line,2208323,71236,1572
2024/03/01 05:00:00+00,Total,31,Mattapan Line,74662,2408,1573
2024/03/01 05:00:00+00,Total,31,Light Rail,2282985,73645,1574
2024/03/01 05:00:00+00,Total,31,Silver Line,844945,27256,1575
2024/03/01 05:00:00+00,Total,31,Bus,7074289,228203,1576
2024/03/01 05:00:00+00,Total,31,All Bus,7919233,255459,1577
2024/03/01 05:00:00+00,Total,31,Commuter Rail,2456987,79258,1578
2024/03/01 05:00:00+00,Total,31,Ferry,75290,2429,1579
2024/03/01 05:00:00+00,Total,31,The RIDE,100148,3231,1580
2024/02/01 05:00:00+00,Weekday,20,Blue Line,867786,43389,1581
2024/02/01 05:00:00+00,Weekday,20,Orange Line,2012491,100625,1582
2024/02/01 05:00:00+00,Weekday,20,Red Line,2115585,105779,1583
2024/02/01 05:00:00+00,Weekday,20,Heavy Rail,4986143,249307,1584
2024/02/01 05:00:00+00,Weekday,20,Green Line,1394515,69726,1585
2024/02/01 05:00:00+00,Weekday,20,Mattapan Line,56155,2808,1586
2024/02/01 05:00:00+00,Weekday,20,Light Rail,1392706,69635,1587
2024/02/01 05:00:00+00,Weekday,20,Silver Line,567882,28394,1588
2024/02/01 05:00:00+00,Weekday,20,Bus,5325483,266274,1589
2024/02/01 05:00:00+00,Weekday,20,All Bus,5893364,294668,1590
2024/02/01 05:00:00+00,Weekday,20,Commuter Rail,1994039,99702,1591
2024/02/01 05:00:00+00,Weekday,20,Ferry,62982,3149,1592
2024/02/01 05:00:00+00,Weekday,20,The RIDE,75054,3753,1593
2024/02/01 05:00:00+00,Saturday,4,Blue Line,129628,32407,1594
2024/02/01 05:00:00+00,Saturday,4,Orange Line,245429,61357,1595
2024/02/01 05:00:00+00,Saturday,4,Red Line,241862,60466,1596
2024/02/01 05:00:00+00,Saturday,4,Heavy Rail,615970,153992,1597
2024/02/01 05:00:00+00,Saturday,4,Green Line,247141,61785,1598
2024/02/01 05:00:00+00,Saturday,4,Mattapan Line,6077,1519,1599
2024/02/01 05:00:00+00,Saturday,4,Light Rail,246053,61513,1600
2023/11/01 04:00:00+00,Saturday,4,Mattapan Line,5828,1457,1601
2023/11/01 04:00:00+00,Saturday,4,Light Rail,298888,74722,1602
2023/11/01 04:00:00+00,Saturday,4,Silver Line,86709,21677,1603
2023/11/01 04:00:00+00,Saturday,4,Bus,594304,148576,1604
2023/11/01 04:00:00+00,Saturday,4,All Bus,681013,170253,1605
2023/11/01 04:00:00+00,Saturday,4,Commuter Rail,125901,31475,1606
2023/11/01 04:00:00+00,Saturday,4,The RIDE,7512,1878,1607
2023/11/01 04:00:00+00,Sunday,4,Blue Line,115528,28882,1608
2023/11/01 04:00:00+00,Sunday,4,Orange Line,199396,49849,1609
2023/11/01 04:00:00+00,Sunday,4,Red Line,201278,50320,1610
2023/11/01 04:00:00+00,Sunday,4,Heavy Rail,516202,129050,1611
2023/11/01 04:00:00+00,Sunday,4,Green Line,220725,55181,1612
2023/11/01 04:00:00+00,Sunday,4,Mattapan Line,3900,975,1613
2023/11/01 04:00:00+00,Sunday,4,Light Rail,224625,56156,1614
2023/11/01 04:00:00+00,Sunday,4,Silver Line,84018,21004,1615
2023/11/01 04:00:00+00,Sunday,4,Bus,479679,119920,1616
2023/11/01 04:00:00+00,Sunday,4,All Bus,563698,140924,1617
2023/11/01 04:00:00+00,Sunday,4,Commuter Rail,108072,27018,1618
2023/11/01 04:00:00+00,Sunday,4,The RIDE,6952,1738,1619
2023/11/01 04:00:00+00,Total,30,Blue Line,1282685,42756,1620
2023/11/01 04:00:00+00,Total,30,Orange Line,2761654,92055,1621
2023/11/01 04:00:00+00,Total,30,Red Line,2969252,98975,1622
2023/11/01 04:00:00+00,Total,30,Heavy Rail,7013591,233786,1623
2023/11/01 04:00:00+00,Total,30,Green Line,2269526,75651,1624
2023/11/01 04:00:00+00,Total,30,Mattapan Line,69846,2328,1625
2023/11/01 04:00:00+00,Total,30,Light Rail,2339372,77979,1626
2023/11/01 04:00:00+00,Total,30,Silver Line,808932,26964,1627
2023/11/01 04:00:00+00,Total,30,Bus,6702907,223430,1628
2023/11/01 04:00:00+00,Total,30,All Bus,7511839,250395,1629
2023/11/01 04:00:00+00,Total,30,Commuter Rail,2342703,78090,1630
2023/11/01 04:00:00+00,Total,30,Ferry,87668,2922,1631
2023/11/01 04:00:00+00,Total,30,The RIDE,94920,3164,1632
2023/10/01 04:00:00+00,Weekday,22,Blue Line,1116517,50751,1633
2023/10/01 04:00:00+00,Weekday,22,Orange Line,2500465,113658,1634
2023/10/01 04:00:00+00,Weekday,22,Red Line,2683095,121959,1635
2023/10/01 04:00:00+00,Weekday,22,Heavy Rail,6300077,286367,1636
2023/10/01 04:00:00+00,Weekday,22,Green Line,2097097,95323,1637
2023/10/01 04:00:00+00,Weekday,22,Mattapan Line,35879,1631,1638
2023/10/01 04:00:00+00,Weekday,22,Light Rail,2132976,96953,1639
2023/10/01 04:00:00+00,Weekday,22,Silver Line,679341,30879,1640
2023/10/01 04:00:00+00,Weekday,22,Bus,6041841,274629,1641
2023/10/01 04:00:00+00,Weekday,22,All Bus,6721183,305508,1642
2023/10/01 04:00:00+00,Weekday,22,Commuter Rail,2160511,98205,1643
2023/10/01 04:00:00+00,Weekday,22,Ferry,110418,5019,1644
2023/10/01 04:00:00+00,Weekday,22,The RIDE,83732,3806,1645
2023/10/01 04:00:00+00,Saturday,4,Blue Line,153271,38318,1646
2023/10/01 04:00:00+00,Saturday,4,Orange Line,306628,76657,1647
2023/10/01 04:00:00+00,Saturday,4,Red Line,300082,75020,1648
2023/10/01 04:00:00+00,Saturday,4,Heavy Rail,759981,189995,1649
2023/10/01 04:00:00+00,Saturday,4,Green Line,319124,79781,1650
2023/10/01 04:00:00+00,Saturday,4,Light Rail,319124,79781,1651
2023/12/01 05:00:00+00,Saturday,5,Mattapan Line,7374,1475,1652
2023/09/01 04:00:00+00,Saturday,5,Silver Line,101332,20266,1653
2023/06/01 04:00:00+00,Saturday,4,Blue Line,149056,37264,1654
2023/08/01 04:00:00+00,Saturday,4,Silver Line,89957,22489,1655
2023/08/01 04:00:00+00,Saturday,4,Bus,614399,153600,1656
2023/08/01 04:00:00+00,Saturday,4,All Bus,704356,176089,1657
2023/08/01 04:00:00+00,Saturday,4,Commuter Rail,146484,36621,1658
2023/08/01 04:00:00+00,Saturday,4,The RIDE,7652,1913,1659
2023/08/01 04:00:00+00,Sunday,4,Blue Line,144023,36006,1660
2023/08/01 04:00:00+00,Sunday,4,Orange Line,226229,56557,1661
2023/08/01 04:00:00+00,Sunday,4,Red Line,249334,62334,1662
2023/08/01 04:00:00+00,Sunday,4,Heavy Rail,619586,154896,1663
2023/08/01 04:00:00+00,Sunday,4,Green Line,253945,63486,1664
2023/08/01 04:00:00+00,Sunday,4,Mattapan Line,4800,1200,1665
2023/08/01 04:00:00+00,Sunday,4,Light Rail,258745,64686,1666
2023/08/01 04:00:00+00,Sunday,4,Silver Line,76568,19142,1667
2023/08/01 04:00:00+00,Sunday,4,Bus,440327,110082,1668
2023/08/01 04:00:00+00,Sunday,4,All Bus,516895,129224,1669
2023/08/01 04:00:00+00,Sunday,4,Commuter Rail,116914,29228,1670
2023/08/01 04:00:00+00,Sunday,4,The RIDE,6632,1658,1671
2023/08/01 04:00:00+00,Total,31,Blue Line,1515024,48872,1672
2023/08/01 04:00:00+00,Total,31,Orange Line,2823763,91089,1673
2023/08/01 04:00:00+00,Total,31,Red Line,3287688,106054,1674
2023/08/01 04:00:00+00,Total,31,Heavy Rail,7626475,246015,1675
2023/08/01 04:00:00+00,Total,31,Green Line,2642792,85251,1676
2023/08/01 04:00:00+00,Total,31,Mattapan Line,75242,2427,1677
2023/08/01 04:00:00+00,Total,31,Light Rail,2718034,87679,1678
2023/08/01 04:00:00+00,Total,31,Silver Line,876736,28282,1679
2023/08/01 04:00:00+00,Total,31,Bus,6666127,215036,1680
2023/08/01 04:00:00+00,Total,31,All Bus,7542862,243318,1681
2023/08/01 04:00:00+00,Total,31,Commuter Rail,2396679,77312,1682
2023/08/01 04:00:00+00,Total,31,Ferry,196039,6324,1683
2023/08/01 04:00:00+00,Total,31,The RIDE,97016,3130,1684
2023/07/01 04:00:00+00,Weekday,20,Blue Line,1012119,50606,1685
2023/07/01 04:00:00+00,Weekday,20,Orange Line,1990562,99528,1686
2023/07/01 04:00:00+00,Weekday,20,Red Line,2485675,124284,1687
2023/07/01 04:00:00+00,Weekday,20,Heavy Rail,5488356,274418,1688
2023/07/01 04:00:00+00,Weekday,20,Green Line,1889599,94480,1689
2023/07/01 04:00:00+00,Weekday,20,Mattapan Line,57250,2862,1690
2023/07/01 04:00:00+00,Weekday,20,Light Rail,1946849,97342,1691
2023/07/01 04:00:00+00,Weekday,20,Silver Line,616253,30813,1692
2023/07/01 04:00:00+00,Weekday,20,Bus,4946173,247309,1693
2023/07/01 04:00:00+00,Weekday,20,Private Bus,48126,2406,1694
2023/07/01 04:00:00+00,Weekday,20,All Bus,5610551,280528,1695
2023/07/01 04:00:00+00,Weekday,20,Commuter Rail,1861427,93071,1696
2023/07/01 04:00:00+00,Weekday,20,Ferry,136677,6834,1697
2023/07/01 04:00:00+00,Weekday,20,The RIDE,71967,3598,1698
2023/07/01 04:00:00+00,Saturday,5,Blue Line,207932,41586,1699
2023/07/01 04:00:00+00,Saturday,5,Orange Line,351709,70342,1700
2023/07/01 04:00:00+00,Saturday,5,Red Line,389432,77886,1701
2023/07/01 04:00:00+00,Saturday,5,Heavy Rail,949074,189815,1702
2023/07/01 04:00:00+00,Saturday,5,Green Line,349003,69801,1703
2023/07/01 04:00:00+00,Saturday,5,Mattapan Line,7917,1583,1704
2023/06/01 04:00:00+00,Saturday,4,Orange Line,262372,65593,1705
2023/06/01 04:00:00+00,Saturday,4,Red Line,324007,81002,1706
2023/06/01 04:00:00+00,Saturday,4,Heavy Rail,735435,183859,1707
2023/09/01 04:00:00+00,Saturday,5,Bus,749304,149861,1708
2023/12/01 05:00:00+00,Saturday,5,Light Rail,263406,52681,1709
2023/10/01 04:00:00+00,Saturday,4,Silver Line,109911,27478,1710
2023/06/01 04:00:00+00,Saturday,4,Green Line,342216,85554,1711
2023/09/01 04:00:00+00,Saturday,5,All Bus,850635,170127,1712
2023/12/01 05:00:00+00,Saturday,5,Silver Line,101940,20388,1713
2023/10/01 04:00:00+00,Saturday,4,Bus,789985,197496,1714
2023/06/01 04:00:00+00,Saturday,4,Mattapan Line,6154,1538,1715
2023/09/01 04:00:00+00,Saturday,5,Commuter Rail,150083,30017,1716
2023/12/01 05:00:00+00,Saturday,5,Bus,740851,148170,1717
2023/10/01 04:00:00+00,Saturday,4,All Bus,899896,224974,1718
2023/06/01 04:00:00+00,Saturday,4,Light Rail,348370,87092,1719
2023/09/01 04:00:00+00,Saturday,5,The RIDE,8765,1753,1720
2023/12/01 05:00:00+00,Saturday,5,All Bus,842791,168558,1721
2023/10/01 04:00:00+00,Saturday,4,Commuter Rail,152939,38235,1722
2023/06/01 04:00:00+00,Saturday,4,Silver Line,80784,20196,1723
2023/09/01 04:00:00+00,Sunday,4,Blue Line,123366,30842,1724
2023/12/01 05:00:00+00,Saturday,5,Commuter Rail,203004,40601,1725
2023/10/01 04:00:00+00,Saturday,4,The RIDE,7512,1878,1726
2023/09/01 04:00:00+00,Sunday,4,Orange Line,217539,54385,1727
2023/06/01 04:00:00+00,Saturday,4,Bus,562216,140554,1728
2023/06/01 04:00:00+00,Saturday,4,Private Bus,5491,1373,1729
2023/06/01 04:00:00+00,Saturday,4,All Bus,648491,162123,1730
2023/06/01 04:00:00+00,Saturday,4,Commuter Rail,136765,34191,1731
2023/06/01 04:00:00+00,Saturday,4,Ferry,8230,2058,1732
2023/06/01 04:00:00+00,Saturday,4,The RIDE,7152,1788,1733
2023/06/01 04:00:00+00,Sunday,4,Blue Line,128733,32183,1734
2023/06/01 04:00:00+00,Sunday,4,Orange Line,202491,50623,1735
2023/06/01 04:00:00+00,Sunday,4,Red Line,262031,65508,1736
2023/06/01 04:00:00+00,Sunday,4,Heavy Rail,593255,148314,1737
2023/06/01 04:00:00+00,Sunday,4,Green Line,275063,68766,1738
2023/06/01 04:00:00+00,Sunday,4,Mattapan Line,4360,1090,1739
2023/06/01 04:00:00+00,Sunday,4,Light Rail,279423,69856,1740
2023/06/01 04:00:00+00,Sunday,4,Silver Line,70816,17704,1741
2023/06/01 04:00:00+00,Sunday,4,Bus,414495,103624,1742
2023/06/01 04:00:00+00,Sunday,4,Private Bus,4028,1007,1743
2023/06/01 04:00:00+00,Sunday,4,All Bus,489339,122335,1744
2023/06/01 04:00:00+00,Sunday,4,Commuter Rail,106899,26725,1745
2023/06/01 04:00:00+00,Sunday,4,Ferry,9901,2475,1746
2023/06/01 04:00:00+00,Sunday,4,The RIDE,6468,1617,1747
2023/06/01 04:00:00+00,Total,30,Blue Line,1361338,45378,1748
2023/06/01 04:00:00+00,Total,30,Orange Line,2632186,87740,1749
2023/06/01 04:00:00+00,Total,30,Red Line,3357977,111933,1750
2023/06/01 04:00:00+00,Total,30,Heavy Rail,7351501,245050,1751
2023/06/01 04:00:00+00,Total,30,Green Line,3076007,102534,1752
2023/06/01 04:00:00+00,Total,30,Mattapan Line,76742,2558,1753
2023/06/01 04:00:00+00,Total,30,Light Rail,3152748,105092,1754
2023/06/01 04:00:00+00,Total,30,Silver Line,816953,27232,1755
2023/06/01 04:00:00+00,Total,30,Bus,6506803,216893,1756
2023/06/01 04:00:00+00,Total,30,Private Bus,63021,2101,1757
2023/06/01 04:00:00+00,Total,30,All Bus,7386776,246226,1758
2023/06/01 04:00:00+00,Total,30,Commuter Rail,2288229,76274,1759
2023/06/01 04:00:00+00,Total,30,Ferry,129884,4329,1760
2023/06/01 04:00:00+00,Total,30,The RIDE,91741,3058,1761
2023/05/01 04:00:00+00,Weekday,22,Blue Line,1062255,48284,1762
2023/05/01 04:00:00+00,Weekday,22,Orange Line,2235069,101594,1763
2023/05/01 04:00:00+00,Weekday,22,Red Line,2835398,128882,1764
2023/05/01 04:00:00+00,Weekday,22,Heavy Rail,6132722,278760,1765
2023/05/01 04:00:00+00,Weekday,22,Green Line,2632445,119657,1766
2023/05/01 04:00:00+00,Weekday,22,Mattapan Line,71062,3230,1767
2023/05/01 04:00:00+00,Weekday,22,Light Rail,2703507,122887,1768
2023/05/01 04:00:00+00,Weekday,22,Silver Line,653041,29684,1769
2023/09/01 04:00:00+00,Sunday,4,Red Line,260435,65109,1770
2023/10/01 04:00:00+00,Sunday,5,Blue Line,152793,30559,1771
2023/12/01 05:00:00+00,Saturday,5,The RIDE,9565,1913,1772
2023/12/01 05:00:00+00,Sunday,5,Blue Line,120449,24090,1773
2023/12/01 05:00:00+00,Sunday,5,Orange Line,232821,46564,1774
2023/12/01 05:00:00+00,Sunday,5,Red Line,245420,49084,1775
2023/12/01 05:00:00+00,Sunday,5,Heavy Rail,590875,118175,1776
2023/12/01 05:00:00+00,Sunday,5,Green Line,197906,39581,1777
2023/12/01 05:00:00+00,Sunday,5,Mattapan Line,4773,955,1778
2023/12/01 05:00:00+00,Sunday,5,Light Rail,182650,36530,1779
2023/12/01 05:00:00+00,Sunday,5,Silver Line,81866,16373,1780
2023/12/01 05:00:00+00,Sunday,5,Bus,465170,93034,1781
2023/12/01 05:00:00+00,Sunday,5,All Bus,547036,109407,1782
2023/12/01 05:00:00+00,Sunday,5,Commuter Rail,172606,34521,1783
2023/12/01 05:00:00+00,Sunday,5,The RIDE,8315,1663,1784
2023/12/01 05:00:00+00,Total,31,Blue Line,1183285,38170,1785
2023/12/01 05:00:00+00,Total,31,Orange Line,2583603,83342,1786
2023/12/01 05:00:00+00,Total,31,Red Line,2781114,89713,1787
2023/12/01 05:00:00+00,Total,31,Heavy Rail,6548003,211226,1788
2023/12/01 05:00:00+00,Total,31,Green Line,1923248,62040,1789
2023/12/01 05:00:00+00,Total,31,Mattapan Line,67289,2171,1790
2023/12/01 05:00:00+00,Total,31,Light Rail,1990537,64211,1791
2023/12/01 05:00:00+00,Total,31,Silver Line,769111,24810,1792
2023/12/01 05:00:00+00,Total,31,Bus,6201686,200054,1793
2023/12/01 05:00:00+00,Total,31,All Bus,6970797,224864,1794
2023/12/01 05:00:00+00,Total,31,Commuter Rail,2264824,73059,1795
2023/12/01 05:00:00+00,Total,31,Ferry,59871,1931,1796
2023/12/01 05:00:00+00,Total,31,The RIDE,89966,2902,1797
2023/11/01 04:00:00+00,Weekday,21,Blue Line,1006989,47952,1798
2023/11/01 04:00:00+00,Weekday,21,Orange Line,2274354,108303,1799
2023/11/01 04:00:00+00,Weekday,21,Red Line,2479743,118083,1800
2023/11/01 04:00:00+00,Weekday,21,Heavy Rail,5761085,274337,1801
2023/11/01 04:00:00+00,Weekday,21,Green Line,1732501,82500,1802
2023/11/01 04:00:00+00,Weekday,21,Mattapan Line,59431,2830,1803
2023/11/01 04:00:00+00,Weekday,21,Light Rail,1791931,85330,1804
2023/11/01 04:00:00+00,Weekday,21,Silver Line,638204,30391,1805
2023/11/01 04:00:00+00,Weekday,21,Bus,5628924,268044,1806
2023/11/01 04:00:00+00,Weekday,21,All Bus,6267128,298435,1807
2023/11/01 04:00:00+00,Weekday,21,Commuter Rail,2084911,99281,1808
2023/11/01 04:00:00+00,Weekday,21,Ferry,82819,3944,1809
2023/11/01 04:00:00+00,Weekday,21,The RIDE,80432,3830,1810
2023/11/01 04:00:00+00,Saturday,4,Blue Line,143899,35975,1811
2023/11/01 04:00:00+00,Saturday,4,Orange Line,261474,65368,1812
2023/11/01 04:00:00+00,Saturday,4,Red Line,260472,65118,1813
2023/11/01 04:00:00+00,Saturday,4,Heavy Rail,665845,166461,1814
2023/11/01 04:00:00+00,Saturday,4,Green Line,293060,73265,1815
2023/10/01 04:00:00+00,Sunday,5,Orange Line,282793,56559,1816
2023/10/01 04:00:00+00,Sunday,5,Red Line,289714,57943,1817
2023/10/01 04:00:00+00,Sunday,5,Heavy Rail,725299,145060,1818
2023/10/01 04:00:00+00,Sunday,5,Green Line,304719,60944,1819
2023/10/01 04:00:00+00,Sunday,5,Light Rail,304719,60944,1820
2023/10/01 04:00:00+00,Sunday,5,Silver Line,92182,18436,1821
2023/10/01 04:00:00+00,Sunday,5,Bus,551038,110208,1822
2023/10/01 04:00:00+00,Sunday,5,All Bus,643220,128644,1823
2023/10/01 04:00:00+00,Sunday,5,Commuter Rail,151508,30302,1824
2023/10/01 04:00:00+00,Sunday,5,The RIDE,8345,1669,1825
2023/10/01 04:00:00+00,Total,31,Blue Line,1422580,45890,1826
2023/10/01 04:00:00+00,Total,31,Orange Line,3089886,99674,1827
2023/10/01 04:00:00+00,Total,31,Red Line,3272891,105577,1828
2023/10/01 04:00:00+00,Total,31,Heavy Rail,7785357,251141,1829
2023/10/01 04:00:00+00,Total,31,Green Line,2720940,87772,1830
2023/10/01 04:00:00+00,Total,31,Mattapan Line,35899,1158,1831
2023/10/01 04:00:00+00,Total,31,Light Rail,2756839,88930,1832
2023/10/01 04:00:00+00,Total,31,Silver Line,881434,28433,1833
2023/10/01 04:00:00+00,Total,31,Bus,7382864,238157,1834
2023/10/01 04:00:00+00,Total,31,All Bus,8264299,266590,1835
2023/10/01 04:00:00+00,Total,31,Commuter Rail,2548014,82194,1836
2023/10/01 04:00:00+00,Total,31,Ferry,121462,3918,1837
2023/10/01 04:00:00+00,Total,31,The RIDE,99606,3213,1838
2023/09/01 04:00:00+00,Weekday,20,Blue Line,1012882,50644,1839
2023/09/01 04:00:00+00,Weekday,20,Orange Line,2173928,108696,1840
2023/09/01 04:00:00+00,Weekday,20,Red Line,2614113,130706,1841
2023/09/01 04:00:00+00,Weekday,20,Heavy Rail,5800924,290046,1842
2023/09/01 04:00:00+00,Weekday,20,Green Line,1912538,95627,1843
2023/09/01 04:00:00+00,Weekday,20,Mattapan Line,62925,3146,1844
2023/09/01 04:00:00+00,Weekday,20,Light Rail,1975462,98773,1845
2023/09/01 04:00:00+00,Weekday,20,Silver Line,637690,31884,1846
2023/09/01 04:00:00+00,Weekday,20,Bus,5609479,280474,1847
2023/09/01 04:00:00+00,Weekday,20,All Bus,6247169,312358,1848
2023/09/01 04:00:00+00,Weekday,20,Commuter Rail,1825185,91259,1849
2023/09/01 04:00:00+00,Weekday,20,Ferry,102476,5124,1850
2023/09/01 04:00:00+00,Weekday,20,The RIDE,76629,3831,1851
2023/09/01 04:00:00+00,Saturday,5,Blue Line,182813,36563,1852
2023/09/01 04:00:00+00,Saturday,5,Orange Line,328015,65603,1853
2023/09/01 04:00:00+00,Saturday,5,Red Line,362049,72410,1854
2023/09/01 04:00:00+00,Saturday,5,Heavy Rail,872876,174575,1855
2023/09/01 04:00:00+00,Saturday,5,Green Line,364584,72917,1856
2023/09/01 04:00:00+00,Saturday,5,Mattapan Line,6171,1234,1857
2023/09/01 04:00:00+00,Saturday,5,Light Rail,370755,74151,1858
2023/09/01 04:00:00+00,Sunday,4,Heavy Rail,601340,150335,1859
2023/09/01 04:00:00+00,Sunday,4,Green Line,258863,64716,1860
2023/09/01 04:00:00+00,Sunday,4,Mattapan Line,4431,1108,1861
2023/09/01 04:00:00+00,Sunday,4,Light Rail,263294,65824,1862
2023/09/01 04:00:00+00,Sunday,4,Silver Line,96720,24180,1863
2023/09/01 04:00:00+00,Sunday,4,Bus,545556,136389,1864
2023/09/01 04:00:00+00,Sunday,4,All Bus,642276,160569,1865
2023/09/01 04:00:00+00,Sunday,4,Commuter Rail,111434,27858,1866
2023/09/01 04:00:00+00,Sunday,4,The RIDE,6408,1602,1867
2023/09/01 04:00:00+00,Total,30,Blue Line,1352023,45067,1868
2023/09/01 04:00:00+00,Total,30,Orange Line,2773532,92451,1869
2023/09/01 04:00:00+00,Total,30,Red Line,3293113,109770,1870
2023/09/01 04:00:00+00,Total,30,Heavy Rail,7418667,247289,1871
2023/09/01 04:00:00+00,Total,30,Green Line,2596340,86545,1872
2023/09/01 04:00:00+00,Total,30,Mattapan Line,74689,2490,1873
2023/09/01 04:00:00+00,Total,30,Light Rail,2671029,89034,1874
2023/09/01 04:00:00+00,Total,30,Silver Line,835741,27858,1875
2023/09/01 04:00:00+00,Total,30,Bus,6904339,230145,1876
2023/09/01 04:00:00+00,Total,30,All Bus,7740080,258003,1877
2023/09/01 04:00:00+00,Total,30,Commuter Rail,2117835,70594,1878
2023/09/01 04:00:00+00,Total,30,Ferry,120663,4022,1879
2023/09/01 04:00:00+00,Total,30,The RIDE,91812,3060,1880
2023/08/01 04:00:00+00,Weekday,23,Blue Line,1192710,51857,1881
2023/08/01 04:00:00+00,Weekday,23,Orange Line,2304171,100181,1882
2023/08/01 04:00:00+00,Weekday,23,Red Line,2728212,118618,1883
2023/08/01 04:00:00+00,Weekday,23,Heavy Rail,6225093,270656,1884
2023/08/01 04:00:00+00,Weekday,23,Green Line,2064223,89749,1885
2023/08/01 04:00:00+00,Weekday,23,Mattapan Line,63719,2770,1886
2023/08/01 04:00:00+00,Weekday,23,Light Rail,2127942,92519,1887
2023/08/01 04:00:00+00,Weekday,23,Silver Line,710210,30879,1888
2023/08/01 04:00:00+00,Weekday,23,Bus,5611401,243974,1889
2023/08/01 04:00:00+00,Weekday,23,All Bus,6321611,274853,1890
2023/08/01 04:00:00+00,Weekday,23,Commuter Rail,2133281,92751,1891
2023/08/01 04:00:00+00,Weekday,23,Ferry,152556,6633,1892
2023/08/01 04:00:00+00,Weekday,23,The RIDE,82731,3597,1893
2023/08/01 04:00:00+00,Saturday,4,Blue Line,178291,44573,1894
2023/08/01 04:00:00+00,Saturday,4,Orange Line,293363,73341,1895
2023/08/01 04:00:00+00,Saturday,4,Red Line,310142,77536,1896
2023/08/01 04:00:00+00,Saturday,4,Heavy Rail,781796,195449,1897
2023/08/01 04:00:00+00,Saturday,4,Green Line,324625,81156,1898
2023/08/01 04:00:00+00,Saturday,4,Mattapan Line,6722,1680,1899
2023/08/01 04:00:00+00,Saturday,4,Light Rail,331347,82837,1900
2023/05/01 04:00:00+00,Weekday,22,Bus,5867238,266693,1901
2023/05/01 04:00:00+00,Weekday,22,Private Bus,55307,2514,1902
2023/05/01 04:00:00+00,Weekday,22,All Bus,6575587,298890,1903
2023/05/01 04:00:00+00,Weekday,22,Commuter Rail,2056788,93490,1904
2023/05/01 04:00:00+00,Weekday,22,Ferry,94646,4302,1905
2023/05/01 04:00:00+00,Weekday,22,The RIDE,81719,3714,1906
2023/05/01 04:00:00+00,Saturday,4,Blue Line,151180,37795,1907
2023/05/01 04:00:00+00,Saturday,4,Orange Line,248105,62026,1908
2023/05/01 04:00:00+00,Saturday,4,Red Line,264295,66074,1909
2023/05/01 04:00:00+00,Saturday,4,Heavy Rail,663580,165895,1910
2023/05/01 04:00:00+00,Saturday,4,Green Line,355856,88964,1911
2023/05/01 04:00:00+00,Saturday,4,Mattapan Line,3047,762,1912
2023/05/01 04:00:00+00,Saturday,4,Light Rail,358903,89726,1913
2023/05/01 04:00:00+00,Saturday,4,Silver Line,77879,19470,1914
2023/05/01 04:00:00+00,Saturday,4,Bus,613004,153251,1915
2023/05/01 04:00:00+00,Saturday,4,Private Bus,5524,1381,1916
2023/05/01 04:00:00+00,Saturday,4,All Bus,696406,174102,1917
2023/05/01 04:00:00+00,Saturday,4,Commuter Rail,125898,31474,1918
2023/05/01 04:00:00+00,Saturday,4,The RIDE,7360,1840,1919
2023/05/01 04:00:00+00,Sunday,4,Blue Line,131975,32994,1920
2023/05/01 04:00:00+00,Sunday,4,Orange Line,210295,52574,1921
2023/05/01 04:00:00+00,Sunday,4,Red Line,231255,57814,1922
2023/05/01 04:00:00+00,Sunday,4,Heavy Rail,573525,143381,1923
2023/05/01 04:00:00+00,Sunday,4,Green Line,301235,75309,1924
2023/05/01 04:00:00+00,Sunday,4,Mattapan Line,2102,526,1925
2023/05/01 04:00:00+00,Sunday,4,Light Rail,303337,75834,1926
2023/05/01 04:00:00+00,Sunday,4,Silver Line,88393,22098,1927
2023/05/01 04:00:00+00,Sunday,4,Bus,537550,134388,1928
2023/05/01 04:00:00+00,Sunday,4,Private Bus,3663,916,1929
2023/05/01 04:00:00+00,Sunday,4,All Bus,629606,157402,1930
2023/05/01 04:00:00+00,Sunday,4,Commuter Rail,104686,26172,1931
2023/05/01 04:00:00+00,Sunday,4,The RIDE,6600,1650,1932
2023/05/01 04:00:00+00,Total,31,Blue Line,1378765,44476,1933
2023/05/01 04:00:00+00,Total,31,Orange Line,2752676,88796,1934
2023/05/01 04:00:00+00,Total,31,Red Line,3391252,109395,1935
2023/05/01 04:00:00+00,Total,31,Heavy Rail,7522694,242668,1936
2023/05/01 04:00:00+00,Total,31,Green Line,3364296,108526,1937
2023/05/01 04:00:00+00,Total,31,Mattapan Line,77375,2496,1938
2023/05/01 04:00:00+00,Total,31,Light Rail,3441672,111022,1939
2023/05/01 04:00:00+00,Total,31,Silver Line,819313,26429,1940
2023/05/01 04:00:00+00,Total,31,Bus,7017792,226380,1941
2023/05/01 04:00:00+00,Total,31,Private Bus,64494,2080,1942
2023/05/01 04:00:00+00,Total,31,All Bus,7901599,254890,1943
2023/05/01 04:00:00+00,Total,31,Commuter Rail,2318035,74775,1944
2023/05/01 04:00:00+00,Total,31,Ferry,111263,3589,1945
2023/05/01 04:00:00+00,Total,31,The RIDE,95704,3087,1946
2023/04/01 04:00:00+00,Weekday,20,Blue Line,915968,45798,1947
2023/04/01 04:00:00+00,Weekday,20,Orange Line,2041560,102078,1948
2023/04/01 04:00:00+00,Weekday,20,Red Line,2559602,127980,1949
2023/04/01 04:00:00+00,Weekday,20,Heavy Rail,5517129,275856,1950
2023/07/01 04:00:00+00,Saturday,5,Light Rail,356919,71384,1951
2023/07/01 04:00:00+00,Saturday,5,Silver Line,103396,20679,1952
2023/07/01 04:00:00+00,Saturday,5,Bus,757055,151411,1953
2023/07/01 04:00:00+00,Saturday,5,Private Bus,7325,1465,1954
2023/07/01 04:00:00+00,Saturday,5,All Bus,867776,173555,1955
2023/07/01 04:00:00+00,Saturday,5,Commuter Rail,167928,33586,1956
2023/07/01 04:00:00+00,Saturday,5,Ferry,23843,4769,1957
2023/07/01 04:00:00+00,Saturday,5,The RIDE,9080,1816,1958
2023/07/01 04:00:00+00,Sunday,5,Blue Line,167826,33565,1959
2023/07/01 04:00:00+00,Sunday,5,Orange Line,270352,54070,1960
2023/07/01 04:00:00+00,Sunday,5,Red Line,313865,62773,1961
2023/07/01 04:00:00+00,Sunday,5,Heavy Rail,752043,150409,1962
2023/07/01 04:00:00+00,Sunday,5,Green Line,279168,55834,1963
2023/07/01 04:00:00+00,Sunday,5,Mattapan Line,5463,1093,1964
2023/07/01 04:00:00+00,Sunday,5,Light Rail,284630,56926,1965
2023/07/01 04:00:00+00,Sunday,5,Silver Line,106325,21265,1966
2023/07/01 04:00:00+00,Sunday,5,Bus,597425,119485,1967
2023/07/01 04:00:00+00,Sunday,5,Private Bus,5403,1081,1968
2023/07/01 04:00:00+00,Sunday,5,All Bus,709154,141831,1969
2023/07/01 04:00:00+00,Sunday,5,Commuter Rail,126503,25301,1970
2023/07/01 04:00:00+00,Sunday,5,Ferry,16675,3335,1971
2023/07/01 04:00:00+00,Sunday,5,The RIDE,7590,1518,1972
2023/07/01 04:00:00+00,Total,31,Blue Line,1418568,45760,1973
2023/07/01 04:00:00+00,Total,31,Orange Line,2656511,85694,1974
2023/07/01 04:00:00+00,Total,31,Red Line,3241811,104575,1975
2023/07/01 04:00:00+00,Total,31,Heavy Rail,7316891,236029,1976
2023/07/01 04:00:00+00,Total,31,Green Line,2578698,83184,1977
2023/07/01 04:00:00+00,Total,31,Mattapan Line,71642,2311,1978
2023/07/01 04:00:00+00,Total,31,Light Rail,2650340,85495,1979
2023/07/01 04:00:00+00,Total,31,Silver Line,825974,26644,1980
2023/07/01 04:00:00+00,Total,31,Bus,6300653,203247,1981
2023/07/01 04:00:00+00,Total,31,Private Bus,60854,1963,1982
2023/07/01 04:00:00+00,Total,31,All Bus,7187481,231854,1983
2023/07/01 04:00:00+00,Total,31,Commuter Rail,2187378,70561,1984
2023/07/01 04:00:00+00,Total,31,Ferry,177195,5716,1985
2023/07/01 04:00:00+00,Total,31,The RIDE,88664,2860,1986
2023/06/01 04:00:00+00,Weekday,22,Blue Line,1083549,49252,1987
2023/06/01 04:00:00+00,Weekday,22,Orange Line,2167324,98515,1988
2023/06/01 04:00:00+00,Weekday,22,Red Line,2771939,125997,1989
2023/06/01 04:00:00+00,Weekday,22,Heavy Rail,6022811,273764,1990
2023/06/01 04:00:00+00,Weekday,22,Green Line,2458728,111760,1991
2023/06/01 04:00:00+00,Weekday,22,Mattapan Line,66227,3010,1992
2023/06/01 04:00:00+00,Weekday,22,Light Rail,2524955,114771,1993
2023/06/01 04:00:00+00,Weekday,22,Silver Line,665353,30243,1994
2023/06/01 04:00:00+00,Weekday,22,Bus,5530092,251368,1995
2023/06/01 04:00:00+00,Weekday,22,Private Bus,53502,2432,1996
2023/06/01 04:00:00+00,Weekday,22,All Bus,6248947,284043,1997
2023/06/01 04:00:00+00,Weekday,22,Commuter Rail,2044565,92935,1998
2023/06/01 04:00:00+00,Weekday,22,Ferry,111753,5080,1999
2023/06/01 04:00:00+00,Weekday,22,The RIDE,78100,3550,2000
2023/03/01 05:00:00+00,Weekday,23,Blue Line,1031519,44849,2001
2023/03/01 05:00:00+00,Weekday,23,Orange Line,2332041,101393,2002
2023/03/01 05:00:00+00,Weekday,23,Red Line,2836598,123330,2003
2023/03/01 05:00:00+00,Weekday,23,Heavy Rail,6200158,269572,2004
2023/03/01 05:00:00+00,Weekday,23,Green Line,2664211,115835,2005
2023/03/01 05:00:00+00,Weekday,23,Mattapan Line,77555,3372,2006
2023/03/01 05:00:00+00,Weekday,23,Light Rail,2741766,119207,2007
2023/03/01 05:00:00+00,Weekday,23,Silver Line,615675,26768,2008
2023/03/01 05:00:00+00,Weekday,23,Bus,5879290,255621,2009
2023/03/01 05:00:00+00,Weekday,23,Private Bus,49329,2145,2010
2023/03/01 05:00:00+00,Weekday,23,All Bus,6544294,284535,2011
2023/03/01 05:00:00+00,Weekday,23,Commuter Rail,1889751,82163,2012
2023/03/01 05:00:00+00,Weekday,23,Ferry,63672,2768,2013
2023/03/01 05:00:00+00,Weekday,23,The RIDE,82064,3568,2014
2023/03/01 05:00:00+00,Saturday,4,Blue Line,128384,32096,2015
2023/03/01 05:00:00+00,Saturday,4,Orange Line,220166,55042,2016
2023/03/01 05:00:00+00,Saturday,4,Red Line,217187,54297,2017
2023/03/01 05:00:00+00,Saturday,4,Heavy Rail,565736,141434,2018
2023/03/01 05:00:00+00,Saturday,4,Green Line,340386,85096,2019
2023/03/01 05:00:00+00,Saturday,4,Mattapan Line,5480,1370,2020
2023/03/01 05:00:00+00,Saturday,4,Light Rail,345866,86466,2021
2023/03/01 05:00:00+00,Saturday,4,Silver Line,66898,16724,2022
2023/03/01 05:00:00+00,Saturday,4,Bus,539092,134773,2023
2023/03/01 05:00:00+00,Saturday,4,Private Bus,4438,1110,2024
2023/03/01 05:00:00+00,Saturday,4,All Bus,610428,152607,2025
2023/03/01 05:00:00+00,Saturday,4,Commuter Rail,104309,26077,2026
2023/03/01 05:00:00+00,Saturday,4,The RIDE,6712,1678,2027
2023/03/01 05:00:00+00,Sunday,4,Blue Line,110086,27522,2028
2023/03/01 05:00:00+00,Sunday,4,Orange Line,178295,44574,2029
2023/03/01 05:00:00+00,Sunday,4,Red Line,187814,46954,2030
2023/03/01 05:00:00+00,Sunday,4,Heavy Rail,476196,119049,2031
2023/03/01 05:00:00+00,Sunday,4,Green Line,282692,70673,2032
2023/03/01 05:00:00+00,Sunday,4,Mattapan Line,4199,1050,2033
2023/03/01 05:00:00+00,Sunday,4,Light Rail,286891,71723,2034
2023/03/01 05:00:00+00,Sunday,4,Silver Line,58672,14668,2035
2023/03/01 05:00:00+00,Sunday,4,Bus,393935,98484,2036
2023/03/01 05:00:00+00,Sunday,4,Private Bus,3169,792,2037
2023/03/01 05:00:00+00,Sunday,4,All Bus,455777,113944,2038
2023/03/01 05:00:00+00,Sunday,4,Commuter Rail,112475,28119,2039
2023/03/01 05:00:00+00,Sunday,4,The RIDE,6068,1517,2040
2023/03/01 05:00:00+00,Total,31,Blue Line,1269989,40967,2041
2023/03/01 05:00:00+00,Total,31,Orange Line,2730502,88081,2042
2023/03/01 05:00:00+00,Total,31,Red Line,3241600,104568,2043
2023/03/01 05:00:00+00,Total,31,Heavy Rail,7242090,233616,2044
2023/03/01 05:00:00+00,Total,31,Green Line,3287289,106042,2045
2023/03/01 05:00:00+00,Total,31,Mattapan Line,87234,2814,2046
2023/03/01 05:00:00+00,Total,31,Light Rail,3374523,108856,2047
2023/03/01 05:00:00+00,Total,31,Silver Line,741245,23911,2048
2023/03/01 05:00:00+00,Total,31,Bus,6812317,219752,2049
2023/03/01 05:00:00+00,Total,31,Private Bus,56936,1837,2050
2022/11/01 04:00:00+00,Sunday,4,Private Bus,3492,873,2051
2022/11/01 04:00:00+00,Sunday,4,All Bus,507434,126858,2052
2022/11/01 04:00:00+00,Sunday,4,Commuter Rail,91650,22912,2053
2022/11/01 04:00:00+00,Sunday,4,The RIDE,5780,1445,2054
2022/11/01 04:00:00+00,Total,30,Blue Line,1194637,39821,2055
2022/11/01 04:00:00+00,Total,30,Orange Line,2706887,90230,2056
2022/11/01 04:00:00+00,Total,30,Red Line,3455569,115186,2057
2022/11/01 04:00:00+00,Total,30,Heavy Rail,7357093,245236,2058
2022/11/01 04:00:00+00,Total,30,Green Line,3162598,105420,2059
2022/11/01 04:00:00+00,Total,30,Mattapan Line,85444,2848,2060
2022/11/01 04:00:00+00,Total,30,Light Rail,3248042,108268,2061
2022/11/01 04:00:00+00,Total,30,Silver Line,733218,24441,2062
2022/11/01 04:00:00+00,Total,30,Bus,6312454,210415,2063
2022/11/01 04:00:00+00,Total,30,Private Bus,56412,1880,2064
2022/11/01 04:00:00+00,Total,30,All Bus,7102084,236736,2065
2022/11/01 04:00:00+00,Total,30,Commuter Rail,1913514,63784,2066
2022/11/01 04:00:00+00,Total,30,Ferry,64684,2156,2067
2022/11/01 04:00:00+00,Total,30,The RIDE,84969,2832,2068
2022/10/01 04:00:00+00,Weekday,21,Blue Line,983389,46828,2069
2022/10/01 04:00:00+00,Weekday,21,Orange Line,2209360,105208,2070
2022/10/01 04:00:00+00,Weekday,21,Red Line,2959789,140942,2071
2022/10/01 04:00:00+00,Weekday,21,Heavy Rail,6152538,292978,2072
2022/10/01 04:00:00+00,Weekday,21,Green Line,2560380,121923,2073
2022/10/01 04:00:00+00,Weekday,21,Mattapan Line,78638,3745,2074
2022/10/01 04:00:00+00,Weekday,21,Light Rail,2639017,125667,2075
2022/10/01 04:00:00+00,Weekday,21,Silver Line,587607,27981,2076
2022/10/01 04:00:00+00,Weekday,21,Bus,5500695,261938,2077
2022/10/01 04:00:00+00,Weekday,21,Private Bus,47314,2253,2078
2022/10/01 04:00:00+00,Weekday,21,All Bus,6135616,292172,2079
2022/10/01 04:00:00+00,Weekday,21,Commuter Rail,1764085,84004,2080
2022/10/01 04:00:00+00,Weekday,21,Ferry,68437,3259,2081
2022/10/01 04:00:00+00,Weekday,21,The RIDE,73101,3481,2082
2022/10/01 04:00:00+00,Saturday,5,Blue Line,190127,38025,2083
2022/10/01 04:00:00+00,Saturday,5,Orange Line,380613,76123,2084
2022/10/01 04:00:00+00,Saturday,5,Red Line,454830,90966,2085
2022/10/01 04:00:00+00,Saturday,5,Heavy Rail,1025569,205114,2086
2022/10/01 04:00:00+00,Saturday,5,Green Line,518214,103643,2087
2022/10/01 04:00:00+00,Saturday,5,Mattapan Line,6046,1209,2088
2022/10/01 04:00:00+00,Saturday,5,Light Rail,524260,104852,2089
2022/10/01 04:00:00+00,Saturday,5,Silver Line,94511,18902,2090
2022/10/01 04:00:00+00,Saturday,5,Bus,772263,154453,2091
2022/10/01 04:00:00+00,Saturday,5,Private Bus,6816,1363,2092
2022/10/01 04:00:00+00,Saturday,5,All Bus,873589,174718,2093
2022/10/01 04:00:00+00,Saturday,5,Commuter Rail,198682,39736,2094
2022/10/01 04:00:00+00,Saturday,5,The RIDE,9105,1821,2095
2022/10/01 04:00:00+00,Sunday,5,Blue Line,145025,29005,2096
2022/10/01 04:00:00+00,Sunday,5,Orange Line,266012,53202,2097
2022/10/01 04:00:00+00,Sunday,5,Red Line,326682,65336,2098
2022/10/01 04:00:00+00,Sunday,5,Heavy Rail,737719,147544,2099
2022/10/01 04:00:00+00,Sunday,5,Green Line,378507,75701,2100
2023/04/01 04:00:00+00,Weekday,20,Green Line,2514478,125724,2101
2023/04/01 04:00:00+00,Weekday,20,Mattapan Line,62916,3146,2102
2023/04/01 04:00:00+00,Weekday,20,Light Rail,2577394,128870,2103
2023/04/01 04:00:00+00,Weekday,20,Silver Line,523782,26189,2104
2023/04/01 04:00:00+00,Weekday,20,Bus,4952698,247635,2105
2023/04/01 04:00:00+00,Weekday,20,Private Bus,45967,2298,2106
2023/04/01 04:00:00+00,Weekday,20,All Bus,5522446,276122,2107
2023/04/01 04:00:00+00,Weekday,20,Commuter Rail,1701832,85092,2108
2023/04/01 04:00:00+00,Weekday,20,Ferry,75162,3758,2109
2023/04/01 04:00:00+00,Weekday,20,The RIDE,70720,3536,2110
2023/04/01 04:00:00+00,Saturday,5,Blue Line,177511,35502,2111
2023/04/01 04:00:00+00,Saturday,5,Orange Line,282035,56407,2112
2023/04/01 04:00:00+00,Saturday,5,Red Line,340116,68023,2113
2023/04/01 04:00:00+00,Saturday,5,Heavy Rail,799662,159932,2114
2023/04/01 04:00:00+00,Saturday,5,Green Line,500602,100120,2115
2023/04/01 04:00:00+00,Saturday,5,Mattapan Line,7596,1519,2116
2023/04/01 04:00:00+00,Saturday,5,Light Rail,508198,101640,2117
2023/04/01 04:00:00+00,Saturday,5,Silver Line,89822,17964,2118
2023/04/01 04:00:00+00,Saturday,5,Bus,757342,151468,2119
2023/04/01 04:00:00+00,Saturday,5,Private Bus,6755,1351,2120
2023/04/01 04:00:00+00,Saturday,5,All Bus,853918,170784,2121
2023/04/01 04:00:00+00,Saturday,5,Commuter Rail,156654,31331,2122
2023/04/01 04:00:00+00,Saturday,5,The RIDE,8800,1760,2123
2023/04/01 04:00:00+00,Sunday,5,Blue Line,132602,26520,2124
2023/04/01 04:00:00+00,Sunday,5,Orange Line,206707,41341,2125
2023/04/01 04:00:00+00,Sunday,5,Red Line,241661,48332,2126
2023/04/01 04:00:00+00,Sunday,5,Heavy Rail,580970,116194,2127
2023/04/01 04:00:00+00,Sunday,5,Green Line,363967,72793,2128
2023/04/01 04:00:00+00,Sunday,5,Mattapan Line,4805,961,2129
2023/04/01 04:00:00+00,Sunday,5,Light Rail,368772,73754,2130
2023/04/01 04:00:00+00,Sunday,5,Silver Line,76668,15334,2131
2023/04/01 04:00:00+00,Sunday,5,Bus,477777,95555,2132
2023/04/01 04:00:00+00,Sunday,5,Private Bus,3841,768,2133
2023/04/01 04:00:00+00,Sunday,5,All Bus,558285,111657,2134
2023/04/01 04:00:00+00,Sunday,5,Commuter Rail,116528,23306,2135
2023/04/01 04:00:00+00,Sunday,5,The RIDE,7615,1523,2136
2023/04/01 04:00:00+00,Total,30,Blue Line,1226081,40869,2137
2023/04/01 04:00:00+00,Total,30,Orange Line,2530301,84343,2138
2023/04/01 04:00:00+00,Total,30,Red Line,3141379,104713,2139
2023/04/01 04:00:00+00,Total,30,Heavy Rail,6897761,229925,2140
2023/04/01 04:00:00+00,Total,30,Green Line,3379047,112635,2141
2023/04/01 04:00:00+00,Total,30,Mattapan Line,75318,2511,2142
2023/04/01 04:00:00+00,Total,30,Light Rail,3454365,115146,2143
2023/04/01 04:00:00+00,Total,30,Silver Line,714204,23807,2144
2023/04/01 04:00:00+00,Total,30,Bus,6347726,211591,2145
2023/04/01 04:00:00+00,Total,30,Private Bus,56563,1885,2146
2023/04/01 04:00:00+00,Total,30,All Bus,7118493,237283,2147
2023/04/01 04:00:00+00,Total,30,Commuter Rail,2075362,69179,2148
2023/04/01 04:00:00+00,Total,30,Ferry,81549,2718,2149
2023/04/01 04:00:00+00,Total,30,The RIDE,87143,2905,2150
2023/02/01 05:00:00+00,Total,28,Light Rail,2997773,107063,2151
2023/01/01 05:00:00+00,Total,31,Heavy Rail,6686737,215701,2152
2022/12/01 05:00:00+00,Total,31,Blue Line,1096139,35359,2153
2023/03/01 05:00:00+00,Total,31,All Bus,7610499,245500,2154
2023/03/01 05:00:00+00,Total,31,Commuter Rail,2106535,67953,2155
2023/03/01 05:00:00+00,Total,31,Ferry,65883,2125,2156
2023/03/01 05:00:00+00,Total,31,The RIDE,94862,3060,2157
2023/02/01 05:00:00+00,Weekday,19,Blue Line,820081,43162,2158
2023/02/01 05:00:00+00,Weekday,19,Orange Line,1880203,98958,2159
2023/02/01 05:00:00+00,Weekday,19,Red Line,2337093,123005,2160
2023/02/01 05:00:00+00,Weekday,19,Heavy Rail,5037377,265125,2161
2023/02/01 05:00:00+00,Weekday,19,Green Line,2234148,117587,2162
2023/02/01 05:00:00+00,Weekday,19,Mattapan Line,63492,3342,2163
2023/02/01 05:00:00+00,Weekday,19,Light Rail,2297641,120928,2164
2023/02/01 05:00:00+00,Weekday,19,Silver Line,465735,24512,2165
2023/02/01 05:00:00+00,Weekday,19,Bus,4589920,241575,2166
2023/02/01 05:00:00+00,Weekday,19,Private Bus,38755,2040,2167
2023/02/01 05:00:00+00,Weekday,19,All Bus,5094410,268127,2168
2023/02/01 05:00:00+00,Weekday,19,Commuter Rail,1531884,80625,2169
2023/02/01 05:00:00+00,Weekday,19,Ferry,48789,2568,2170
2023/02/01 05:00:00+00,Weekday,19,The RIDE,66080,3478,2171
2023/02/01 05:00:00+00,Saturday,4,Blue Line,111598,27900,2172
2023/02/01 05:00:00+00,Saturday,4,Orange Line,178252,44563,2173
2023/02/01 05:00:00+00,Saturday,4,Red Line,244335,61084,2174
2023/02/01 05:00:00+00,Saturday,4,Heavy Rail,534184,133546,2175
2023/02/01 05:00:00+00,Saturday,4,Green Line,324372,81093,2176
2023/02/01 05:00:00+00,Saturday,4,Mattapan Line,6027,1507,2177
2023/02/01 05:00:00+00,Saturday,4,Light Rail,330399,82600,2178
2023/02/01 05:00:00+00,Saturday,4,Silver Line,77304,19326,2179
2023/02/01 05:00:00+00,Saturday,4,Bus,629420,157355,2180
2023/02/01 05:00:00+00,Saturday,4,Private Bus,5507,1377,2181
2023/02/01 05:00:00+00,Saturday,4,All Bus,712232,178058,2182
2023/02/01 05:00:00+00,Saturday,4,Commuter Rail,83538,20884,2183
2023/02/01 05:00:00+00,Saturday,4,The RIDE,6220,1555,2184
2023/02/01 05:00:00+00,Sunday,4,Blue Line,98406,24602,2185
2023/02/01 05:00:00+00,Sunday,4,Orange Line,159974,39994,2186
2023/02/01 05:00:00+00,Sunday,4,Red Line,217472,54368,2187
2023/02/01 05:00:00+00,Sunday,4,Heavy Rail,475852,118963,2188
2023/02/01 05:00:00+00,Sunday,4,Green Line,281988,70497,2189
2023/02/01 05:00:00+00,Sunday,4,Mattapan Line,4472,1118,2190
2023/02/01 05:00:00+00,Sunday,4,Light Rail,286460,71615,2191
2023/02/01 05:00:00+00,Sunday,4,Silver Line,53508,13377,2192
2023/02/01 05:00:00+00,Sunday,4,Bus,372739,93185,2193
2023/02/01 05:00:00+00,Sunday,4,Private Bus,2973,743,2194
2023/02/01 05:00:00+00,Sunday,4,All Bus,429220,107305,2195
2023/02/01 05:00:00+00,Sunday,4,Commuter Rail,62386,15596,2196
2023/02/01 05:00:00+00,Sunday,4,The RIDE,5880,1470,2197
2023/02/01 05:00:00+00,Total,28,Blue Line,1063319,37976,2198
2023/02/01 05:00:00+00,Total,28,Orange Line,2279401,81407,2199
2023/02/01 05:00:00+00,Total,28,Red Line,2871170,102542,2200
2023/02/01 05:00:00+00,Total,28,Heavy Rail,6213890,221925,2201
2023/02/01 05:00:00+00,Total,28,Green Line,2921889,104353,2202
2023/02/01 05:00:00+00,Total,28,Mattapan Line,75883,2710,2203
2022/12/01 05:00:00+00,Total,31,Orange Line,2466131,79553,2204
2023/02/01 05:00:00+00,Total,28,Silver Line,596547,21305,2205
2023/01/01 05:00:00+00,Total,31,Green Line,2726477,87951,2206
2023/01/01 05:00:00+00,Total,31,Mattapan Line,78723,2539,2207
2023/01/01 05:00:00+00,Total,31,Light Rail,2805200,90490,2208
2023/01/01 05:00:00+00,Total,31,Silver Line,675591,21793,2209
2023/01/01 05:00:00+00,Total,31,Bus,6026436,194401,2210
2023/01/01 05:00:00+00,Total,31,All Bus,6702027,216194,2211
2023/01/01 05:00:00+00,Total,31,Commuter Rail,1840509,59371,2212
2023/01/01 05:00:00+00,Total,31,Ferry,45930,1482,2213
2023/01/01 05:00:00+00,Total,31,The RIDE,83708,2700,2214
2022/12/01 05:00:00+00,Weekday,21,Blue Line,847989,40380,2215
2022/12/01 05:00:00+00,Weekday,21,Orange Line,1979416,94258,2216
2022/12/01 05:00:00+00,Weekday,21,Red Line,2474876,117851,2217
2022/12/01 05:00:00+00,Weekday,21,Heavy Rail,5302281,252490,2218
2022/12/01 05:00:00+00,Weekday,21,Green Line,2183221,103963,2219
2022/12/01 05:00:00+00,Weekday,21,Mattapan Line,65743,3131,2220
2022/12/01 05:00:00+00,Weekday,21,Light Rail,2248964,107094,2221
2022/12/01 05:00:00+00,Weekday,21,Silver Line,515883,24566,2222
2022/12/01 05:00:00+00,Weekday,21,Bus,4733062,225384,2223
2022/12/01 05:00:00+00,Weekday,21,Private Bus,44709,2129,2224
2022/12/01 05:00:00+00,Weekday,21,All Bus,5293654,252079,2225
2022/12/01 05:00:00+00,Weekday,21,Commuter Rail,1541928,73425,2226
2022/12/01 05:00:00+00,Weekday,21,Ferry,48765,2322,2227
2022/12/01 05:00:00+00,Weekday,21,The RIDE,69212,3296,2228
2022/12/01 05:00:00+00,Saturday,5,Blue Line,140983,28197,2229
2022/12/01 05:00:00+00,Saturday,5,Orange Line,277884,55577,2230
2022/12/01 05:00:00+00,Saturday,5,Red Line,297809,59562,2231
2022/12/01 05:00:00+00,Saturday,5,Heavy Rail,716675,143335,2232
2022/12/01 05:00:00+00,Saturday,5,Green Line,377844,75569,2233
2022/12/01 05:00:00+00,Saturday,5,Mattapan Line,4140,828,2234
2022/12/01 05:00:00+00,Saturday,5,Light Rail,381985,76397,2235
2022/12/01 05:00:00+00,Saturday,5,Silver Line,87440,17488,2236
2022/12/01 05:00:00+00,Saturday,5,Bus,611800,122360,2237
2022/12/01 05:00:00+00,Saturday,5,Private Bus,5236,1047,2238
2022/12/01 05:00:00+00,Saturday,5,All Bus,704476,140895,2239
2022/12/01 05:00:00+00,Saturday,5,Commuter Rail,126361,25272,2240
2022/12/01 05:00:00+00,Saturday,5,The RIDE,8445,1689,2241
2022/12/01 05:00:00+00,Sunday,4,Blue Line,84800,21200,2242
2022/12/01 05:00:00+00,Sunday,4,Orange Line,167997,41999,2243
2022/12/01 05:00:00+00,Sunday,4,Red Line,177588,44397,2244
2022/12/01 05:00:00+00,Sunday,4,Heavy Rail,430385,107596,2245
2022/12/01 05:00:00+00,Sunday,4,Green Line,229721,57430,2246
2022/12/01 05:00:00+00,Sunday,4,Mattapan Line,1511,378,2247
2022/12/01 05:00:00+00,Sunday,4,Light Rail,231232,57808,2248
2022/12/01 05:00:00+00,Sunday,4,Silver Line,62632,15658,2249
2022/12/01 05:00:00+00,Sunday,4,Bus,366294,91574,2250
2022/12/01 05:00:00+00,Sunday,4,Private Bus,3120,780,2251
2022/12/01 05:00:00+00,Sunday,4,All Bus,432046,108012,2252
2022/12/01 05:00:00+00,Sunday,4,Commuter Rail,70967,17742,2253
2022/12/01 05:00:00+00,Sunday,4,The RIDE,5740,1435,2254
2023/02/01 05:00:00+00,Total,28,Bus,5592079,199717,2255
2023/02/01 05:00:00+00,Total,28,Private Bus,47236,1687,2256
2023/02/01 05:00:00+00,Total,28,All Bus,6235862,222709,2257
2023/02/01 05:00:00+00,Total,28,Commuter Rail,1704568,60877,2258
2023/02/01 05:00:00+00,Total,28,Ferry,50578,1806,2259
2023/02/01 05:00:00+00,Total,28,The RIDE,78197,2793,2260
2023/01/01 05:00:00+00,Weekday,20,Blue Line,818684,40934,2261
2023/01/01 05:00:00+00,Weekday,20,Orange Line,1967801,98390,2262
2023/01/01 05:00:00+00,Weekday,20,Red Line,2455555,122778,2263
2023/01/01 05:00:00+00,Weekday,20,Heavy Rail,5242040,262102,2264
2022/12/01 05:00:00+00,Total,31,Red Line,2993597,96568,2265
2023/01/01 05:00:00+00,Weekday,20,Green Line,1996585,99829,2266
2022/12/01 05:00:00+00,Total,31,Heavy Rail,6555867,211480,2267
2023/01/01 05:00:00+00,Weekday,20,Mattapan Line,66583,3329,2268
2022/12/01 05:00:00+00,Total,31,Green Line,2839842,91608,2269
2023/01/01 05:00:00+00,Weekday,20,Light Rail,2063168,103158,2270
2022/12/01 05:00:00+00,Total,31,Mattapan Line,72638,2343,2271
2023/01/01 05:00:00+00,Weekday,20,Silver Line,505262,25263,2272
2022/12/01 05:00:00+00,Total,31,Light Rail,2912480,93951,2273
2023/01/01 05:00:00+00,Weekday,20,Bus,4843446,242172,2274
2022/12/01 05:00:00+00,Total,31,Silver Line,673921,21739,2275
2023/01/01 05:00:00+00,Weekday,20,All Bus,5348709,267435,2276
2022/12/01 05:00:00+00,Total,31,Bus,5750635,185504,2277
2023/01/01 05:00:00+00,Weekday,20,Commuter Rail,1596671,79834,2278
2022/12/01 05:00:00+00,Total,31,Private Bus,53065,1712,2279
2023/01/01 05:00:00+00,Weekday,20,Ferry,44087,2204,2280
2022/12/01 05:00:00+00,Total,31,All Bus,6477621,208956,2281
2023/01/01 05:00:00+00,Weekday,20,The RIDE,70378,3519,2282
2022/12/01 05:00:00+00,Total,31,Commuter Rail,1752446,56531,2283
2023/01/01 05:00:00+00,Saturday,4,Blue Line,124228,31057,2284
2022/12/01 05:00:00+00,Total,31,Ferry,50342,1624,2285
2023/01/01 05:00:00+00,Saturday,4,Orange Line,217786,54446,2286
2022/12/01 05:00:00+00,Total,31,The RIDE,83404,2690,2287
2023/01/01 05:00:00+00,Saturday,4,Red Line,288066,72016,2288
2022/11/01 04:00:00+00,Weekday,21,Blue Line,930128,44292,2289
2023/01/01 05:00:00+00,Saturday,4,Heavy Rail,630080,157520,2290
2022/11/01 04:00:00+00,Weekday,21,Orange Line,2187460,104165,2291
2023/01/01 05:00:00+00,Saturday,4,Green Line,332225,83056,2292
2022/11/01 04:00:00+00,Weekday,21,Red Line,2828740,134702,2293
2023/01/01 05:00:00+00,Saturday,4,Mattapan Line,5053,1263,2294
2022/11/01 04:00:00+00,Weekday,21,Heavy Rail,5946329,283159,2295
2023/01/01 05:00:00+00,Saturday,4,Light Rail,337277,84319,2296
2022/11/01 04:00:00+00,Weekday,21,Green Line,2464968,117379,2297
2023/01/01 05:00:00+00,Saturday,4,Silver Line,84700,21175,2298
2022/11/01 04:00:00+00,Weekday,21,Mattapan Line,75906,3615,2299
2023/01/01 05:00:00+00,Saturday,4,Bus,658938,164734,2300
2023/01/01 05:00:00+00,Saturday,4,All Bus,743638,185910,2301
2023/01/01 05:00:00+00,Saturday,4,Commuter Rail,99480,24870,2302
2023/01/01 05:00:00+00,Saturday,4,Ferry,1047,262,2303
2023/01/01 05:00:00+00,Saturday,4,The RIDE,6840,1710,2304
2023/01/01 05:00:00+00,Sunday,5,Blue Line,111763,22353,2305
2023/01/01 05:00:00+00,Sunday,5,Orange Line,185568,37114,2306
2023/01/01 05:00:00+00,Sunday,5,Red Line,251977,50395,2307
2023/01/01 05:00:00+00,Sunday,5,Heavy Rail,549309,109862,2308
2023/01/01 05:00:00+00,Sunday,5,Green Line,272434,54487,2309
2023/01/01 05:00:00+00,Sunday,5,Mattapan Line,4133,827,2310
2023/01/01 05:00:00+00,Sunday,5,Light Rail,276567,55313,2311
2023/01/01 05:00:00+00,Sunday,5,Silver Line,85628,17126,2312
2023/01/01 05:00:00+00,Sunday,5,Bus,524052,104810,2313
2023/01/01 05:00:00+00,Sunday,5,All Bus,609680,121936,2314
2023/01/01 05:00:00+00,Sunday,4,Commuter Rail,71181,17795,2315
2023/01/01 05:00:00+00,Sunday,4,Ferry,796,199,2316
2023/01/01 05:00:00+00,Sunday,5,The RIDE,6480,1296,2317
2023/01/01 05:00:00+00,Total,31,Blue Line,1105519,35662,2318
2023/01/01 05:00:00+00,Total,31,Orange Line,2471445,79724,2319
2023/01/01 05:00:00+00,Total,31,Red Line,3109773,100315,2320
2022/11/01 04:00:00+00,Weekday,21,Light Rail,2540875,120994,2321
2022/11/01 04:00:00+00,Weekday,21,Silver Line,581329,27682,2322
2022/11/01 04:00:00+00,Weekday,21,Bus,5293748,252083,2323
2022/11/01 04:00:00+00,Weekday,21,Private Bus,47856,2279,2324
2022/11/01 04:00:00+00,Weekday,21,All Bus,5922933,282044,2325
2022/11/01 04:00:00+00,Weekday,21,Commuter Rail,1675246,79774,2326
2022/11/01 04:00:00+00,Weekday,21,Ferry,60994,2904,2327
2022/11/01 04:00:00+00,Weekday,21,The RIDE,72490,3452,2328
2022/11/01 04:00:00+00,Saturday,4,Blue Line,145311,36328,2329
2022/11/01 04:00:00+00,Saturday,4,Orange Line,289501,72375,2330
2022/11/01 04:00:00+00,Saturday,4,Red Line,347979,86995,2331
2022/11/01 04:00:00+00,Saturday,4,Heavy Rail,782791,195698,2332
2022/11/01 04:00:00+00,Saturday,4,Green Line,386128,96532,2333
2022/11/01 04:00:00+00,Saturday,4,Mattapan Line,5274,1318,2334
2022/11/01 04:00:00+00,Saturday,4,Light Rail,391402,97850,2335
2022/11/01 04:00:00+00,Saturday,4,Silver Line,78119,19530,2336
2022/11/01 04:00:00+00,Saturday,4,Bus,588534,147134,2337
2022/11/01 04:00:00+00,Saturday,4,Private Bus,5065,1266,2338
2022/11/01 04:00:00+00,Saturday,4,All Bus,671717,167929,2339
2022/11/01 04:00:00+00,Saturday,4,Commuter Rail,128518,32130,2340
2022/11/01 04:00:00+00,Saturday,4,The RIDE,6688,1672,2341
2022/11/01 04:00:00+00,Sunday,4,Blue Line,104901,26225,2342
2022/11/01 04:00:00+00,Sunday,4,Orange Line,204346,51086,2343
2022/11/01 04:00:00+00,Sunday,4,Red Line,247805,61951,2344
2022/11/01 04:00:00+00,Sunday,4,Heavy Rail,557053,139263,2345
2022/11/01 04:00:00+00,Sunday,4,Green Line,281833,70458,2346
2022/11/01 04:00:00+00,Sunday,4,Mattapan Line,3468,867,2347
2022/11/01 04:00:00+00,Sunday,4,Light Rail,285300,71325,2348
2022/11/01 04:00:00+00,Sunday,4,Silver Line,73769,18442,2349
2022/11/01 04:00:00+00,Sunday,4,Bus,430173,107543,2350
2022/10/01 04:00:00+00,Sunday,5,Mattapan Line,3971,794,2351
2022/10/01 04:00:00+00,Sunday,5,Light Rail,382478,76496,2352
2022/10/01 04:00:00+00,Sunday,5,Silver Line,76422,15284,2353
2022/10/01 04:00:00+00,Sunday,5,Bus,502613,100523,2354
2022/10/01 04:00:00+00,Sunday,5,Private Bus,3876,775,2355
2022/10/01 04:00:00+00,Sunday,5,All Bus,582910,116582,2356
2022/10/01 04:00:00+00,Sunday,5,Commuter Rail,143082,28616,2357
2022/10/01 04:00:00+00,Sunday,5,The RIDE,7200,1440,2358
2022/10/01 04:00:00+00,Total,31,Blue Line,1318541,42534,2359
2022/10/01 04:00:00+00,Total,31,Orange Line,2855984,92129,2360
2022/10/01 04:00:00+00,Total,31,Red Line,3741301,120687,2361
2022/10/01 04:00:00+00,Total,31,Heavy Rail,7915826,255349,2362
2022/10/01 04:00:00+00,Total,31,Green Line,3457100,111519,2363
2022/10/01 04:00:00+00,Total,31,Mattapan Line,88654,2860,2364
2022/10/01 04:00:00+00,Total,31,Light Rail,3545754,114379,2365
2022/10/01 04:00:00+00,Total,31,Silver Line,758539,24469,2366
2022/10/01 04:00:00+00,Total,31,Bus,6775570,218567,2367
2022/10/01 04:00:00+00,Total,31,Private Bus,58007,1871,2368
2022/10/01 04:00:00+00,Total,31,All Bus,7592116,244907,2369
2022/10/01 04:00:00+00,Total,31,Commuter Rail,2105849,67931,2370
2022/10/01 04:00:00+00,Total,31,Ferry,79689,2571,2371
2022/10/01 04:00:00+00,Total,31,The RIDE,89414,2884,2372
2022/09/01 04:00:00+00,Weekday,21,Blue Line,1013280,48251,2373
2022/09/01 04:00:00+00,Weekday,21,Orange Line,1184230,56392,2374
2022/09/01 04:00:00+00,Weekday,21,Red Line,2929320,139491,2375
2022/09/01 04:00:00+00,Weekday,21,Heavy Rail,5126830,244135,2376
2022/09/01 04:00:00+00,Weekday,21,Green Line,2655913,126472,2377
2022/09/01 04:00:00+00,Weekday,21,Mattapan Line,88529,4216,2378
2022/09/01 04:00:00+00,Weekday,21,Light Rail,2744442,130688,2379
2022/09/01 04:00:00+00,Weekday,21,Silver Line,600894,28614,2380
2022/09/01 04:00:00+00,Weekday,21,Bus,5508602,262314,2381
2022/09/01 04:00:00+00,Weekday,21,Private Bus,47679,2270,2382
2022/09/01 04:00:00+00,Weekday,21,All Bus,6157176,293199,2383
2022/09/01 04:00:00+00,Weekday,21,Commuter Rail,1731028,82430,2384
2022/09/01 04:00:00+00,Weekday,21,Ferry,75126,3577,2385
2022/09/01 04:00:00+00,Weekday,21,The RIDE,75614,3601,2386
2022/09/01 04:00:00+00,Saturday,4,Blue Line,158268,39567,2387
2022/09/01 04:00:00+00,Saturday,4,Orange Line,106840,26710,2388
2022/09/01 04:00:00+00,Saturday,4,Red Line,373938,93484,2389
2022/09/01 04:00:00+00,Saturday,4,Heavy Rail,639046,159762,2390
2022/09/01 04:00:00+00,Saturday,4,Green Line,416596,104149,2391
2022/09/01 04:00:00+00,Saturday,4,Mattapan Line,8552,2138,2392
2022/09/01 04:00:00+00,Saturday,4,Light Rail,425149,106287,2393
2022/09/01 04:00:00+00,Saturday,4,Silver Line,77922,19480,2394
2022/09/01 04:00:00+00,Saturday,4,Bus,619520,154880,2395
2022/09/01 04:00:00+00,Saturday,4,Private Bus,5508,1377,2396
2022/09/01 04:00:00+00,Saturday,4,All Bus,702951,175738,2397
2022/09/01 04:00:00+00,Saturday,4,Commuter Rail,118024,29506,2398
2022/09/01 04:00:00+00,Saturday,4,The RIDE,7412,1853,2399
2022/09/01 04:00:00+00,Sunday,4,Blue Line,120692,30173,2400
2022/05/01 04:00:00+00,Saturday,4,Heavy Rail,738968,184742,2401
2022/05/01 04:00:00+00,Saturday,4,Green Line,327836,81959,2402
2022/05/01 04:00:00+00,Saturday,4,Light Rail,327836,81959,2403
2022/05/01 04:00:00+00,Saturday,4,Silver Line,75484,18871,2404
2022/05/01 04:00:00+00,Saturday,4,Bus,557991,139498,2405
2022/05/01 04:00:00+00,Saturday,4,Private Bus,4287,1072,2406
2022/05/01 04:00:00+00,Saturday,4,All Bus,637762,159440,2407
2022/05/01 04:00:00+00,Saturday,4,Commuter Rail,88664,22166,2408
2022/05/01 04:00:00+00,Saturday,4,The RIDE,7080,1770,2409
2022/05/01 04:00:00+00,Sunday,5,Blue Line,86852,17370,2410
2022/05/01 04:00:00+00,Sunday,5,Orange Line,275535,55107,2411
2022/05/01 04:00:00+00,Sunday,5,Red Line,358367,71673,2412
2022/05/01 04:00:00+00,Sunday,5,Heavy Rail,720754,144151,2413
2022/05/01 04:00:00+00,Sunday,5,Green Line,316303,63261,2414
2022/05/01 04:00:00+00,Sunday,5,Light Rail,316303,63261,2415
2022/05/01 04:00:00+00,Sunday,5,Silver Line,96694,19339,2416
2022/05/01 04:00:00+00,Sunday,5,Bus,573657,114731,2417
2022/05/01 04:00:00+00,Sunday,5,Private Bus,4003,801,2418
2022/05/01 04:00:00+00,Sunday,5,All Bus,674353,134871,2419
2022/05/01 04:00:00+00,Sunday,5,Commuter Rail,103226,20645,2420
2022/05/01 04:00:00+00,Sunday,5,The RIDE,7225,1445,2421
2022/05/01 04:00:00+00,Total,31,Blue Line,808015,26065,2422
2022/05/01 04:00:00+00,Total,31,Orange Line,2825014,91129,2423
2022/05/01 04:00:00+00,Total,31,Red Line,3483042,112356,2424
2022/05/01 04:00:00+00,Total,31,Heavy Rail,7116072,229551,2425
2022/05/01 04:00:00+00,Total,31,Green Line,2741708,88442,2426
2022/05/01 04:00:00+00,Total,31,Light Rail,2741708,88442,2427
2022/05/01 04:00:00+00,Total,31,Silver Line,742657,23957,2428
2022/05/01 04:00:00+00,Total,31,Bus,6257742,201863,2429
2022/05/01 04:00:00+00,Total,31,Private Bus,48212,1555,2430
2022/05/01 04:00:00+00,Total,31,All Bus,7048612,227375,2431
2022/05/01 04:00:00+00,Total,31,Commuter Rail,1526921,49256,2432
2022/05/01 04:00:00+00,Total,31,Ferry,64332,2075,2433
2022/05/01 04:00:00+00,Total,31,The RIDE,85959,2773,2434
2022/04/01 04:00:00+00,Weekday,21,Blue Line,779745,37131,2435
2022/04/01 04:00:00+00,Weekday,21,Orange Line,2233210,106343,2436
2022/04/01 04:00:00+00,Weekday,21,Red Line,2682417,127734,2437
2022/04/01 04:00:00+00,Weekday,21,Heavy Rail,5695373,271208,2438
2022/04/01 04:00:00+00,Weekday,21,Green Line,2192050,104383,2439
2022/04/01 04:00:00+00,Weekday,21,Light Rail,2192050,104383,2440
2022/04/01 04:00:00+00,Weekday,21,Silver Line,533899,25424,2441
2022/04/01 04:00:00+00,Weekday,21,Bus,4889521,232834,2442
2022/04/01 04:00:00+00,Weekday,21,Private Bus,38296,1824,2443
2022/04/01 04:00:00+00,Weekday,21,All Bus,5461716,260082,2444
2022/04/01 04:00:00+00,Weekday,21,Commuter Rail,1319519,62834,2445
2022/04/01 04:00:00+00,Weekday,21,Ferry,48427,2306,2446
2022/04/01 04:00:00+00,Weekday,21,The RIDE,69279,3299,2447
2022/04/01 04:00:00+00,Saturday,5,Blue Line,145814,29163,2448
2022/04/01 04:00:00+00,Saturday,5,Orange Line,358568,71714,2449
2022/04/01 04:00:00+00,Saturday,5,Red Line,380077,76015,2450
2022/02/01 05:00:00+00,Weekday,19,The RIDE,56920,2996,2451
2022/02/01 05:00:00+00,Saturday,4,Blue Line,106455,26614,2452
2022/02/01 05:00:00+00,Saturday,4,Orange Line,240159,60040,2453
2022/02/01 05:00:00+00,Saturday,4,Red Line,293846,73462,2454
2022/02/01 05:00:00+00,Saturday,4,Heavy Rail,640459,160115,2455
2022/02/01 05:00:00+00,Saturday,4,Green Line,313493,78373,2456
2022/02/01 05:00:00+00,Saturday,4,Light Rail,313493,78373,2457
2022/02/01 05:00:00+00,Saturday,4,Silver Line,70938,17734,2458
2022/02/01 05:00:00+00,Saturday,4,Bus,608613,152153,2459
2022/02/01 05:00:00+00,Saturday,4,Trackless Trolley,12091,3023,2460
2022/02/01 05:00:00+00,Saturday,4,Private Bus,3554,888,2461
2022/02/01 05:00:00+00,Saturday,4,All Bus,695196,173799,2462
2022/02/01 05:00:00+00,Saturday,4,Commuter Rail,60433,15108,2463
2022/02/01 05:00:00+00,Saturday,4,The RIDE,5804,1451,2464
2022/02/01 05:00:00+00,Sunday,4,Blue Line,75520,18880,2465
2022/02/01 05:00:00+00,Sunday,4,Orange Line,163764,40941,2466
2022/02/01 05:00:00+00,Sunday,4,Red Line,207086,51772,2467
2022/02/01 05:00:00+00,Sunday,4,Heavy Rail,446370,111592,2468
2022/02/01 05:00:00+00,Sunday,4,Green Line,221685,55421,2469
2022/02/01 05:00:00+00,Sunday,4,Light Rail,221685,55421,2470
2022/02/01 05:00:00+00,Sunday,4,Silver Line,44512,11128,2471
2022/02/01 05:00:00+00,Sunday,4,Bus,305007,76252,2472
2022/02/01 05:00:00+00,Sunday,4,Private Bus,2015,504,2473
2022/02/01 05:00:00+00,Sunday,4,All Bus,351534,87884,2474
2022/02/01 05:00:00+00,Sunday,4,Commuter Rail,45783,11446,2475
2022/02/01 05:00:00+00,Sunday,4,The RIDE,4304,1076,2476
2022/02/01 05:00:00+00,Total,28,Blue Line,887788,31707,2477
2022/02/01 05:00:00+00,Total,28,Orange Line,2271725,81133,2478
2022/02/01 05:00:00+00,Total,28,Red Line,2625136,93755,2479
2022/02/01 05:00:00+00,Total,28,Heavy Rail,5784649,206595,2480
2022/02/01 05:00:00+00,Total,28,Green Line,2394233,85508,2481
2022/02/01 05:00:00+00,Total,28,Light Rail,2394233,85508,2482
2022/02/01 05:00:00+00,Total,28,Silver Line,512852,18316,2483
2022/02/01 05:00:00+00,Total,28,Bus,4944082,176574,2484
2022/02/01 05:00:00+00,Total,28,Trackless Trolley,101620,3629,2485
2022/02/01 05:00:00+00,Total,28,Private Bus,38358,1370,2486
2022/02/01 05:00:00+00,Total,28,All Bus,5596912,199890,2487
2022/02/01 05:00:00+00,Total,28,Commuter Rail,970097,34646,2488
2022/02/01 05:00:00+00,Total,28,Ferry,25274,903,2489
2022/02/01 05:00:00+00,Total,28,The RIDE,67034,2394,2490
2022/01/01 05:00:00+00,Weekday,20,Blue Line,617268,30863,2491
2022/01/01 05:00:00+00,Weekday,20,Orange Line,1573912,78696,2492
2022/01/01 05:00:00+00,Weekday,20,Red Line,1709921,85496,2493
2022/01/01 05:00:00+00,Weekday,20,Heavy Rail,3901102,195055,2494
2022/01/01 05:00:00+00,Weekday,20,Green Line,1486916,74346,2495
2022/01/01 05:00:00+00,Weekday,20,Light Rail,1486916,74346,2496
2022/01/01 05:00:00+00,Weekday,20,Silver Line,369583,18479,2497
2022/01/01 05:00:00+00,Weekday,20,Bus,3755424,187771,2498
2022/01/01 05:00:00+00,Weekday,20,Trackless Trolley,80318,4016,2499
2022/01/01 05:00:00+00,Weekday,20,Private Bus,31601,1580,2500
2022/09/01 04:00:00+00,Sunday,4,Orange Line,76276,19069,2501
2022/06/01 04:00:00+00,Saturday,4,Heavy Rail,736555,184139,2502
2022/04/01 04:00:00+00,Saturday,5,Heavy Rail,884459,176892,2503
2022/08/01 04:00:00+00,Saturday,4,All Bus,670582,167646,2504
2022/03/01 05:00:00+00,Saturday,4,Red Line,279173,69793,2505
2022/07/01 04:00:00+00,Saturday,5,Light Rail,460343,92069,2506
2022/07/01 04:00:00+00,Saturday,5,Silver Line,90042,18008,2507
2022/07/01 04:00:00+00,Saturday,5,Bus,714465,142893,2508
2022/07/01 04:00:00+00,Saturday,5,Private Bus,5996,1199,2509
2022/07/01 04:00:00+00,Saturday,5,All Bus,810504,162101,2510
2022/07/01 04:00:00+00,Saturday,5,Commuter Rail,107927,21585,2511
2022/07/01 04:00:00+00,Saturday,5,The RIDE,8395,1679,2512
2022/07/01 04:00:00+00,Sunday,5,Blue Line,143547,28709,2513
2022/07/01 04:00:00+00,Sunday,5,Orange Line,235265,47053,2514
2022/07/01 04:00:00+00,Sunday,5,Red Line,293878,58776,2515
2022/07/01 04:00:00+00,Sunday,5,Heavy Rail,672689,134538,2516
2022/07/01 04:00:00+00,Sunday,5,Green Line,369409,73882,2517
2022/07/01 04:00:00+00,Sunday,5,Mattapan Line,6621,1324,2518
2022/07/01 04:00:00+00,Sunday,5,Light Rail,376029,75206,2519
2022/07/01 04:00:00+00,Sunday,5,Silver Line,97114,19423,2520
2022/07/01 04:00:00+00,Sunday,5,Bus,584707,116941,2521
2022/07/01 04:00:00+00,Sunday,5,Private Bus,3698,740,2522
2022/07/01 04:00:00+00,Sunday,5,All Bus,685520,137104,2523
2022/07/01 04:00:00+00,Sunday,5,Commuter Rail,94041,18808,2524
2022/07/01 04:00:00+00,Sunday,5,The RIDE,7040,1408,2525
2022/07/01 04:00:00+00,Total,31,Blue Line,1208003,38968,2526
2022/07/01 04:00:00+00,Total,31,Orange Line,2611221,84233,2527
2022/07/01 04:00:00+00,Total,31,Red Line,3391153,109392,2528
2022/07/01 04:00:00+00,Total,31,Heavy Rail,7210376,232593,2529
2022/07/01 04:00:00+00,Total,31,Green Line,3226221,104072,2530
2022/07/01 04:00:00+00,Total,31,Mattapan Line,85648,2763,2531
2022/07/01 04:00:00+00,Total,31,Light Rail,3311869,106834,2532
2022/07/01 04:00:00+00,Total,31,Silver Line,721943,23288,2533
2022/07/01 04:00:00+00,Total,31,Bus,5925119,191133,2534
2022/07/01 04:00:00+00,Total,31,Private Bus,52127,1682,2535
2022/07/01 04:00:00+00,Total,31,All Bus,6699189,216103,2536
2022/07/01 04:00:00+00,Total,31,Commuter Rail,1554254,50137,2537
2022/07/01 04:00:00+00,Total,31,Ferry,109055,3518,2538
2022/07/01 04:00:00+00,Total,31,The RIDE,82467,2660,2539
2022/06/01 04:00:00+00,Weekday,22,Blue Line,919814,41810,2540
2022/06/01 04:00:00+00,Weekday,22,Orange Line,2389392,108609,2541
2022/06/01 04:00:00+00,Weekday,22,Red Line,2856478,129840,2542
2022/06/01 04:00:00+00,Weekday,22,Heavy Rail,6165684,280258,2543
2022/06/01 04:00:00+00,Weekday,22,Green Line,2176675,98940,2544
2022/06/01 04:00:00+00,Weekday,22,Light Rail,2176675,98940,2545
2022/06/01 04:00:00+00,Weekday,22,Silver Line,573015,26046,2546
2022/06/01 04:00:00+00,Weekday,22,Bus,5276170,239826,2547
2022/06/01 04:00:00+00,Weekday,22,Private Bus,45581,2072,2548
2022/06/01 04:00:00+00,Weekday,22,All Bus,5894766,267944,2549
2022/06/01 04:00:00+00,Weekday,22,Commuter Rail,1456140,66188,2550
2022/06/01 04:00:00+00,Weekday,22,Ferry,73004,3318,2551
2022/06/01 04:00:00+00,Weekday,22,The RIDE,73854,3357,2552
2022/06/01 04:00:00+00,Saturday,4,Blue Line,131969,32992,2553
2022/06/01 04:00:00+00,Saturday,4,Orange Line,277974,69494,2554
2022/06/01 04:00:00+00,Saturday,4,Red Line,326612,81653,2555
2022/03/01 05:00:00+00,Saturday,4,Heavy Rail,611128,152782,2556
2022/03/01 05:00:00+00,Saturday,4,Green Line,302689,75672,2557
2022/03/01 05:00:00+00,Saturday,4,Light Rail,302689,75672,2558
2022/03/01 05:00:00+00,Saturday,4,Silver Line,62877,15719,2559
2022/03/01 05:00:00+00,Saturday,4,Bus,494169,123542,2560
2022/03/01 05:00:00+00,Saturday,4,Trackless Trolley,4131,1033,2561
2022/03/01 05:00:00+00,Saturday,4,Private Bus,3870,968,2562
2022/03/01 05:00:00+00,Saturday,4,All Bus,565048,141262,2563
2022/03/01 05:00:00+00,Saturday,4,Commuter Rail,75641,18910,2564
2022/03/01 05:00:00+00,Saturday,4,The RIDE,6412,1603,2565
2022/03/01 05:00:00+00,Sunday,4,Blue Line,89801,22450,2566
2022/03/01 05:00:00+00,Sunday,4,Orange Line,179882,44970,2567
2022/03/01 05:00:00+00,Sunday,4,Red Line,241436,60359,2568
2022/03/01 05:00:00+00,Sunday,4,Heavy Rail,511118,127780,2569
2022/03/01 05:00:00+00,Sunday,4,Green Line,239219,59805,2570
2022/03/01 05:00:00+00,Sunday,4,Light Rail,239219,59805,2571
2022/03/01 05:00:00+00,Sunday,4,Silver Line,57068,14267,2572
2022/03/01 05:00:00+00,Sunday,4,Bus,344709,86177,2573
2022/03/01 05:00:00+00,Sunday,4,Private Bus,2206,552,2574
2022/03/01 05:00:00+00,Sunday,4,All Bus,403984,100996,2575
2022/03/01 05:00:00+00,Sunday,4,Commuter Rail,84278,21070,2576
2022/03/01 05:00:00+00,Sunday,4,The RIDE,4992,1248,2577
2022/03/01 05:00:00+00,Total,31,Blue Line,1112833,35898,2578
2022/03/01 05:00:00+00,Total,31,Orange Line,2777631,89601,2579
2022/03/01 05:00:00+00,Total,31,Red Line,3359469,108370,2580
2022/03/01 05:00:00+00,Total,31,Heavy Rail,7249933,233869,2581
2022/03/01 05:00:00+00,Total,31,Green Line,2861864,92318,2582
2022/03/01 05:00:00+00,Total,31,Light Rail,2861864,92318,2583
2022/03/01 05:00:00+00,Total,31,Silver Line,669664,21602,2584
2022/03/01 05:00:00+00,Total,31,Bus,6263374,202044,2585
2022/03/01 05:00:00+00,Total,31,Trackless Trolley,50129,1617,2586
2022/03/01 05:00:00+00,Total,31,Private Bus,46384,1496,2587
2022/03/01 05:00:00+00,Total,31,All Bus,7029550,226760,2588
2022/03/01 05:00:00+00,Total,31,Commuter Rail,1489943,48063,2589
2022/03/01 05:00:00+00,Total,31,Ferry,47624,1536,2590
2022/03/01 05:00:00+00,Total,31,The RIDE,87827,2833,2591
2022/02/01 05:00:00+00,Weekday,19,Blue Line,678309,35700,2592
2022/02/01 05:00:00+00,Weekday,19,Orange Line,1805723,95038,2593
2022/02/01 05:00:00+00,Weekday,19,Red Line,2055200,108168,2594
2022/02/01 05:00:00+00,Weekday,19,Heavy Rail,4539232,238907,2595
2022/02/01 05:00:00+00,Weekday,19,Green Line,1788066,94109,2596
2022/02/01 05:00:00+00,Weekday,19,Light Rail,1788066,94109,2597
2022/02/01 05:00:00+00,Weekday,19,Silver Line,397402,20916,2598
2022/02/01 05:00:00+00,Weekday,19,Bus,4030462,212130,2599
2022/02/01 05:00:00+00,Weekday,19,Trackless Trolley,89529,4712,2600
2022/02/01 05:00:00+00,Weekday,19,Private Bus,32789,1726,2601
2022/02/01 05:00:00+00,Weekday,19,All Bus,4550182,239483,2602
2022/02/01 05:00:00+00,Weekday,19,Commuter Rail,846107,44532,2603
2022/02/01 05:00:00+00,Weekday,19,Ferry,23784,1252,2604
2022/08/01 04:00:00+00,Saturday,4,Commuter Rail,84383,21096,2605
2022/04/01 04:00:00+00,Saturday,5,Green Line,434518,86904,2606
2022/06/01 04:00:00+00,Saturday,4,Green Line,303276,75819,2607
2022/09/01 04:00:00+00,Sunday,4,Red Line,280764,70191,2608
2022/09/01 04:00:00+00,Sunday,4,Heavy Rail,477731,119433,2609
2022/09/01 04:00:00+00,Sunday,4,Green Line,316002,79000,2610
2022/09/01 04:00:00+00,Sunday,4,Mattapan Line,5936,1484,2611
2022/09/01 04:00:00+00,Sunday,4,Light Rail,321939,80485,2612
2022/09/01 04:00:00+00,Sunday,4,Silver Line,64970,16242,2613
2022/09/01 04:00:00+00,Sunday,4,Bus,488691,122173,2614
2022/09/01 04:00:00+00,Sunday,4,Private Bus,3725,931,2615
2022/09/01 04:00:00+00,Sunday,4,All Bus,557386,139346,2616
2022/09/01 04:00:00+00,Sunday,4,Commuter Rail,88351,22088,2617
2022/09/01 04:00:00+00,Sunday,4,The RIDE,5940,1485,2618
2022/09/01 04:00:00+00,Total,30,Blue Line,1317882,43929,2619
2022/09/01 04:00:00+00,Total,30,Orange Line,1375056,45835,2620
2022/09/01 04:00:00+00,Total,30,Red Line,3637251,121242,2621
2022/09/01 04:00:00+00,Total,30,Heavy Rail,6330189,211006,2622
2022/09/01 04:00:00+00,Total,30,Green Line,3454280,115143,2623
2022/09/01 04:00:00+00,Total,30,Mattapan Line,104519,3484,2624
2022/09/01 04:00:00+00,Total,30,Light Rail,3558798,118627,2625
2022/09/01 04:00:00+00,Total,30,Silver Line,743786,24793,2626
2022/09/01 04:00:00+00,Total,30,Bus,6616814,220560,2627
2022/09/01 04:00:00+00,Total,30,Private Bus,50750,1692,2628
2022/09/01 04:00:00+00,Total,30,All Bus,7411350,247045,2629
2022/09/01 04:00:00+00,Total,30,Commuter Rail,1955305,65177,2630
2022/09/01 04:00:00+00,Total,30,Ferry,92489,3083,2631
2022/09/01 04:00:00+00,Total,30,The RIDE,88976,2966,2632
2022/08/01 04:00:00+00,Weekday,23,Blue Line,971488,42239,2633
2022/08/01 04:00:00+00,Weekday,23,Orange Line,1565944,68085,2634
2022/08/01 04:00:00+00,Weekday,23,Red Line,2882976,125347,2635
2022/08/01 04:00:00+00,Weekday,23,Heavy Rail,5420408,235670,2636
2022/08/01 04:00:00+00,Weekday,23,Green Line,2432333,105754,2637
2022/08/01 04:00:00+00,Weekday,23,Mattapan Line,79701,3465,2638
2022/08/01 04:00:00+00,Weekday,23,Light Rail,2512034,109219,2639
2022/08/01 04:00:00+00,Weekday,23,Silver Line,631876,27473,2640
2022/08/01 04:00:00+00,Weekday,23,Bus,5297690,230334,2641
2022/08/01 04:00:00+00,Weekday,23,Private Bus,46742,2032,2642
2022/08/01 04:00:00+00,Weekday,23,All Bus,5976308,259839,2643
2022/08/01 04:00:00+00,Weekday,23,Commuter Rail,1717271,74664,2644
2022/08/01 04:00:00+00,Weekday,23,Ferry,91008,3957,2645
2022/08/01 04:00:00+00,Weekday,23,The RIDE,76245,3315,2646
2022/08/01 04:00:00+00,Saturday,4,Blue Line,142885,35721,2647
2022/08/01 04:00:00+00,Saturday,4,Orange Line,161678,40420,2648
2022/08/01 04:00:00+00,Saturday,4,Red Line,339688,84922,2649
2022/08/01 04:00:00+00,Saturday,4,Heavy Rail,644251,161063,2650
2022/08/01 04:00:00+00,Saturday,4,Green Line,351695,87924,2651
2022/08/01 04:00:00+00,Saturday,4,Mattapan Line,8014,2004,2652
2022/08/01 04:00:00+00,Saturday,4,Light Rail,359710,89928,2653
2022/08/01 04:00:00+00,Saturday,4,Silver Line,79165,19791,2654
2022/08/01 04:00:00+00,Saturday,4,Bus,586350,146588,2655
2022/08/01 04:00:00+00,Saturday,4,Private Bus,5066,1266,2656
2022/06/01 04:00:00+00,Saturday,4,Light Rail,303276,75819,2657
2022/06/01 04:00:00+00,Saturday,4,Silver Line,74126,18532,2658
2022/06/01 04:00:00+00,Saturday,4,Bus,580894,145224,2659
2022/06/01 04:00:00+00,Saturday,4,Private Bus,4894,1224,2660
2022/06/01 04:00:00+00,Saturday,4,All Bus,659915,164979,2661
2022/06/01 04:00:00+00,Saturday,4,Commuter Rail,89852,22463,2662
2022/06/01 04:00:00+00,Saturday,4,The RIDE,7488,1872,2663
2022/06/01 04:00:00+00,Sunday,4,Blue Line,100278,25070,2664
2022/06/01 04:00:00+00,Sunday,4,Orange Line,202464,50616,2665
2022/04/01 04:00:00+00,Saturday,5,Light Rail,434518,86904,2666
2022/08/01 04:00:00+00,Saturday,4,The RIDE,7044,1761,2667
2022/06/01 04:00:00+00,Sunday,4,Red Line,248253,62063,2668
2022/04/01 04:00:00+00,Saturday,5,Silver Line,87209,17442,2669
2022/08/01 04:00:00+00,Sunday,4,Blue Line,114180,28545,2670
2022/06/01 04:00:00+00,Sunday,4,Heavy Rail,550995,137749,2671
2022/04/01 04:00:00+00,Saturday,5,Bus,695424,139085,2672
2022/08/01 04:00:00+00,Sunday,4,Orange Line,120488,30122,2673
2022/06/01 04:00:00+00,Sunday,4,Green Line,231234,57808,2674
2022/04/01 04:00:00+00,Saturday,5,Private Bus,5120,1024,2675
2022/08/01 04:00:00+00,Sunday,4,Red Line,265649,66412,2676
2022/06/01 04:00:00+00,Sunday,4,Light Rail,231234,57808,2677
2022/04/01 04:00:00+00,Saturday,5,All Bus,787752,157550,2678
2022/08/01 04:00:00+00,Sunday,4,Heavy Rail,500318,125080,2679
2022/06/01 04:00:00+00,Sunday,4,Silver Line,63267,15817,2680
2022/04/01 04:00:00+00,Saturday,5,Commuter Rail,112961,22592,2681
2022/08/01 04:00:00+00,Sunday,4,Green Line,275482,68870,2682
2022/06/01 04:00:00+00,Sunday,4,Bus,380256,95064,2683
2022/04/01 04:00:00+00,Saturday,5,The RIDE,8645,1729,2684
2022/08/01 04:00:00+00,Sunday,4,Mattapan Line,5776,1444,2685
2022/08/01 04:00:00+00,Sunday,4,Light Rail,281258,70314,2686
2022/08/01 04:00:00+00,Sunday,4,Silver Line,68170,17042,2687
2022/08/01 04:00:00+00,Sunday,4,Bus,403054,100764,2688
2022/08/01 04:00:00+00,Sunday,4,Private Bus,3235,809,2689
2022/08/01 04:00:00+00,Sunday,4,All Bus,474459,118615,2690
2022/08/01 04:00:00+00,Sunday,4,Commuter Rail,74226,18556,2691
2022/08/01 04:00:00+00,Sunday,4,The RIDE,5968,1492,2692
2022/08/01 04:00:00+00,Total,31,Blue Line,1228553,39631,2693
2022/08/01 04:00:00+00,Total,31,Orange Line,1848111,59616,2694
2022/08/01 04:00:00+00,Total,31,Red Line,3488313,112526,2695
2022/08/01 04:00:00+00,Total,31,Heavy Rail,6564977,211773,2696
2022/08/01 04:00:00+00,Total,31,Green Line,3059510,98694,2697
2022/08/01 04:00:00+00,Total,31,Mattapan Line,93492,3016,2698
2022/08/01 04:00:00+00,Total,31,Light Rail,3153001,101710,2699
2022/08/01 04:00:00+00,Total,31,Silver Line,779211,25136,2700
2022/08/01 04:00:00+00,Total,31,Bus,6287095,202810,2701
2022/08/01 04:00:00+00,Total,31,Private Bus,54961,1773,2702
2022/08/01 04:00:00+00,Total,31,All Bus,7121267,229718,2703
2022/08/01 04:00:00+00,Total,31,Commuter Rail,1875880,60512,2704
2022/08/01 04:00:00+00,Total,31,Ferry,113439,3659,2705
2022/08/01 04:00:00+00,Total,31,The RIDE,89273,2880,2706
2022/07/01 04:00:00+00,Weekday,20,Blue Line,860415,43021,2707
2022/07/01 04:00:00+00,Weekday,20,Orange Line,1996881,99844,2708
2022/07/01 04:00:00+00,Weekday,20,Red Line,2657985,132899,2709
2022/07/01 04:00:00+00,Weekday,20,Heavy Rail,5515281,275764,2710
2022/07/01 04:00:00+00,Weekday,20,Green Line,2326747,116337,2711
2022/07/01 04:00:00+00,Weekday,20,Mattapan Line,70301,3515,2712
2022/07/01 04:00:00+00,Weekday,20,Light Rail,2397048,119852,2713
2022/07/01 04:00:00+00,Weekday,20,Silver Line,534787,26739,2714
2022/07/01 04:00:00+00,Weekday,20,Bus,4625947,231297,2715
2022/07/01 04:00:00+00,Weekday,20,Private Bus,42432,2122,2716
2022/07/01 04:00:00+00,Weekday,20,All Bus,5203166,260158,2717
2022/07/01 04:00:00+00,Weekday,20,Commuter Rail,1352286,67614,2718
2022/07/01 04:00:00+00,Weekday,20,Ferry,82336,4117,2719
2022/07/01 04:00:00+00,Weekday,20,The RIDE,67032,3352,2720
2022/07/01 04:00:00+00,Saturday,5,Blue Line,176821,35364,2721
2022/07/01 04:00:00+00,Saturday,5,Orange Line,327036,65407,2722
2022/07/01 04:00:00+00,Saturday,5,Red Line,370225,74045,2723
2022/07/01 04:00:00+00,Saturday,5,Heavy Rail,874082,174816,2724
2022/07/01 04:00:00+00,Saturday,5,Green Line,453024,90605,2725
2022/07/01 04:00:00+00,Saturday,5,Mattapan Line,7319,1464,2726
2022/04/01 04:00:00+00,Sunday,4,Blue Line,93707,23427,2727
2022/06/01 04:00:00+00,Sunday,4,Private Bus,2852,713,2728
2022/06/01 04:00:00+00,Sunday,4,All Bus,446375,111594,2729
2022/06/01 04:00:00+00,Sunday,4,Commuter Rail,83728,20932,2730
2022/06/01 04:00:00+00,Sunday,4,The RIDE,5880,1470,2731
2022/06/01 04:00:00+00,Total,30,Blue Line,1152060,38402,2732
2022/06/01 04:00:00+00,Total,30,Orange Line,2869831,95661,2733
2022/06/01 04:00:00+00,Total,30,Red Line,3431343,114378,2734
2022/06/01 04:00:00+00,Total,30,Heavy Rail,7453234,248441,2735
2022/06/01 04:00:00+00,Total,30,Green Line,2711185,90373,2736
2022/06/01 04:00:00+00,Total,30,Light Rail,2711185,90373,2737
2022/06/01 04:00:00+00,Total,30,Silver Line,710409,23680,2738
2022/06/01 04:00:00+00,Total,30,Bus,6237320,207911,2739
2022/06/01 04:00:00+00,Total,30,Private Bus,53327,1778,2740
2022/06/01 04:00:00+00,Total,30,All Bus,7001056,233369,2741
2022/06/01 04:00:00+00,Total,30,Commuter Rail,1629720,54324,2742
2022/06/01 04:00:00+00,Total,30,Ferry,86766,2892,2743
2022/06/01 04:00:00+00,Total,30,The RIDE,87237,2908,2744
2022/05/01 04:00:00+00,Weekday,21,Blue Line,600224,28582,2745
2022/05/01 04:00:00+00,Weekday,21,Orange Line,2204981,104999,2746
2022/05/01 04:00:00+00,Weekday,21,Red Line,2702706,128700,2747
2022/05/01 04:00:00+00,Weekday,21,Heavy Rail,5507911,262281,2748
2022/05/01 04:00:00+00,Weekday,21,Green Line,2034787,96895,2749
2022/05/01 04:00:00+00,Weekday,21,Light Rail,2034787,96895,2750
2022/05/01 04:00:00+00,Weekday,21,Silver Line,570479,27166,2751
2022/05/01 04:00:00+00,Weekday,21,Bus,5126095,244100,2752
2022/05/01 04:00:00+00,Weekday,21,Private Bus,39923,1901,2753
2022/05/01 04:00:00+00,Weekday,21,All Bus,5736497,273167,2754
2022/05/01 04:00:00+00,Weekday,21,Commuter Rail,1316186,62676,2755
2022/05/01 04:00:00+00,Weekday,21,Ferry,55231,2630,2756
2022/05/01 04:00:00+00,Weekday,21,The RIDE,71654,3412,2757
2022/05/01 04:00:00+00,Saturday,4,Blue Line,95059,23765,2758
2022/05/01 04:00:00+00,Saturday,4,Orange Line,287566,71892,2759
2022/05/01 04:00:00+00,Saturday,4,Red Line,356344,89086,2760
2022/04/01 04:00:00+00,Sunday,4,Orange Line,201415,50354,2761
2022/04/01 04:00:00+00,Sunday,4,Red Line,223980,55995,2762
2022/04/01 04:00:00+00,Sunday,4,Heavy Rail,519102,129776,2763
2022/04/01 04:00:00+00,Sunday,4,Green Line,251938,62984,2764
2022/04/01 04:00:00+00,Sunday,4,Light Rail,251938,62984,2765
2022/04/01 04:00:00+00,Sunday,4,Silver Line,55108,13777,2766
2022/04/01 04:00:00+00,Sunday,4,Bus,342789,85697,2767
2022/04/01 04:00:00+00,Sunday,4,Private Bus,2239,560,2768
2022/04/01 04:00:00+00,Sunday,4,All Bus,400135,100034,2769
2022/04/01 04:00:00+00,Sunday,4,Commuter Rail,76787,19197,2770
2022/04/01 04:00:00+00,Sunday,4,The RIDE,5732,1433,2771
2022/04/01 04:00:00+00,Total,30,Blue Line,1019266,33976,2772
2022/04/01 04:00:00+00,Total,30,Orange Line,2793194,93106,2773
2022/04/01 04:00:00+00,Total,30,Red Line,3286475,109549,2774
2022/04/01 04:00:00+00,Total,30,Heavy Rail,7098934,236631,2775
2022/04/01 04:00:00+00,Total,30,Green Line,2878507,95950,2776
2022/04/01 04:00:00+00,Total,30,Light Rail,2878507,95950,2777
2022/04/01 04:00:00+00,Total,30,Silver Line,676215,22540,2778
2022/04/01 04:00:00+00,Total,30,Bus,5927733,197591,2779
2022/04/01 04:00:00+00,Total,30,Private Bus,45654,1522,2780
2022/04/01 04:00:00+00,Total,30,All Bus,6649603,221653,2781
2022/04/01 04:00:00+00,Total,30,Commuter Rail,1509267,50309,2782
2022/04/01 04:00:00+00,Total,30,Ferry,52280,1743,2783
2022/04/01 04:00:00+00,Total,30,The RIDE,83670,2789,2784
2022/03/01 05:00:00+00,Weekday,23,Blue Line,913745,39728,2785
2022/03/01 05:00:00+00,Weekday,23,Orange Line,2375081,103264,2786
2022/03/01 05:00:00+00,Weekday,23,Red Line,2838860,123429,2787
2022/03/01 05:00:00+00,Weekday,23,Heavy Rail,6127687,266421,2788
2022/03/01 05:00:00+00,Weekday,23,Green Line,2319955,100868,2789
2022/03/01 05:00:00+00,Weekday,23,Light Rail,2319955,100868,2790
2022/03/01 05:00:00+00,Weekday,23,Silver Line,549718,23901,2791
2022/03/01 05:00:00+00,Weekday,23,Bus,5424495,235848,2792
2022/03/01 05:00:00+00,Weekday,23,Trackless Trolley,45997,2000,2793
2022/03/01 05:00:00+00,Weekday,23,Private Bus,40308,1753,2794
2022/03/01 05:00:00+00,Weekday,23,All Bus,6060518,263501,2795
2022/03/01 05:00:00+00,Weekday,23,Commuter Rail,1330024,57827,2796
2022/03/01 05:00:00+00,Weekday,23,Ferry,45309,1970,2797
2022/03/01 05:00:00+00,Weekday,23,The RIDE,76406,3322,2798
2022/03/01 05:00:00+00,Saturday,4,Blue Line,109287,27322,2799
2022/03/01 05:00:00+00,Saturday,4,Orange Line,222668,55667,2800
2021/11/01 04:00:00+00,Weekday,21,Silver Line,489273,23299,2801
2021/11/01 04:00:00+00,Weekday,21,Bus,4841965,230570,2802
2021/11/01 04:00:00+00,Weekday,21,Trackless Trolley,105075,5004,2803
2021/11/01 04:00:00+00,Weekday,21,Private Bus,36314,1729,2804
2021/11/01 04:00:00+00,Weekday,21,All Bus,5472627,260601,2805
2021/11/01 04:00:00+00,Weekday,21,Commuter Rail,1122143,53435,2806
2021/11/01 04:00:00+00,Weekday,21,Ferry,37799,1800,2807
2021/11/01 04:00:00+00,Weekday,21,The RIDE,59934,2854,2808
2021/11/01 04:00:00+00,Saturday,4,Blue Line,117236,29309,2809
2021/11/01 04:00:00+00,Saturday,4,Orange Line,284461,71115,2810
2021/11/01 04:00:00+00,Saturday,4,Red Line,297735,74434,2811
2021/11/01 04:00:00+00,Saturday,4,Heavy Rail,699431,174858,2812
2021/11/01 04:00:00+00,Saturday,4,Green Line,309569,77392,2813
2021/11/01 04:00:00+00,Saturday,4,Light Rail,309569,77392,2814
2021/11/01 04:00:00+00,Saturday,4,Silver Line,59729,14932,2815
2021/11/01 04:00:00+00,Saturday,4,Bus,529356,132339,2816
2021/11/01 04:00:00+00,Saturday,4,Trackless Trolley,11174,2794,2817
2021/11/01 04:00:00+00,Saturday,4,Private Bus,3718,930,2818
2021/11/01 04:00:00+00,Saturday,4,All Bus,603977,150994,2819
2021/11/01 04:00:00+00,Saturday,4,Commuter Rail,92321,23080,2820
2021/11/01 04:00:00+00,Saturday,4,The RIDE,6460,1615,2821
2021/11/01 04:00:00+00,Sunday,4,Blue Line,88601,22150,2822
2021/11/01 04:00:00+00,Sunday,4,Orange Line,205405,51351,2823
2021/11/01 04:00:00+00,Sunday,4,Red Line,218845,54711,2824
2021/11/01 04:00:00+00,Sunday,4,Heavy Rail,512851,128213,2825
2021/11/01 04:00:00+00,Sunday,4,Green Line,221044,55261,2826
2021/11/01 04:00:00+00,Sunday,4,Light Rail,221044,55261,2827
2021/11/01 04:00:00+00,Sunday,4,Silver Line,62694,15674,2828
2021/11/01 04:00:00+00,Sunday,4,Bus,390119,97530,2829
2021/11/01 04:00:00+00,Sunday,4,Private Bus,2430,608,2830
2021/11/01 04:00:00+00,Sunday,4,All Bus,455244,113811,2831
2021/11/01 04:00:00+00,Sunday,4,Commuter Rail,83975,20994,2832
2021/11/01 04:00:00+00,Sunday,4,The RIDE,5268,1317,2833
2021/11/01 04:00:00+00,Total,30,Blue Line,1023665,34122,2834
2021/11/01 04:00:00+00,Total,30,Orange Line,2695651,89855,2835
2021/11/01 04:00:00+00,Total,30,Red Line,3063867,102129,2836
2021/11/01 04:00:00+00,Total,30,Heavy Rail,6783184,226106,2837
2021/11/01 04:00:00+00,Total,30,Green Line,2698728,89958,2838
2021/11/01 04:00:00+00,Total,30,Light Rail,2698728,89958,2839
2021/11/01 04:00:00+00,Total,30,Silver Line,611697,20390,2840
2021/11/01 04:00:00+00,Total,30,Bus,5761440,192048,2841
2021/11/01 04:00:00+00,Total,30,Trackless Trolley,116249,3875,2842
2021/11/01 04:00:00+00,Total,30,Private Bus,42462,1415,2843
2021/11/01 04:00:00+00,Total,30,All Bus,6531848,217728,2844
2021/11/01 04:00:00+00,Total,30,Commuter Rail,1316818,43894,2845
2021/11/01 04:00:00+00,Total,30,Ferry,40721,1357,2846
2021/11/01 04:00:00+00,Total,30,The RIDE,74533,2484,2847
2021/10/01 04:00:00+00,Weekday,21,Blue Line,876422,41734,2848
2021/10/01 04:00:00+00,Weekday,21,Orange Line,2246083,106956,2849
2021/10/01 04:00:00+00,Weekday,21,Red Line,2676646,127459,2850
2021/07/01 04:00:00+00,Weekday,22,Blue Line,738205,33555,2851
2021/07/01 04:00:00+00,Weekday,22,Orange Line,1714910,77950,2852
2021/07/01 04:00:00+00,Weekday,22,Red Line,2073657,94257,2853
2021/07/01 04:00:00+00,Weekday,22,Heavy Rail,4526772,205762,2854
2021/07/01 04:00:00+00,Weekday,22,Green Line,1677128,76233,2855
2021/07/01 04:00:00+00,Weekday,22,Light Rail,1677128,76233,2856
2021/07/01 04:00:00+00,Weekday,22,Silver Line,437004,19864,2857
2021/07/01 04:00:00+00,Weekday,22,Bus,3926407,178473,2858
2021/07/01 04:00:00+00,Weekday,22,Trackless Trolley,88261,4012,2859
2021/07/01 04:00:00+00,Weekday,22,Private Bus,32201,1464,2860
2021/07/01 04:00:00+00,Weekday,22,All Bus,4483873,203812,2861
2021/07/01 04:00:00+00,Weekday,22,Commuter Rail,649985,29545,2862
2021/07/01 04:00:00+00,Weekday,22,Ferry,53003,2409,2863
2021/07/01 04:00:00+00,Weekday,22,The RIDE,56089,2550,2864
2021/07/01 04:00:00+00,Saturday,5,Blue Line,142504,28501,2865
2021/07/01 04:00:00+00,Saturday,5,Orange Line,302948,60590,2866
2021/07/01 04:00:00+00,Saturday,5,Red Line,359713,71943,2867
2021/07/01 04:00:00+00,Saturday,5,Heavy Rail,805165,161033,2868
2021/07/01 04:00:00+00,Saturday,5,Green Line,321872,64374,2869
2021/07/01 04:00:00+00,Saturday,5,Light Rail,321872,64374,2870
2021/07/01 04:00:00+00,Saturday,5,Silver Line,74876,14975,2871
2021/07/01 04:00:00+00,Saturday,5,Bus,589277,117855,2872
2021/07/01 04:00:00+00,Saturday,5,Trackless Trolley,11540,2308,2873
2021/07/01 04:00:00+00,Saturday,5,Private Bus,4541,908,2874
2021/07/01 04:00:00+00,Saturday,5,All Bus,680234,136047,2875
2021/07/01 04:00:00+00,Saturday,5,Commuter Rail,71084,14217,2876
2021/07/01 04:00:00+00,Sunday,4,Blue Line,82791,20698,2877
2021/07/01 04:00:00+00,Sunday,4,Orange Line,167575,41894,2878
2021/07/01 04:00:00+00,Sunday,4,Red Line,206762,51690,2879
2021/07/01 04:00:00+00,Sunday,4,Heavy Rail,457128,114282,2880
2021/07/01 04:00:00+00,Sunday,4,Green Line,179820,44955,2881
2021/07/01 04:00:00+00,Sunday,4,Light Rail,179820,44955,2882
2021/07/01 04:00:00+00,Sunday,4,Silver Line,64429,16107,2883
2021/07/01 04:00:00+00,Sunday,4,Bus,389854,97464,2884
2021/07/01 04:00:00+00,Sunday,4,Private Bus,2756,689,2885
2021/07/01 04:00:00+00,Sunday,4,All Bus,457039,114260,2886
2021/07/01 04:00:00+00,Sunday,4,Commuter Rail,50463,12616,2887
2021/07/01 04:00:00+00,Total,31,Blue Line,987719,31862,2888
2021/07/01 04:00:00+00,Total,31,Orange Line,2233289,72042,2889
2021/07/01 04:00:00+00,Total,31,Red Line,2692995,86871,2890
2021/07/01 04:00:00+00,Total,31,Heavy Rail,5914003,190774,2891
2021/07/01 04:00:00+00,Total,31,Green Line,2228599,71890,2892
2021/07/01 04:00:00+00,Total,31,Light Rail,2228599,71890,2893
2021/07/01 04:00:00+00,Total,31,Silver Line,576309,18591,2894
2021/07/01 04:00:00+00,Total,31,Bus,4905539,158243,2895
2021/07/01 04:00:00+00,Total,31,Trackless Trolley,99801,3219,2896
2021/07/01 04:00:00+00,Total,31,Private Bus,39498,1274,2897
2021/07/01 04:00:00+00,Total,31,All Bus,5621146,181327,2898
2021/07/01 04:00:00+00,Total,31,Commuter Rail,771532,24888,2899
2021/07/01 04:00:00+00,Total,31,Ferry,68016,2194,2900
2021/09/01 04:00:00+00,Weekday,21,Red Line,2718541,129454,2901
2021/07/01 04:00:00+00,Total,31,The RIDE,67121,2165,2902
2021/06/01 04:00:00+00,Weekday,22,Blue Line,722199,32827,2903
2021/06/01 04:00:00+00,Weekday,22,Orange Line,1612670,73303,2904
2021/06/01 04:00:00+00,Weekday,22,Red Line,1946359,88471,2905
2021/06/01 04:00:00+00,Weekday,22,Heavy Rail,4281229,194601,2906
2021/06/01 04:00:00+00,Weekday,22,Green Line,1352831,61492,2907
2021/06/01 04:00:00+00,Weekday,22,Light Rail,1352831,61492,2908
2021/06/01 04:00:00+00,Weekday,22,Silver Line,418916,19042,2909
2021/06/01 04:00:00+00,Weekday,22,Bus,4039965,183635,2910
2021/06/01 04:00:00+00,Weekday,22,Trackless Trolley,89179,4054,2911
2021/06/01 04:00:00+00,Weekday,22,Private Bus,32503,1477,2912
2021/06/01 04:00:00+00,Weekday,22,All Bus,4580563,208207,2913
2021/06/01 04:00:00+00,Weekday,22,Commuter Rail,615247,27966,2914
2021/06/01 04:00:00+00,Weekday,22,Ferry,39089,1777,2915
2021/06/01 04:00:00+00,Weekday,22,The RIDE,58594,2663,2916
2021/06/01 04:00:00+00,Saturday,4,Blue Line,109860,27465,2917
2021/06/01 04:00:00+00,Saturday,4,Orange Line,222160,55540,2918
2021/06/01 04:00:00+00,Saturday,4,Red Line,273570,68392,2919
2021/06/01 04:00:00+00,Saturday,4,Heavy Rail,605591,151398,2920
2021/06/01 04:00:00+00,Saturday,4,Green Line,214832,53708,2921
2021/06/01 04:00:00+00,Saturday,4,Light Rail,214832,53708,2922
2021/06/01 04:00:00+00,Saturday,4,Silver Line,58376,14594,2923
2021/06/01 04:00:00+00,Saturday,4,Bus,489040,122260,2924
2021/06/01 04:00:00+00,Saturday,4,Trackless Trolley,9189,2297,2925
2021/06/01 04:00:00+00,Saturday,4,Private Bus,3799,950,2926
2021/06/01 04:00:00+00,Saturday,4,All Bus,560405,140101,2927
2021/06/01 04:00:00+00,Saturday,4,Commuter Rail,35777,8944,2928
2021/06/01 04:00:00+00,Sunday,4,Blue Line,87346,21836,2929
2021/06/01 04:00:00+00,Sunday,4,Orange Line,160620,40155,2930
2021/06/01 04:00:00+00,Sunday,4,Red Line,200988,50247,2931
2021/06/01 04:00:00+00,Sunday,4,Heavy Rail,448954,112238,2932
2021/06/01 04:00:00+00,Sunday,4,Green Line,157214,39304,2933
2021/06/01 04:00:00+00,Sunday,4,Light Rail,157214,39304,2934
2021/06/01 04:00:00+00,Sunday,4,Silver Line,49236,12309,2935
2021/06/01 04:00:00+00,Sunday,4,Bus,326992,81748,2936
2021/06/01 04:00:00+00,Sunday,4,Private Bus,2342,586,2937
2021/06/01 04:00:00+00,Sunday,4,All Bus,378570,94642,2938
2021/06/01 04:00:00+00,Sunday,4,Commuter Rail,31557,7889,2939
2021/06/01 04:00:00+00,Total,30,Blue Line,919406,30647,2940
2021/06/01 04:00:00+00,Total,30,Orange Line,1995451,66515,2941
2021/06/01 04:00:00+00,Total,30,Red Line,2420917,80697,2942
2021/06/01 04:00:00+00,Total,30,Heavy Rail,5335774,177859,2943
2021/06/01 04:00:00+00,Total,30,Green Line,1724877,57496,2944
2021/06/01 04:00:00+00,Total,30,Light Rail,1724877,57496,2945
2021/06/01 04:00:00+00,Total,30,Silver Line,526528,17551,2946
2021/06/01 04:00:00+00,Total,30,Bus,4855997,161867,2947
2021/06/01 04:00:00+00,Total,30,Trackless Trolley,98368,3279,2948
2021/06/01 04:00:00+00,Total,30,Private Bus,38644,1288,2949
2021/06/01 04:00:00+00,Total,30,All Bus,5519538,183985,2950
2021/06/01 04:00:00+00,Total,30,Commuter Rail,682581,22753,2951
2021/09/01 04:00:00+00,Weekday,21,Heavy Rail,5738024,273239,2952
2021/10/01 04:00:00+00,Weekday,21,Heavy Rail,5799151,276150,2953
2021/12/01 05:00:00+00,Weekday,23,Private Bus,39250,1707,2954
2021/08/01 04:00:00+00,Weekday,22,Orange Line,1872653,85121,2955
2022/01/01 05:00:00+00,Weekday,20,All Bus,4193075,209654,2956
2021/09/01 04:00:00+00,Weekday,21,Green Line,2283557,108741,2957
2021/10/01 04:00:00+00,Weekday,21,Green Line,2284689,108795,2958
2021/12/01 05:00:00+00,Weekday,23,All Bus,4993146,217093,2959
2021/08/01 04:00:00+00,Weekday,22,Red Line,2253065,102412,2960
2022/01/01 05:00:00+00,Weekday,20,Commuter Rail,729933,36497,2961
2021/09/01 04:00:00+00,Weekday,21,Light Rail,2283557,108741,2962
2021/10/01 04:00:00+00,Weekday,21,Light Rail,2284689,108795,2963
2021/12/01 05:00:00+00,Weekday,23,Commuter Rail,1024813,44557,2964
2021/08/01 04:00:00+00,Weekday,22,Heavy Rail,4916752,223489,2965
2022/01/01 05:00:00+00,Weekday,20,Ferry,16591,830,2966
2021/09/01 04:00:00+00,Weekday,21,Silver Line,487975,23237,2967
2021/10/01 04:00:00+00,Weekday,21,Silver Line,505493,24071,2968
2021/12/01 05:00:00+00,Weekday,23,Ferry,31507,1370,2969
2021/08/01 04:00:00+00,Weekday,22,Green Line,1812627,82392,2970
2022/01/01 05:00:00+00,Weekday,20,The RIDE,53865,2693,2971
2021/12/01 05:00:00+00,Weekday,23,The RIDE,64676,2812,2972
2021/09/01 04:00:00+00,Weekday,21,Bus,4906341,233635,2973
2021/09/01 04:00:00+00,Weekday,21,Trackless Trolley,107969,5141,2974
2021/09/01 04:00:00+00,Weekday,21,Private Bus,36125,1720,2975
2021/09/01 04:00:00+00,Weekday,21,All Bus,5538410,263734,2976
2021/09/01 04:00:00+00,Weekday,21,Commuter Rail,978777,46608,2977
2021/09/01 04:00:00+00,Weekday,21,Ferry,41106,1957,2978
2021/09/01 04:00:00+00,Weekday,21,The RIDE,61257,2917,2979
2021/09/01 04:00:00+00,Saturday,4,Blue Line,134292,33573,2980
2021/09/01 04:00:00+00,Saturday,4,Orange Line,301183,75296,2981
2021/09/01 04:00:00+00,Saturday,4,Red Line,354442,88610,2982
2021/09/01 04:00:00+00,Saturday,4,Heavy Rail,789917,197479,2983
2021/09/01 04:00:00+00,Saturday,4,Green Line,365239,91310,2984
2021/09/01 04:00:00+00,Saturday,4,Light Rail,365239,91310,2985
2021/09/01 04:00:00+00,Saturday,4,Silver Line,66938,16734,2986
2021/09/01 04:00:00+00,Saturday,4,Bus,549174,137294,2987
2021/09/01 04:00:00+00,Saturday,4,Trackless Trolley,11494,2874,2988
2021/09/01 04:00:00+00,Saturday,4,Private Bus,4074,1018,2989
2021/09/01 04:00:00+00,Saturday,4,All Bus,631680,157920,2990
2021/09/01 04:00:00+00,Saturday,4,Commuter Rail,86120,21530,2991
2021/09/01 04:00:00+00,Sunday,4,Blue Line,101652,25413,2992
2021/09/01 04:00:00+00,Sunday,4,Orange Line,217487,54372,2993
2021/09/01 04:00:00+00,Sunday,4,Red Line,260502,65126,2994
2021/09/01 04:00:00+00,Sunday,4,Heavy Rail,579641,144910,2995
2021/09/01 04:00:00+00,Sunday,4,Green Line,274783,68696,2996
2021/09/01 04:00:00+00,Sunday,4,Light Rail,274783,68696,2997
2021/09/01 04:00:00+00,Sunday,4,Silver Line,66938,16734,2998
2021/09/01 04:00:00+00,Sunday,4,Bus,352179,88045,2999
2021/09/01 04:00:00+00,Sunday,4,Private Bus,2993,748,3000
2021/09/01 04:00:00+00,Sunday,4,All Bus,422110,105528,3001
2021/09/01 04:00:00+00,Sunday,4,Commuter Rail,70885,17721,3002
2021/09/01 04:00:00+00,Total,30,Blue Line,1122408,37414,3003
2021/09/01 04:00:00+00,Total,30,Orange Line,2737988,91266,3004
2021/09/01 04:00:00+00,Total,30,Red Line,3403839,113461,3005
2021/09/01 04:00:00+00,Total,30,Heavy Rail,7264235,242141,3006
2021/09/01 04:00:00+00,Total,30,Green Line,3000467,100016,3007
2021/09/01 04:00:00+00,Total,30,Light Rail,3000467,100016,3008
2021/09/01 04:00:00+00,Total,30,Silver Line,628547,20952,3009
2021/09/01 04:00:00+00,Total,30,Bus,5907005,196900,3010
2021/09/01 04:00:00+00,Total,30,Trackless Trolley,119462,3982,3011
2021/09/01 04:00:00+00,Total,30,Private Bus,43192,1440,3012
2021/09/01 04:00:00+00,Total,30,All Bus,6698206,223274,3013
2021/09/01 04:00:00+00,Total,30,Commuter Rail,1135782,37859,3014
2021/09/01 04:00:00+00,Total,30,Ferry,51686,1723,3015
2021/09/01 04:00:00+00,Total,30,The RIDE,75787,2526,3016
2021/08/01 04:00:00+00,Weekday,22,Blue Line,791034,35956,3017
2021/12/01 05:00:00+00,Saturday,4,Blue Line,89255,22314,3018
2022/01/01 05:00:00+00,Saturday,4,Blue Line,67513,16878,3019
2021/08/01 04:00:00+00,Weekday,22,Light Rail,1812627,82392,3020
2022/01/01 05:00:00+00,Saturday,4,Orange Line,154754,38688,3021
2021/12/01 05:00:00+00,Saturday,4,Orange Line,210365,52591,3022
2021/10/01 04:00:00+00,Weekday,21,Bus,4976726,236987,3023
2021/10/01 04:00:00+00,Weekday,21,Trackless Trolley,104872,4994,3024
2021/10/01 04:00:00+00,Weekday,21,Private Bus,36319,1729,3025
2021/10/01 04:00:00+00,Weekday,21,All Bus,5623410,267781,3026
2021/10/01 04:00:00+00,Weekday,21,Commuter Rail,1086358,51731,3027
2021/10/01 04:00:00+00,Weekday,21,Ferry,36871,1756,3028
2021/10/01 04:00:00+00,Weekday,21,The RIDE,64281,3061,3029
2021/10/01 04:00:00+00,Saturday,5,Blue Line,162825,32565,3030
2021/10/01 04:00:00+00,Saturday,5,Orange Line,391042,78208,3031
2021/10/01 04:00:00+00,Saturday,5,Red Line,431746,86349,3032
2021/10/01 04:00:00+00,Saturday,5,Heavy Rail,985613,197123,3033
2021/10/01 04:00:00+00,Saturday,5,Green Line,439490,87898,3034
2021/10/01 04:00:00+00,Saturday,5,Light Rail,439490,87898,3035
2021/10/01 04:00:00+00,Saturday,5,Silver Line,80294,16059,3036
2021/10/01 04:00:00+00,Saturday,5,Bus,674849,134970,3037
2021/10/01 04:00:00+00,Saturday,5,Trackless Trolley,15742,3148,3038
2021/10/01 04:00:00+00,Saturday,5,Private Bus,5151,1030,3039
2021/10/01 04:00:00+00,Saturday,5,All Bus,776036,155207,3040
2021/10/01 04:00:00+00,Saturday,5,Commuter Rail,149237,29847,3041
2021/10/01 04:00:00+00,Sunday,5,Blue Line,124325,24865,3042
2021/10/01 04:00:00+00,Sunday,5,Orange Line,281972,56394,3043
2021/10/01 04:00:00+00,Sunday,5,Red Line,320135,64027,3044
2021/10/01 04:00:00+00,Sunday,5,Heavy Rail,726432,145286,3045
2021/10/01 04:00:00+00,Sunday,5,Green Line,323740,64748,3046
2021/10/01 04:00:00+00,Sunday,5,Light Rail,323740,64748,3047
2021/10/01 04:00:00+00,Sunday,5,Silver Line,70682,14136,3048
2021/10/01 04:00:00+00,Sunday,5,Bus,441251,88250,3049
2021/10/01 04:00:00+00,Sunday,5,Private Bus,3005,601,3050
2021/10/01 04:00:00+00,Sunday,5,All Bus,514938,102988,3051
2021/10/01 04:00:00+00,Sunday,5,Commuter Rail,126000,25200,3052
2021/10/01 04:00:00+00,Total,31,Blue Line,1163572,37535,3053
2021/10/01 04:00:00+00,Total,31,Orange Line,2919098,94164,3054
2021/10/01 04:00:00+00,Total,31,Red Line,3428527,110598,3055
2021/10/01 04:00:00+00,Total,31,Heavy Rail,7511197,242297,3056
2021/10/01 04:00:00+00,Total,31,Green Line,3047920,98320,3057
2021/10/01 04:00:00+00,Total,31,Light Rail,3047920,98320,3058
2021/10/01 04:00:00+00,Total,31,Silver Line,656469,21176,3059
2021/10/01 04:00:00+00,Total,31,Bus,6092826,196543,3060
2021/10/01 04:00:00+00,Total,31,Trackless Trolley,120614,3891,3061
2021/10/01 04:00:00+00,Total,31,Private Bus,44476,1435,3062
2021/10/01 04:00:00+00,Total,31,All Bus,6914385,223045,3063
2021/10/01 04:00:00+00,Total,31,Commuter Rail,1361595,43922,3064
2021/10/01 04:00:00+00,Total,31,Ferry,43954,1418,3065
2021/10/01 04:00:00+00,Total,31,The RIDE,78976,2548,3066
2021/09/01 04:00:00+00,Weekday,21,Blue Line,858551,40883,3067
2021/09/01 04:00:00+00,Weekday,21,Orange Line,2160932,102902,3068
2021/08/01 04:00:00+00,Weekday,22,Silver Line,468132,21279,3069
2022/01/01 05:00:00+00,Saturday,4,Red Line,163398,40850,3070
2021/12/01 05:00:00+00,Saturday,4,Red Line,212319,53080,3071
2021/08/01 04:00:00+00,Weekday,22,Bus,4239478,192704,3072
2021/08/01 04:00:00+00,Weekday,22,Trackless Trolley,89027,4047,3073
2021/08/01 04:00:00+00,Weekday,22,Private Bus,34530,1570,3074
2021/08/01 04:00:00+00,Weekday,22,All Bus,4831167,219598,3075
2021/08/01 04:00:00+00,Weekday,22,Commuter Rail,736562,33480,3076
2021/08/01 04:00:00+00,Weekday,22,Ferry,50021,2274,3077
2021/08/01 04:00:00+00,Weekday,22,The RIDE,56713,2578,3078
2021/08/01 04:00:00+00,Saturday,4,Blue Line,125821,31455,3079
2021/08/01 04:00:00+00,Saturday,4,Orange Line,260290,65072,3080
2021/08/01 04:00:00+00,Saturday,4,Red Line,307025,76756,3081
2021/08/01 04:00:00+00,Saturday,4,Heavy Rail,693137,173284,3082
2021/08/01 04:00:00+00,Saturday,4,Green Line,267202,66800,3083
2021/08/01 04:00:00+00,Saturday,4,Light Rail,267202,66800,3084
2021/08/01 04:00:00+00,Saturday,4,Silver Line,62860,15715,3085
2021/08/01 04:00:00+00,Saturday,4,Bus,515243,128811,3086
2021/08/01 04:00:00+00,Saturday,4,Trackless Trolley,11146,2786,3087
2021/08/01 04:00:00+00,Saturday,4,Private Bus,3907,977,3088
2021/08/01 04:00:00+00,Saturday,4,All Bus,593157,148289,3089
2021/08/01 04:00:00+00,Saturday,4,Commuter Rail,63511,15878,3090
2021/08/01 04:00:00+00,Sunday,5,Blue Line,109827,21965,3091
2021/08/01 04:00:00+00,Sunday,5,Orange Line,218937,43787,3092
2021/08/01 04:00:00+00,Sunday,5,Red Line,265071,53014,3093
2021/08/01 04:00:00+00,Sunday,5,Heavy Rail,593835,118767,3094
2021/08/01 04:00:00+00,Sunday,5,Green Line,229079,45816,3095
2021/08/01 04:00:00+00,Sunday,5,Light Rail,229079,45816,3096
2021/08/01 04:00:00+00,Sunday,5,Silver Line,62850,12570,3097
2021/08/01 04:00:00+00,Sunday,5,Bus,388904,77781,3098
2021/08/01 04:00:00+00,Sunday,5,Private Bus,2688,538,3099
2021/08/01 04:00:00+00,Sunday,5,All Bus,454441,90888,3100
2021/08/01 04:00:00+00,Sunday,5,Commuter Rail,60391,12078,3101
2021/08/01 04:00:00+00,Total,31,Blue Line,1026682,33119,3102
2021/08/01 04:00:00+00,Total,31,Orange Line,2351879,75867,3103
2021/08/01 04:00:00+00,Total,31,Red Line,2825162,91134,3104
2021/08/01 04:00:00+00,Total,31,Heavy Rail,6203723,200120,3105
2021/08/01 04:00:00+00,Total,31,Green Line,2308907,74481,3106
2021/08/01 04:00:00+00,Total,31,Light Rail,2308907,74481,3107
2021/08/01 04:00:00+00,Total,31,Silver Line,593842,19156,3108
2021/08/01 04:00:00+00,Total,31,Bus,5143625,165923,3109
2021/08/01 04:00:00+00,Total,31,Trackless Trolley,100172,3231,3110
2021/08/01 04:00:00+00,Total,31,Private Bus,41125,1327,3111
2021/08/01 04:00:00+00,Total,31,All Bus,5878764,189638,3112
2021/08/01 04:00:00+00,Total,31,Commuter Rail,860464,27757,3113
2021/08/01 04:00:00+00,Total,31,Ferry,63607,2052,3114
2021/08/01 04:00:00+00,Total,31,The RIDE,67155,2166,3115
2022/01/01 05:00:00+00,Saturday,4,Heavy Rail,385664,96416,3116
2022/01/01 05:00:00+00,Saturday,4,Green Line,174779,43695,3117
2022/01/01 05:00:00+00,Saturday,4,Light Rail,174779,43695,3118
2021/12/01 05:00:00+00,Saturday,4,Heavy Rail,511938,127984,3119
2022/01/01 05:00:00+00,Saturday,4,Silver Line,53255,13314,3120
2021/12/01 05:00:00+00,Saturday,4,Green Line,233564,58391,3121
2022/01/01 05:00:00+00,Saturday,4,Bus,424312,106078,3122
2021/12/01 05:00:00+00,Saturday,4,Light Rail,233564,58391,3123
2022/01/01 05:00:00+00,Saturday,4,Trackless Trolley,9334,2334,3124
2021/12/01 05:00:00+00,Saturday,4,Silver Line,75267,18817,3125
2022/01/01 05:00:00+00,Saturday,4,Private Bus,3752,938,3126
2021/12/01 05:00:00+00,Saturday,4,Bus,577059,144265,3127
2022/01/01 05:00:00+00,Saturday,4,All Bus,490653,122663,3128
2021/12/01 05:00:00+00,Saturday,4,Trackless Trolley,11782,2946,3129
2022/01/01 05:00:00+00,Saturday,4,Commuter Rail,46017,11504,3130
2021/12/01 05:00:00+00,Saturday,4,Private Bus,3757,939,3131
2022/01/01 05:00:00+00,Sunday,5,Blue Line,76144,15229,3132
2021/12/01 05:00:00+00,Saturday,4,All Bus,667865,166966,3133
2022/01/01 05:00:00+00,Sunday,5,Orange Line,177713,35543,3134
2021/12/01 05:00:00+00,Saturday,4,Commuter Rail,62655,15664,3135
2022/01/01 05:00:00+00,Sunday,5,Red Line,198745,39749,3136
2021/12/01 05:00:00+00,Saturday,4,The RIDE,5772,1443,3137
2022/01/01 05:00:00+00,Sunday,5,Heavy Rail,452602,90520,3138
2021/12/01 05:00:00+00,Sunday,4,Blue Line,80798,20200,3139
2022/01/01 05:00:00+00,Sunday,5,Green Line,209868,41974,3140
2021/12/01 05:00:00+00,Sunday,4,Orange Line,180268,45067,3141
2022/01/01 05:00:00+00,Sunday,5,Light Rail,209868,41974,3142
2021/12/01 05:00:00+00,Sunday,4,Red Line,188170,47042,3143
2022/01/01 05:00:00+00,Sunday,5,Silver Line,60361,12072,3144
2021/12/01 05:00:00+00,Sunday,4,Heavy Rail,449236,112309,3145
2022/01/01 05:00:00+00,Sunday,5,Bus,390106,78021,3146
2021/12/01 05:00:00+00,Sunday,4,Green Line,199521,49880,3147
2022/01/01 05:00:00+00,Sunday,5,Private Bus,2290,458,3148
2021/12/01 05:00:00+00,Sunday,4,Light Rail,199521,49880,3149
2022/01/01 05:00:00+00,Sunday,5,All Bus,452757,90551,3150
2021/12/01 05:00:00+00,Sunday,4,Silver Line,57834,14458,3151
2022/01/01 05:00:00+00,Sunday,5,Commuter Rail,39190,7838,3152
2021/12/01 05:00:00+00,Sunday,4,Bus,352131,88033,3153
2022/01/01 05:00:00+00,Total,31,Blue Line,797367,25722,3154
2021/12/01 05:00:00+00,Sunday,4,Private Bus,2232,558,3155
2022/01/01 05:00:00+00,Total,31,Orange Line,1986122,64068,3156
2021/12/01 05:00:00+00,Sunday,4,All Bus,412196,103049,3157
2022/01/01 05:00:00+00,Total,31,Red Line,2148255,69299,3158
2021/12/01 05:00:00+00,Sunday,4,Commuter Rail,53916,13479,3159
2022/01/01 05:00:00+00,Total,31,Heavy Rail,4931744,159089,3160
2022/01/01 05:00:00+00,Total,31,Green Line,1955158,63070,3161
2022/01/01 05:00:00+00,Total,31,Light Rail,1955158,63070,3162
2022/01/01 05:00:00+00,Total,31,Silver Line,483199,15587,3163
2022/01/01 05:00:00+00,Total,31,Bus,4569841,147414,3164
2022/01/01 05:00:00+00,Total,31,Trackless Trolley,89652,2892,3165
2022/01/01 05:00:00+00,Total,31,Private Bus,37642,1214,3166
2022/01/01 05:00:00+00,Total,31,All Bus,5180334,167108,3167
2022/01/01 05:00:00+00,Total,31,Commuter Rail,848770,27380,3168
2022/01/01 05:00:00+00,Total,31,Ferry,17247,556,3169
2022/01/01 05:00:00+00,Total,31,The RIDE,62548,2018,3170
2021/12/01 05:00:00+00,Weekday,23,Blue Line,786707,34205,3171
2021/12/01 05:00:00+00,Weekday,23,Orange Line,2023699,87987,3172
2021/12/01 05:00:00+00,Weekday,23,Red Line,2231045,97002,3173
2021/12/01 05:00:00+00,Weekday,23,Heavy Rail,5041450,219193,3174
2021/12/01 05:00:00+00,Weekday,23,Green Line,1916108,83309,3175
2021/12/01 05:00:00+00,Weekday,23,Light Rail,1916108,83309,3176
2021/12/01 05:00:00+00,Weekday,23,Silver Line,456036,19828,3177
2021/12/01 05:00:00+00,Weekday,23,Bus,4395765,191120,3178
2021/12/01 05:00:00+00,Weekday,23,Trackless Trolley,102095,4439,3179
2021/12/01 05:00:00+00,Sunday,4,The RIDE,4928,1232,3180
2021/12/01 05:00:00+00,Total,31,Blue Line,976287,31493,3181
2021/12/01 05:00:00+00,Total,31,Orange Line,2458522,79307,3182
2021/12/01 05:00:00+00,Total,31,Red Line,2674844,86285,3183
2021/12/01 05:00:00+00,Total,31,Heavy Rail,6109652,197086,3184
2021/12/01 05:00:00+00,Total,31,Green Line,2388560,77050,3185
2021/12/01 05:00:00+00,Total,31,Light Rail,2388560,77050,3186
2021/12/01 05:00:00+00,Total,31,Silver Line,589137,19004,3187
2021/12/01 05:00:00+00,Total,31,Bus,5324954,171773,3188
2021/12/01 05:00:00+00,Total,31,Trackless Trolley,113877,3673,3189
2021/12/01 05:00:00+00,Total,31,Private Bus,45238,1459,3190
2021/12/01 05:00:00+00,Total,31,All Bus,6073207,195910,3191
2021/12/01 05:00:00+00,Total,31,Commuter Rail,1141384,36819,3192
2021/12/01 05:00:00+00,Total,31,Ferry,32649,1053,3193
2021/12/01 05:00:00+00,Total,31,The RIDE,75386,2432,3194
2021/11/01 04:00:00+00,Weekday,21,Blue Line,806916,38425,3195
2021/11/01 04:00:00+00,Weekday,21,Orange Line,2180304,103824,3196
2021/11/01 04:00:00+00,Weekday,21,Red Line,2517633,119887,3197
2021/11/01 04:00:00+00,Weekday,21,Heavy Rail,5504853,262136,3198
2021/11/01 04:00:00+00,Weekday,21,Green Line,2142171,102008,3199
2021/11/01 04:00:00+00,Weekday,21,Light Rail,2142171,102008,3200
2020/12/01 05:00:00+00,Total,31,Bus,3625584,116954,3201
2020/12/01 05:00:00+00,Total,31,Trackless Trolley,74683,2409,3202
2020/12/01 05:00:00+00,Total,31,Private Bus,34122,1101,3203
2020/12/01 05:00:00+00,Total,31,All Bus,4105434,132433,3204
2020/12/01 05:00:00+00,Total,31,Commuter Rail,327341,10559,3205
2020/12/01 05:00:00+00,Total,31,Ferry,7872,254,3206
2020/12/01 05:00:00+00,Total,31,The RIDE,59636,1924,3207
2020/11/01 04:00:00+00,Weekday,20,Blue Line,456621,22831,3208
2020/11/01 04:00:00+00,Weekday,20,Orange Line,1044079,52204,3209
2020/11/01 04:00:00+00,Weekday,20,Red Line,1144846,57242,3210
2020/11/01 04:00:00+00,Weekday,20,Heavy Rail,2645546,132277,3211
2020/11/01 04:00:00+00,Weekday,20,Green Line,867656,43383,3212
2020/11/01 04:00:00+00,Weekday,20,Light Rail,867656,43383,3213
2020/11/01 04:00:00+00,Weekday,20,Silver Line,275619,13781,3214
2020/11/01 04:00:00+00,Weekday,20,Bus,2927925,146396,3215
2020/11/01 04:00:00+00,Weekday,20,Trackless Trolley,70689,3534,3216
2020/11/01 04:00:00+00,Weekday,20,Private Bus,37800,1890,3217
2020/11/01 04:00:00+00,Weekday,20,All Bus,3312033,165602,3218
2020/11/01 04:00:00+00,Weekday,20,Commuter Rail,342923,17146,3219
2020/11/01 04:00:00+00,Weekday,20,Ferry,10280,514,3220
2020/11/01 04:00:00+00,Weekday,20,The RIDE,43975,2199,3221
2020/11/01 04:00:00+00,Saturday,4,Blue Line,74050,18512,3222
2020/11/01 04:00:00+00,Saturday,4,Orange Line,154702,38676,3223
2020/11/01 04:00:00+00,Saturday,4,Red Line,168237,42059,3224
2020/11/01 04:00:00+00,Saturday,4,Heavy Rail,396989,99247,3225
2020/11/01 04:00:00+00,Saturday,4,Green Line,144491,36123,3226
2020/11/01 04:00:00+00,Saturday,4,Light Rail,144491,36123,3227
2020/11/01 04:00:00+00,Saturday,4,Silver Line,41490,10372,3228
2020/11/01 04:00:00+00,Saturday,4,Bus,411201,102800,3229
2020/11/01 04:00:00+00,Saturday,4,Trackless Trolley,9671,2418,3230
2020/11/01 04:00:00+00,Saturday,4,All Bus,462363,115591,3231
2020/11/01 04:00:00+00,Saturday,4,Commuter Rail,20446,5112,3232
2020/11/01 04:00:00+00,Saturday,4,The RIDE,5648,1412,3233
2020/11/01 04:00:00+00,Sunday,5,Blue Line,67097,13419,3234
2020/11/01 04:00:00+00,Sunday,5,Orange Line,133393,26679,3235
2020/11/01 04:00:00+00,Sunday,5,Red Line,149624,29925,3236
2020/11/01 04:00:00+00,Sunday,5,Heavy Rail,350114,70023,3237
2020/11/01 04:00:00+00,Sunday,5,Green Line,123066,24613,3238
2020/11/01 04:00:00+00,Sunday,5,Light Rail,123066,24613,3239
2020/11/01 04:00:00+00,Sunday,5,Silver Line,48559,9712,3240
2020/11/01 04:00:00+00,Sunday,5,Bus,365869,73174,3241
2020/11/01 04:00:00+00,Sunday,5,All Bus,414429,82886,3242
2020/11/01 04:00:00+00,Sunday,5,Commuter Rail,19999,4000,3243
2020/11/01 04:00:00+00,Sunday,5,The RIDE,4570,914,3244
2020/11/01 04:00:00+00,Total,30,Blue Line,604304,20143,3245
2020/11/01 04:00:00+00,Total,30,Orange Line,1345735,44858,3246
2020/11/01 04:00:00+00,Total,30,Red Line,1477327,49244,3247
2020/11/01 04:00:00+00,Total,30,Heavy Rail,3427366,114246,3248
2020/11/01 04:00:00+00,Total,30,Green Line,1146277,38209,3249
2020/11/01 04:00:00+00,Total,30,Light Rail,1146277,38209,3250
2021/06/01 04:00:00+00,Total,30,Ferry,50814,1694,3251
2021/06/01 04:00:00+00,Total,30,The RIDE,68711,2290,3252
2021/05/01 04:00:00+00,Weekday,20,Blue Line,590264,29513,3253
2021/05/01 04:00:00+00,Weekday,20,Orange Line,1318475,65924,3254
2021/05/01 04:00:00+00,Weekday,20,Red Line,1558519,77926,3255
2021/05/01 04:00:00+00,Weekday,20,Heavy Rail,3467259,173363,3256
2021/05/01 04:00:00+00,Weekday,20,Green Line,1084391,54220,3257
2021/05/01 04:00:00+00,Weekday,20,Light Rail,1084391,54220,3258
2021/05/01 04:00:00+00,Weekday,20,Silver Line,348164,17408,3259
2021/05/01 04:00:00+00,Weekday,20,Bus,3555724,177786,3260
2021/05/01 04:00:00+00,Weekday,20,Trackless Trolley,79439,3972,3261
2021/05/01 04:00:00+00,Weekday,20,Private Bus,28705,1435,3262
2021/05/01 04:00:00+00,Weekday,20,All Bus,4012032,200602,3263
2021/05/01 04:00:00+00,Weekday,20,Commuter Rail,475908,23795,3264
2021/05/01 04:00:00+00,Weekday,20,Ferry,13076,654,3265
2021/05/01 04:00:00+00,Weekday,20,The RIDE,52431,2622,3266
2021/05/01 04:00:00+00,Saturday,5,Blue Line,117620,23524,3267
2021/05/01 04:00:00+00,Saturday,5,Orange Line,241891,48378,3268
2021/05/01 04:00:00+00,Saturday,5,Red Line,279367,55873,3269
2021/05/01 04:00:00+00,Saturday,5,Heavy Rail,638878,127776,3270
2021/05/01 04:00:00+00,Saturday,5,Green Line,229817,45963,3271
2021/05/01 04:00:00+00,Saturday,5,Light Rail,229817,45963,3272
2021/05/01 04:00:00+00,Saturday,5,Silver Line,62864,12573,3273
2021/05/01 04:00:00+00,Saturday,5,Bus,545009,109002,3274
2021/05/01 04:00:00+00,Saturday,5,Trackless Trolley,10883,2177,3275
2021/05/01 04:00:00+00,Saturday,5,Private Bus,4316,863,3276
2021/05/01 04:00:00+00,Saturday,5,All Bus,623073,124615,3277
2021/05/01 04:00:00+00,Saturday,5,Commuter Rail,37154,7431,3278
2021/05/01 04:00:00+00,Sunday,5,Blue Line,89794,17959,3279
2021/05/01 04:00:00+00,Sunday,5,Orange Line,174624,34925,3280
2021/05/01 04:00:00+00,Sunday,5,Red Line,204867,40973,3281
2021/05/01 04:00:00+00,Sunday,5,Heavy Rail,469284,93857,3282
2021/05/01 04:00:00+00,Sunday,5,Green Line,167603,33521,3283
2021/05/01 04:00:00+00,Sunday,5,Light Rail,167603,33521,3284
2021/05/01 04:00:00+00,Sunday,5,Silver Line,65582,13116,3285
2021/05/01 04:00:00+00,Sunday,5,Bus,445102,89020,3286
2021/05/01 04:00:00+00,Sunday,5,Private Bus,3135,627,3287
2021/05/01 04:00:00+00,Sunday,5,All Bus,513819,102764,3288
2021/05/01 04:00:00+00,Sunday,5,Commuter Rail,25008,5002,3289
2021/05/01 04:00:00+00,Total,31,Blue Line,816744,26347,3290
2021/05/01 04:00:00+00,Total,31,Orange Line,1775222,57265,3291
2021/05/01 04:00:00+00,Total,31,Red Line,2084202,67232,3292
2021/05/01 04:00:00+00,Total,31,Heavy Rail,4676168,150844,3293
2021/05/01 04:00:00+00,Total,31,Green Line,1516471,48918,3294
2021/05/01 04:00:00+00,Total,31,Light Rail,1516471,48918,3295
2021/05/01 04:00:00+00,Total,31,Silver Line,476610,15375,3296
2021/05/01 04:00:00+00,Total,31,Bus,4545834,146640,3297
2021/05/01 04:00:00+00,Total,31,Trackless Trolley,90322,2914,3298
2021/05/01 04:00:00+00,Total,31,Private Bus,36157,1166,3299
2021/05/01 04:00:00+00,Total,31,All Bus,5148923,166094,3300
2021/01/01 05:00:00+00,Total,31,Bus,3428806,110607,3301
2020/11/01 04:00:00+00,Total,30,Silver Line,365668,12189,3302
2021/02/01 05:00:00+00,Total,28,Trackless Trolley,71116,2540,3303
2021/03/01 05:00:00+00,Total,31,Private Bus,34474,1112,3304
2021/04/01 04:00:00+00,Total,30,All Bus,4773086,159103,3305
2021/05/01 04:00:00+00,Total,31,Commuter Rail,538070,17357,3306
2021/01/01 05:00:00+00,Total,31,Trackless Trolley,72748,2347,3307
2021/01/01 05:00:00+00,Total,31,Private Bus,29878,964,3308
2021/01/01 05:00:00+00,Total,31,All Bus,3874257,124976,3309
2021/01/01 05:00:00+00,Total,31,Commuter Rail,255946,8256,3310
2021/01/01 05:00:00+00,Total,31,Ferry,6264,202,3311
2021/01/01 05:00:00+00,Total,31,The RIDE,51681,1667,3312
2020/12/01 05:00:00+00,Weekday,22,Blue Line,451335,20515,3313
2020/12/01 05:00:00+00,Weekday,22,Orange Line,1028409,46746,3314
2020/12/01 05:00:00+00,Weekday,22,Red Line,1143482,51976,3315
2020/12/01 05:00:00+00,Weekday,22,Heavy Rail,2623226,119238,3316
2020/12/01 05:00:00+00,Weekday,22,Green Line,820629,37301,3317
2020/12/01 05:00:00+00,Weekday,22,Light Rail,820629,37301,3318
2020/12/01 05:00:00+00,Weekday,22,Silver Line,292128,13279,3319
2020/12/01 05:00:00+00,Weekday,22,Bus,3014925,137042,3320
2020/12/01 05:00:00+00,Weekday,22,Trackless Trolley,68048,3093,3321
2020/12/01 05:00:00+00,Weekday,22,Private Bus,44154,2007,3322
2020/12/01 05:00:00+00,Weekday,22,All Bus,3419255,155421,3323
2020/12/01 05:00:00+00,Weekday,22,Commuter Rail,293773,13353,3324
2020/12/01 05:00:00+00,Weekday,22,Ferry,7876,358,3325
2020/12/01 05:00:00+00,Weekday,22,The RIDE,44471,2021,3326
2020/12/01 05:00:00+00,Saturday,4,Blue Line,55516,13879,3327
2020/12/01 05:00:00+00,Saturday,4,Orange Line,100142,25036,3328
2020/12/01 05:00:00+00,Saturday,4,Red Line,125635,31409,3329
2020/12/01 05:00:00+00,Saturday,4,Heavy Rail,281293,70323,3330
2020/12/01 05:00:00+00,Saturday,4,Green Line,101564,25391,3331
2020/12/01 05:00:00+00,Saturday,4,Light Rail,101564,25391,3332
2020/12/01 05:00:00+00,Saturday,4,Silver Line,38723,9681,3333
2020/12/01 05:00:00+00,Saturday,4,Bus,335542,83886,3334
2020/12/01 05:00:00+00,Saturday,4,Trackless Trolley,6636,1659,3335
2020/12/01 05:00:00+00,Saturday,4,All Bus,380901,95225,3336
2020/12/01 05:00:00+00,Saturday,4,Commuter Rail,15568,3892,3337
2020/12/01 05:00:00+00,Sunday,4,Blue Line,48726,12182,3338
2020/12/01 05:00:00+00,Sunday,4,Orange Line,82284,20571,3339
2020/12/01 05:00:00+00,Sunday,4,Red Line,110176,27544,3340
2020/12/01 05:00:00+00,Sunday,4,Heavy Rail,241187,60297,3341
2020/12/01 05:00:00+00,Sunday,4,Green Line,86970,21742,3342
2020/12/01 05:00:00+00,Sunday,4,Light Rail,86970,21742,3343
2020/12/01 05:00:00+00,Sunday,4,Silver Line,40193,10048,3344
2020/12/01 05:00:00+00,Sunday,4,Bus,275117,68779,3345
2020/12/01 05:00:00+00,Sunday,4,All Bus,315309,78827,3346
2020/12/01 05:00:00+00,Sunday,4,Commuter Rail,14400,3600,3347
2020/12/01 05:00:00+00,Sunday,4,The RIDE,3464,866,3348
2020/12/01 05:00:00+00,Total,31,Blue Line,560106,18068,3349
2020/12/01 05:00:00+00,Total,31,Orange Line,1220244,39363,3350
2020/12/01 05:00:00+00,Total,31,Red Line,1389002,44807,3351
2020/12/01 05:00:00+00,Total,31,Heavy Rail,3169352,102237,3352
2020/12/01 05:00:00+00,Total,31,Green Line,1015921,32772,3353
2020/12/01 05:00:00+00,Total,31,Light Rail,1015921,32772,3354
2020/12/01 05:00:00+00,Total,31,Silver Line,371044,11969,3355
2021/05/01 04:00:00+00,Total,31,Ferry,13076,422,3356
2021/04/01 04:00:00+00,Total,30,Commuter Rail,406368,13546,3357
2021/03/01 05:00:00+00,Total,31,All Bus,4702173,151683,3358
2021/02/01 05:00:00+00,Total,28,Private Bus,29929,1069,3359
2020/11/01 04:00:00+00,Total,30,Bus,3704996,123500,3360
2020/11/01 04:00:00+00,Total,30,Trackless Trolley,80361,2679,3361
2020/11/01 04:00:00+00,Total,30,Private Bus,34014,1134,3362
2020/11/01 04:00:00+00,Total,30,All Bus,4185039,139501,3363
2020/11/01 04:00:00+00,Total,30,Commuter Rail,387367,12912,3364
2020/11/01 04:00:00+00,Total,30,Ferry,11275,376,3365
2020/11/01 04:00:00+00,Total,30,The RIDE,59815,1994,3366
2020/10/01 04:00:00+00,Weekday,22,Blue Line,538534,24479,3367
2020/10/01 04:00:00+00,Weekday,22,Orange Line,1235415,56155,3368
2020/10/01 04:00:00+00,Weekday,22,Red Line,1354516,61569,3369
2020/10/01 04:00:00+00,Weekday,22,Heavy Rail,3128465,142203,3370
2020/10/01 04:00:00+00,Weekday,22,Green Line,1024202,46555,3371
2020/10/01 04:00:00+00,Weekday,22,Light Rail,1024202,46555,3372
2020/10/01 04:00:00+00,Weekday,22,Silver Line,313542,14252,3373
2020/10/01 04:00:00+00,Weekday,22,Bus,3317220,150783,3374
2020/10/01 04:00:00+00,Weekday,22,Trackless Trolley,79841,3629,3375
2020/10/01 04:00:00+00,Weekday,22,Private Bus,40986,1863,3376
2020/10/01 04:00:00+00,Weekday,22,All Bus,3751589,170527,3377
2020/10/01 04:00:00+00,Weekday,22,Commuter Rail,346828,15765,3378
2020/10/01 04:00:00+00,Weekday,22,Ferry,12210,555,3379
2020/10/01 04:00:00+00,Weekday,22,The RIDE,47342,2152,3380
2020/10/01 04:00:00+00,Saturday,5,Blue Line,99845,19969,3381
2020/10/01 04:00:00+00,Saturday,5,Orange Line,213130,42626,3382
2020/10/01 04:00:00+00,Saturday,5,Red Line,235538,47108,3383
2020/10/01 04:00:00+00,Saturday,5,Heavy Rail,548513,109703,3384
2020/10/01 04:00:00+00,Saturday,5,Green Line,207587,41517,3385
2020/10/01 04:00:00+00,Saturday,5,Light Rail,207587,41517,3386
2020/10/01 04:00:00+00,Saturday,5,Silver Line,55000,11000,3387
2020/10/01 04:00:00+00,Saturday,5,Bus,532053,106411,3388
2020/10/01 04:00:00+00,Saturday,5,Trackless Trolley,11461,2292,3389
2020/10/01 04:00:00+00,Saturday,5,All Bus,598515,119703,3390
2020/10/01 04:00:00+00,Saturday,5,Commuter Rail,37427,7485,3391
2020/10/01 04:00:00+00,Saturday,5,The RIDE,6845,1369,3392
2020/10/01 04:00:00+00,Sunday,4,Blue Line,60650,15162,3393
2020/10/01 04:00:00+00,Sunday,4,Orange Line,125809,31452,3394
2020/10/01 04:00:00+00,Sunday,4,Red Line,139457,34864,3395
2020/10/01 04:00:00+00,Sunday,4,Heavy Rail,325916,81479,3396
2020/10/01 04:00:00+00,Sunday,4,Green Line,119155,29789,3397
2020/10/01 04:00:00+00,Sunday,4,Light Rail,119155,29789,3398
2020/10/01 04:00:00+00,Sunday,4,Silver Line,35429,8857,3399
2020/10/01 04:00:00+00,Sunday,4,Bus,275763,68941,3400
2020/10/01 04:00:00+00,Sunday,4,All Bus,311192,77798,3401
2020/10/01 04:00:00+00,Sunday,4,Commuter Rail,23992,5998,3402
2020/10/01 04:00:00+00,Sunday,4,The RIDE,3696,924,3403
2020/10/01 04:00:00+00,Total,31,Blue Line,699029,22549,3404
2020/10/01 04:00:00+00,Total,31,Orange Line,1574354,50786,3405
2020/10/01 04:00:00+00,Total,31,Red Line,1729511,55791,3406
2020/10/01 04:00:00+00,Total,31,Heavy Rail,4002894,129126,3407
2020/10/01 04:00:00+00,Total,31,Green Line,1350943,43579,3408
2021/02/01 05:00:00+00,Total,28,All Bus,3782071,135074,3409
2021/02/01 05:00:00+00,Total,28,Commuter Rail,257158,9184,3410
2021/02/01 05:00:00+00,Total,28,Ferry,4074,146,3411
2021/02/01 05:00:00+00,Total,28,The RIDE,48317,1726,3412
2021/01/01 05:00:00+00,Weekday,19,Blue Line,400315,21069,3413
2021/01/01 05:00:00+00,Weekday,19,Orange Line,900334,47386,3414
2021/01/01 05:00:00+00,Weekday,19,Red Line,1003252,52803,3415
2021/01/01 05:00:00+00,Weekday,19,Heavy Rail,2303901,121258,3416
2021/01/01 05:00:00+00,Weekday,19,Green Line,733702,38616,3417
2021/01/01 05:00:00+00,Weekday,19,Light Rail,733702,38616,3418
2021/01/01 05:00:00+00,Weekday,19,Silver Line,240789,12673,3419
2021/01/01 05:00:00+00,Weekday,19,Bus,2576787,135620,3420
2021/01/01 05:00:00+00,Weekday,19,Trackless Trolley,61686,3247,3421
2021/01/01 05:00:00+00,Weekday,19,Private Bus,24252,1276,3422
2021/01/01 05:00:00+00,Weekday,19,All Bus,2903514,152817,3423
2021/01/01 05:00:00+00,Weekday,19,Commuter Rail,222252,11697,3424
2021/01/01 05:00:00+00,Weekday,19,Ferry,6264,330,3425
2021/01/01 05:00:00+00,Weekday,19,The RIDE,39419,2075,3426
2021/01/01 05:00:00+00,Saturday,5,Blue Line,72317,14463,3427
2021/01/01 05:00:00+00,Saturday,5,Orange Line,146515,29303,3428
2021/01/01 05:00:00+00,Saturday,5,Red Line,161996,32399,3429
2021/01/01 05:00:00+00,Saturday,5,Heavy Rail,380828,76166,3430
2021/01/01 05:00:00+00,Saturday,5,Green Line,136006,27201,3431
2021/01/01 05:00:00+00,Saturday,5,Light Rail,136006,27201,3432
2021/01/01 05:00:00+00,Saturday,5,Silver Line,54544,10909,3433
2021/01/01 05:00:00+00,Saturday,5,Bus,511959,102392,3434
2021/01/01 05:00:00+00,Saturday,5,Trackless Trolley,11062,2212,3435
2021/01/01 05:00:00+00,Saturday,5,Private Bus,3551,710,3436
2021/01/01 05:00:00+00,Saturday,5,All Bus,581116,116223,3437
2021/01/01 05:00:00+00,Saturday,5,Commuter Rail,17660,3532,3438
2021/01/01 05:00:00+00,Sunday,5,Blue Line,56841,11368,3439
2021/01/01 05:00:00+00,Sunday,5,Orange Line,114366,22873,3440
2021/01/01 05:00:00+00,Sunday,5,Red Line,130233,26047,3441
2021/01/01 05:00:00+00,Sunday,5,Heavy Rail,301440,60288,3442
2021/01/01 05:00:00+00,Sunday,5,Green Line,106104,21221,3443
2021/01/01 05:00:00+00,Sunday,5,Light Rail,106104,21221,3444
2021/01/01 05:00:00+00,Sunday,5,Silver Line,47491,9498,3445
2021/01/01 05:00:00+00,Sunday,5,Bus,340060,68012,3446
2021/01/01 05:00:00+00,Sunday,5,Private Bus,2075,415,3447
2021/01/01 05:00:00+00,Sunday,5,All Bus,389626,77925,3448
2021/01/01 05:00:00+00,Sunday,5,Commuter Rail,16034,3207,3449
2021/01/01 05:00:00+00,Total,31,Blue Line,576132,18585,3450
2021/01/01 05:00:00+00,Total,31,Orange Line,1255781,40509,3451
2021/01/01 05:00:00+00,Total,31,Red Line,1392431,44917,3452
2021/01/01 05:00:00+00,Total,31,Heavy Rail,3224344,104011,3453
2021/01/01 05:00:00+00,Total,31,Green Line,1056887,34093,3454
2021/01/01 05:00:00+00,Total,31,Light Rail,1056887,34093,3455
2021/01/01 05:00:00+00,Total,31,Silver Line,342824,11059,3456
2021/03/01 05:00:00+00,Total,31,Commuter Rail,348892,11255,3457
2021/04/01 04:00:00+00,Total,30,Ferry,8679,289,3458
2021/05/01 04:00:00+00,Total,31,The RIDE,64259,2073,3459
2021/04/01 04:00:00+00,Weekday,22,Blue Line,584176,26553,3460
2021/04/01 04:00:00+00,Weekday,22,Orange Line,1251310,56878,3461
2021/04/01 04:00:00+00,Weekday,22,Red Line,1482972,67408,3462
2021/04/01 04:00:00+00,Weekday,22,Heavy Rail,3318458,150839,3463
2021/04/01 04:00:00+00,Weekday,22,Green Line,1118899,50859,3464
2021/04/01 04:00:00+00,Weekday,22,Light Rail,1118899,50859,3465
2021/04/01 04:00:00+00,Weekday,22,Silver Line,324681,14758,3466
2021/04/01 04:00:00+00,Weekday,22,Bus,3393364,154244,3467
2021/04/01 04:00:00+00,Weekday,22,Trackless Trolley,75312,3423,3468
2021/04/01 04:00:00+00,Weekday,22,Private Bus,27908,1269,3469
2021/04/01 04:00:00+00,Weekday,22,All Bus,3821265,173694,3470
2021/04/01 04:00:00+00,Weekday,22,Commuter Rail,368443,16747,3471
2021/04/01 04:00:00+00,Weekday,22,Ferry,8679,394,3472
2021/04/01 04:00:00+00,Weekday,22,The RIDE,53632,2438,3473
2021/04/01 04:00:00+00,Saturday,4,Blue Line,88248,22062,3474
2021/04/01 04:00:00+00,Saturday,4,Orange Line,168109,42027,3475
2021/04/01 04:00:00+00,Saturday,4,Red Line,209724,52431,3476
2021/04/01 04:00:00+00,Saturday,4,Heavy Rail,466081,116520,3477
2021/04/01 04:00:00+00,Saturday,4,Green Line,175019,43755,3478
2021/04/01 04:00:00+00,Saturday,4,Light Rail,175019,43755,3479
2021/04/01 04:00:00+00,Saturday,4,Silver Line,48486,12122,3480
2021/04/01 04:00:00+00,Saturday,4,Bus,444130,111032,3481
2021/04/01 04:00:00+00,Saturday,4,Trackless Trolley,8523,2131,3482
2021/04/01 04:00:00+00,Saturday,4,Private Bus,4418,1104,3483
2021/04/01 04:00:00+00,Saturday,4,All Bus,505557,126389,3484
2021/04/01 04:00:00+00,Saturday,4,Commuter Rail,23530,5882,3485
2021/04/01 04:00:00+00,Sunday,4,Blue Line,60122,15030,3486
2021/04/01 04:00:00+00,Sunday,4,Orange Line,108413,27103,3487
2021/04/01 04:00:00+00,Sunday,4,Red Line,136441,34110,3488
2021/04/01 04:00:00+00,Sunday,4,Heavy Rail,304976,76244,3489
2021/04/01 04:00:00+00,Sunday,4,Green Line,112086,28022,3490
2021/04/01 04:00:00+00,Sunday,4,Light Rail,112086,28022,3491
2021/04/01 04:00:00+00,Sunday,4,Silver Line,37141,9285,3492
2021/04/01 04:00:00+00,Sunday,4,Bus,266114,66528,3493
2021/04/01 04:00:00+00,Sunday,4,Private Bus,1877,469,3494
2021/04/01 04:00:00+00,Sunday,4,All Bus,305132,76283,3495
2021/04/01 04:00:00+00,Sunday,4,Commuter Rail,14395,3599,3496
2021/04/01 04:00:00+00,Total,30,Blue Line,732545,24418,3497
2021/04/01 04:00:00+00,Total,30,Orange Line,1527832,50928,3498
2021/04/01 04:00:00+00,Total,30,Red Line,1829137,60971,3499
2021/04/01 04:00:00+00,Total,30,Heavy Rail,4089515,136317,3500
2021/04/01 04:00:00+00,Total,30,Green Line,1406004,46867,3501
2021/04/01 04:00:00+00,Total,30,Light Rail,1406004,46867,3502
2021/04/01 04:00:00+00,Total,30,Silver Line,423432,14114,3503
2021/04/01 04:00:00+00,Total,30,Bus,4229354,140978,3504
2021/04/01 04:00:00+00,Total,30,Trackless Trolley,86097,2870,3505
2021/04/01 04:00:00+00,Total,30,Private Bus,34203,1140,3506
2021/04/01 04:00:00+00,Total,30,The RIDE,62512,2084,3507
2021/03/01 05:00:00+00,Weekday,23,Blue Line,559731,24336,3508
2021/03/01 05:00:00+00,Weekday,23,Orange Line,1203963,52346,3509
2021/03/01 05:00:00+00,Weekday,23,Red Line,1401101,60917,3510
2021/03/01 05:00:00+00,Weekday,23,Heavy Rail,3164795,137600,3511
2021/03/01 05:00:00+00,Weekday,23,Green Line,1078637,46897,3512
2021/03/01 05:00:00+00,Weekday,23,Light Rail,1078637,46897,3513
2021/03/01 05:00:00+00,Weekday,23,Silver Line,328741,14293,3514
2021/03/01 05:00:00+00,Weekday,23,Bus,3508582,152547,3515
2021/03/01 05:00:00+00,Weekday,23,Trackless Trolley,74522,3240,3516
2021/03/01 05:00:00+00,Weekday,23,Private Bus,29325,1275,3517
2021/03/01 05:00:00+00,Weekday,23,All Bus,3941170,171355,3518
2021/03/01 05:00:00+00,Weekday,23,Commuter Rail,311316,13535,3519
2021/03/01 05:00:00+00,Weekday,23,Ferry,6920,301,3520
2021/03/01 05:00:00+00,Weekday,23,The RIDE,54953,2389,3521
2021/03/01 05:00:00+00,Saturday,4,Blue Line,76939,19235,3522
2021/03/01 05:00:00+00,Saturday,4,Orange Line,148001,37000,3523
2021/03/01 05:00:00+00,Saturday,4,Red Line,180830,45208,3524
2021/03/01 05:00:00+00,Saturday,4,Heavy Rail,405769,101442,3525
2021/03/01 05:00:00+00,Saturday,4,Green Line,150865,37716,3526
2021/03/01 05:00:00+00,Saturday,4,Light Rail,150865,37716,3527
2021/03/01 05:00:00+00,Saturday,4,Silver Line,42841,10710,3528
2021/03/01 05:00:00+00,Saturday,4,Bus,414087,103522,3529
2021/03/01 05:00:00+00,Saturday,4,Trackless Trolley,7694,1924,3530
2021/03/01 05:00:00+00,Saturday,4,Private Bus,3248,812,3531
2021/03/01 05:00:00+00,Saturday,4,All Bus,467871,116968,3532
2021/03/01 05:00:00+00,Saturday,4,Commuter Rail,22208,5552,3533
2021/03/01 05:00:00+00,Sunday,4,Blue Line,53443,13361,3534
2021/03/01 05:00:00+00,Sunday,4,Orange Line,98179,24545,3535
2021/03/01 05:00:00+00,Sunday,4,Red Line,121301,30325,3536
2021/03/01 05:00:00+00,Sunday,4,Heavy Rail,272923,68231,3537
2021/03/01 05:00:00+00,Sunday,4,Green Line,97163,24291,3538
2021/03/01 05:00:00+00,Sunday,4,Light Rail,97163,24291,3539
2021/03/01 05:00:00+00,Sunday,4,Silver Line,35636,8909,3540
2021/03/01 05:00:00+00,Sunday,4,Bus,255595,63899,3541
2021/03/01 05:00:00+00,Sunday,4,Private Bus,1901,475,3542
2021/03/01 05:00:00+00,Sunday,4,All Bus,293132,73283,3543
2021/03/01 05:00:00+00,Sunday,4,Commuter Rail,15368,3842,3544
2021/03/01 05:00:00+00,Total,31,Blue Line,690112,22262,3545
2021/03/01 05:00:00+00,Total,31,Orange Line,1450143,46779,3546
2021/03/01 05:00:00+00,Total,31,Red Line,1703232,54943,3547
2021/03/01 05:00:00+00,Total,31,Heavy Rail,3843487,123983,3548
2021/03/01 05:00:00+00,Total,31,Green Line,1326665,42796,3549
2021/03/01 05:00:00+00,Total,31,Light Rail,1326665,42796,3550
2021/03/01 05:00:00+00,Total,31,Silver Line,407218,13136,3551
2021/03/01 05:00:00+00,Total,31,Bus,4178265,134783,3552
2021/03/01 05:00:00+00,Total,31,Trackless Trolley,82216,2652,3553
2021/03/01 05:00:00+00,Total,31,Ferry,6920,223,3554
2021/03/01 05:00:00+00,Total,31,The RIDE,63048,2034,3555
2021/02/01 05:00:00+00,Weekday,19,Blue Line,419302,22069,3556
2021/02/01 05:00:00+00,Weekday,19,Orange Line,949242,49960,3557
2021/02/01 05:00:00+00,Weekday,19,Red Line,1054916,55522,3558
2021/02/01 05:00:00+00,Weekday,19,Heavy Rail,2423459,127550,3559
2021/02/01 05:00:00+00,Weekday,19,Green Line,814216,42853,3560
2021/02/01 05:00:00+00,Weekday,19,Light Rail,814216,42853,3561
2021/02/01 05:00:00+00,Weekday,19,Silver Line,246434,12970,3562
2021/02/01 05:00:00+00,Weekday,19,Bus,2647925,139364,3563
2021/02/01 05:00:00+00,Weekday,19,Trackless Trolley,61061,3214,3564
2021/02/01 05:00:00+00,Weekday,19,Private Bus,25186,1326,3565
2021/02/01 05:00:00+00,Weekday,19,All Bus,2980606,156874,3566
2021/02/01 05:00:00+00,Weekday,19,Commuter Rail,231936,12207,3567
2021/02/01 05:00:00+00,Weekday,19,Ferry,4074,214,3568
2021/02/01 05:00:00+00,Weekday,19,The RIDE,39954,2103,3569
2021/02/01 05:00:00+00,Saturday,4,Blue Line,66535,16634,3570
2021/02/01 05:00:00+00,Saturday,4,Orange Line,134034,33508,3571
2021/02/01 05:00:00+00,Saturday,4,Red Line,154538,38634,3572
2021/02/01 05:00:00+00,Saturday,4,Heavy Rail,355106,88776,3573
2021/02/01 05:00:00+00,Saturday,4,Green Line,141725,35431,3574
2021/02/01 05:00:00+00,Saturday,4,Light Rail,141725,35431,3575
2021/02/01 05:00:00+00,Saturday,4,Silver Line,49120,12280,3576
2021/02/01 05:00:00+00,Saturday,4,Bus,461284,115321,3577
2021/02/01 05:00:00+00,Saturday,4,Trackless Trolley,10055,2514,3578
2021/02/01 05:00:00+00,Saturday,4,Private Bus,2967,742,3579
2021/02/01 05:00:00+00,Saturday,4,All Bus,523426,130856,3580
2021/02/01 05:00:00+00,Saturday,4,Commuter Rail,14834,3708,3581
2021/02/01 05:00:00+00,Sunday,4,Blue Line,50740,12685,3582
2021/02/01 05:00:00+00,Sunday,4,Orange Line,97783,24446,3583
2021/02/01 05:00:00+00,Sunday,4,Red Line,117367,29342,3584
2021/02/01 05:00:00+00,Sunday,4,Heavy Rail,265890,66472,3585
2021/02/01 05:00:00+00,Sunday,4,Green Line,105291,26323,3586
2021/02/01 05:00:00+00,Sunday,4,Light Rail,105291,26323,3587
2021/02/01 05:00:00+00,Sunday,4,Silver Line,33402,8350,3588
2021/02/01 05:00:00+00,Sunday,4,Bus,242861,60715,3589
2021/02/01 05:00:00+00,Sunday,4,Private Bus,1776,444,3590
2021/02/01 05:00:00+00,Sunday,4,All Bus,278039,69510,3591
2021/02/01 05:00:00+00,Sunday,4,Commuter Rail,10388,2597,3592
2021/02/01 05:00:00+00,Total,28,Blue Line,552548,19734,3593
2021/02/01 05:00:00+00,Total,28,Orange Line,1214637,43380,3594
2021/02/01 05:00:00+00,Total,28,Red Line,1361622,48629,3595
2021/02/01 05:00:00+00,Total,28,Heavy Rail,3128807,111743,3596
2021/02/01 05:00:00+00,Total,28,Green Line,1092775,39028,3597
2021/02/01 05:00:00+00,Total,28,Light Rail,1092775,39028,3598
2021/02/01 05:00:00+00,Total,28,Silver Line,328957,11748,3599
2021/02/01 05:00:00+00,Total,28,Bus,3352069,119717,3600
2020/08/01 04:00:00+00,Total,31,Green Line,987774,31864,3601
2020/08/01 04:00:00+00,Total,31,Light Rail,987774,31864,3602
2020/08/01 04:00:00+00,Total,31,Silver Line,385679,12441,3603
2020/08/01 04:00:00+00,Total,31,Bus,3840144,123876,3604
2020/08/01 04:00:00+00,Total,31,Trackless Trolley,3268,105,3605
2020/08/01 04:00:00+00,Total,31,Private Bus,37733,1217,3606
2020/08/01 04:00:00+00,Total,31,All Bus,4266824,137639,3607
2020/08/01 04:00:00+00,Total,31,Commuter Rail,308476,9951,3608
2020/08/01 04:00:00+00,Total,31,Ferry,18319,591,3609
2020/08/01 04:00:00+00,Total,31,The RIDE,55066,1776,3610
2020/07/01 04:00:00+00,Weekday,23,Blue Line,485562,21111,3611
2020/07/01 04:00:00+00,Weekday,23,Orange Line,980535,42632,3612
2020/07/01 04:00:00+00,Weekday,23,Red Line,1066068,46351,3613
2020/07/01 04:00:00+00,Weekday,23,Heavy Rail,2532165,110094,3614
2020/07/01 04:00:00+00,Weekday,23,Green Line,622270,27055,3615
2020/07/01 04:00:00+00,Weekday,23,Light Rail,622270,27055,3616
2020/07/01 04:00:00+00,Weekday,23,Silver Line,297526,12936,3617
2020/07/01 04:00:00+00,Weekday,23,Bus,3063922,133214,3618
2020/07/01 04:00:00+00,Weekday,23,Private Bus,30406,1322,3619
2020/07/01 04:00:00+00,Weekday,23,All Bus,3391854,147472,3620
2020/07/01 04:00:00+00,Weekday,23,Commuter Rail,249088,10830,3621
2020/07/01 04:00:00+00,Weekday,23,Ferry,15042,654,3622
2020/07/01 04:00:00+00,Weekday,23,The RIDE,43597,1896,3623
2020/07/01 04:00:00+00,Saturday,3,Blue Line,51047,17016,3624
2020/07/01 04:00:00+00,Saturday,3,Orange Line,92769,30923,3625
2020/07/01 04:00:00+00,Saturday,3,Red Line,95351,31784,3626
2020/07/01 04:00:00+00,Saturday,3,Heavy Rail,239168,79723,3627
2020/07/01 04:00:00+00,Saturday,3,Green Line,61697,20566,3628
2020/07/01 04:00:00+00,Saturday,3,Light Rail,61697,20566,3629
2020/07/01 04:00:00+00,Saturday,3,Silver Line,48242,16081,3630
2020/07/01 04:00:00+00,Saturday,3,Bus,476736,158912,3631
2020/07/01 04:00:00+00,Saturday,3,All Bus,524978,174993,3632
2020/07/01 04:00:00+00,Saturday,3,Commuter Rail,10714,3571,3633
2020/07/01 04:00:00+00,Saturday,3,The RIDE,4878,1626,3634
2020/07/01 04:00:00+00,Sunday,4,Blue Line,51628,12907,3635
2020/07/01 04:00:00+00,Sunday,4,Orange Line,89086,22272,3636
2020/07/01 04:00:00+00,Sunday,4,Red Line,95350,23838,3637
2020/07/01 04:00:00+00,Sunday,4,Heavy Rail,236064,59016,3638
2020/07/01 04:00:00+00,Sunday,4,Green Line,59244,14811,3639
2020/07/01 04:00:00+00,Sunday,4,Light Rail,59244,14811,3640
2020/07/01 04:00:00+00,Sunday,4,Silver Line,47466,11866,3641
2020/07/01 04:00:00+00,Sunday,4,Bus,372487,93122,3642
2020/07/01 04:00:00+00,Sunday,4,All Bus,419954,104988,3643
2020/07/01 04:00:00+00,Sunday,4,Commuter Rail,8428,2107,3644
2020/07/01 04:00:00+00,Sunday,4,The RIDE,4652,1163,3645
2020/07/01 04:00:00+00,Total,31,Blue Line,601730,19411,3646
2020/07/01 04:00:00+00,Total,31,Orange Line,1186796,38284,3647
2020/07/01 04:00:00+00,Total,31,Red Line,1279618,41278,3648
2020/07/01 04:00:00+00,Total,31,Heavy Rail,3068144,98972,3649
2020/07/01 04:00:00+00,Total,31,Green Line,758147,24456,3650
2020/09/01 04:00:00+00,Total,30,Green Line,1270411,42347,3651
2020/10/01 04:00:00+00,Total,31,Light Rail,1350943,43579,3652
2020/06/01 04:00:00+00,Total,30,Private Bus,28011,934,3653
2020/02/01 05:00:00+00,Weekday,19,Red Line,4848407,255179,3654
2020/05/01 04:00:00+00,Total,31,The RIDE,35627,1149,3655
2020/07/01 04:00:00+00,Total,31,Light Rail,758147,24456,3656
2020/03/01 05:00:00+00,Weekday,22,Heavy Rail,5749456,261339,3657
2020/03/01 05:00:00+00,Weekday,22,Green Line,1715174,77962,3658
2020/03/01 05:00:00+00,Weekday,22,Light Rail,1715174,77962,3659
2020/03/01 05:00:00+00,Weekday,22,Silver Line,479125,21778,3660
2020/03/01 05:00:00+00,Weekday,22,Bus,4547611,206710,3661
2020/03/01 05:00:00+00,Weekday,22,Trackless Trolley,101973,4635,3662
2020/03/01 05:00:00+00,Weekday,22,Private Bus,49742,2261,3663
2020/03/01 05:00:00+00,Weekday,22,All Bus,5178451,235384,3664
2020/03/01 05:00:00+00,Weekday,22,Commuter Rail,1003246,45602,3665
2020/03/01 05:00:00+00,Weekday,22,Ferry,66440,3020,3666
2020/03/01 05:00:00+00,Weekday,22,The RIDE,65225,2965,3667
2020/03/01 05:00:00+00,Saturday,4,Blue Line,80306,20076,3668
2020/03/01 05:00:00+00,Saturday,4,Orange Line,173563,43391,3669
2020/03/01 05:00:00+00,Saturday,4,Red Line,189470,47368,3670
2020/03/01 05:00:00+00,Saturday,4,Heavy Rail,443339,110835,3671
2020/03/01 05:00:00+00,Saturday,4,Green Line,151816,37954,3672
2020/03/01 05:00:00+00,Saturday,4,Light Rail,151816,37954,3673
2020/03/01 05:00:00+00,Saturday,4,Silver Line,51011,12753,3674
2020/03/01 05:00:00+00,Saturday,4,Bus,450841,112710,3675
2020/03/01 05:00:00+00,Saturday,4,Trackless Trolley,10968,2742,3676
2020/03/01 05:00:00+00,Saturday,4,All Bus,512820,128205,3677
2020/03/01 05:00:00+00,Saturday,4,Commuter Rail,19489,4872,3678
2020/03/01 05:00:00+00,Saturday,4,The RIDE,6616,1654,3679
2020/03/01 05:00:00+00,Sunday,5,Blue Line,86705,17341,3680
2020/03/01 05:00:00+00,Sunday,5,Orange Line,191177,38235,3681
2020/03/01 05:00:00+00,Sunday,5,Red Line,216069,43214,3682
2020/03/01 05:00:00+00,Sunday,5,Heavy Rail,493951,98790,3683
2020/03/01 05:00:00+00,Sunday,5,Green Line,168034,33607,3684
2020/03/01 05:00:00+00,Sunday,5,Light Rail,168034,33607,3685
2020/03/01 05:00:00+00,Sunday,5,Silver Line,61924,12385,3686
2020/03/01 05:00:00+00,Sunday,5,Bus,392645,78529,3687
2020/03/01 05:00:00+00,Sunday,5,All Bus,454570,90914,3688
2020/03/01 05:00:00+00,Sunday,5,Commuter Rail,24824,4965,3689
2020/03/01 05:00:00+00,Sunday,5,The RIDE,7097,1419,3690
2020/03/01 05:00:00+00,Total,31,Blue Line,990544,31953,3691
2020/03/01 05:00:00+00,Total,31,Orange Line,2614438,84337,3692
2020/03/01 05:00:00+00,Total,31,Red Line,3081763,99412,3693
2020/03/01 05:00:00+00,Total,31,Heavy Rail,6686746,215701,3694
2020/03/01 05:00:00+00,Total,31,Green Line,2035024,65646,3695
2020/03/01 05:00:00+00,Total,31,Light Rail,2035024,65646,3696
2020/03/01 05:00:00+00,Total,31,Silver Line,592061,19099,3697
2020/03/01 05:00:00+00,Total,31,Bus,5391097,173906,3698
2020/03/01 05:00:00+00,Total,31,Trackless Trolley,112941,3643,3699
2020/03/01 05:00:00+00,Total,31,Private Bus,49084,1583,3700
2020/03/01 05:00:00+00,Total,31,All Bus,6145183,198232,3701
2020/03/01 05:00:00+00,Total,31,Commuter Rail,1047559,33792,3702
2020/03/01 05:00:00+00,Total,31,Ferry,86936,2804,3703
2020/03/01 05:00:00+00,Total,31,The RIDE,67365,2173,3704
2020/02/01 05:00:00+00,Weekday,19,Blue Line,1277354,67229,3705
2020/02/01 05:00:00+00,Weekday,19,Orange Line,3954096,208110,3706
2020/07/01 04:00:00+00,Total,31,Silver Line,393234,12685,3707
2020/07/01 04:00:00+00,Total,31,Bus,3913145,126230,3708
2020/07/01 04:00:00+00,Total,31,Private Bus,35882,1157,3709
2020/07/01 04:00:00+00,Total,31,All Bus,4342261,140073,3710
2020/07/01 04:00:00+00,Total,31,Commuter Rail,273907,8836,3711
2020/07/01 04:00:00+00,Total,31,Ferry,15042,485,3712
2020/07/01 04:00:00+00,Total,31,The RIDE,60480,1951,3713
2020/06/01 04:00:00+00,Weekday,22,Blue Line,336590,15300,3714
2020/06/01 04:00:00+00,Weekday,22,Orange Line,717112,32596,3715
2020/06/01 04:00:00+00,Weekday,22,Red Line,765860,34812,3716
2020/06/01 04:00:00+00,Weekday,22,Heavy Rail,1819562,82707,3717
2020/06/01 04:00:00+00,Weekday,22,Green Line,355293,16150,3718
2020/06/01 04:00:00+00,Weekday,22,Light Rail,355293,16150,3719
2020/06/01 04:00:00+00,Weekday,22,Silver Line,251742,11443,3720
2020/06/01 04:00:00+00,Weekday,22,Bus,2658286,120831,3721
2020/06/01 04:00:00+00,Weekday,22,Private Bus,22741,1034,3722
2020/06/01 04:00:00+00,Weekday,22,All Bus,2932770,133308,3723
2020/06/01 04:00:00+00,Weekday,22,Commuter Rail,110959,5044,3724
2020/06/01 04:00:00+00,Weekday,22,The RIDE,38247,1738,3725
2020/06/01 04:00:00+00,Saturday,4,Blue Line,46719,11680,3726
2020/06/01 04:00:00+00,Saturday,4,Orange Line,90561,22640,3727
2020/06/01 04:00:00+00,Saturday,4,Red Line,97928,24482,3728
2020/06/01 04:00:00+00,Saturday,4,Heavy Rail,235208,58802,3729
2020/06/01 04:00:00+00,Saturday,4,Green Line,49600,12400,3730
2020/06/01 04:00:00+00,Saturday,4,Light Rail,49600,12400,3731
2020/06/01 04:00:00+00,Saturday,4,Silver Line,37722,9430,3732
2020/06/01 04:00:00+00,Saturday,4,Bus,411909,102977,3733
2020/06/01 04:00:00+00,Saturday,4,All Bus,449631,112408,3734
2020/06/01 04:00:00+00,Saturday,4,Commuter Rail,4596,1149,3735
2020/06/01 04:00:00+00,Saturday,4,The RIDE,5492,1373,3736
2020/06/01 04:00:00+00,Sunday,4,Blue Line,36789,9197,3737
2020/06/01 04:00:00+00,Sunday,4,Orange Line,71074,17768,3738
2020/06/01 04:00:00+00,Sunday,4,Red Line,77015,19254,3739
2020/06/01 04:00:00+00,Sunday,4,Heavy Rail,184879,46220,3740
2020/06/01 04:00:00+00,Sunday,4,Green Line,37805,9451,3741
2020/06/01 04:00:00+00,Sunday,4,Light Rail,37805,9451,3742
2020/06/01 04:00:00+00,Sunday,4,Silver Line,32933,8233,3743
2020/06/01 04:00:00+00,Sunday,4,Bus,263444,65861,3744
2020/06/01 04:00:00+00,Sunday,4,All Bus,296378,74094,3745
2020/06/01 04:00:00+00,Sunday,4,Commuter Rail,3861,965,3746
2020/06/01 04:00:00+00,Sunday,4,The RIDE,3504,876,3747
2020/06/01 04:00:00+00,Total,30,Blue Line,420098,14003,3748
2020/06/01 04:00:00+00,Total,30,Orange Line,878747,29292,3749
2020/06/01 04:00:00+00,Total,30,Red Line,940803,31360,3750
2020/06/01 04:00:00+00,Total,30,Heavy Rail,2239649,74655,3751
2020/06/01 04:00:00+00,Total,30,Green Line,442697,14757,3752
2020/06/01 04:00:00+00,Total,30,Light Rail,442697,14757,3753
2020/06/01 04:00:00+00,Total,30,Silver Line,322397,10747,3754
2020/06/01 04:00:00+00,Total,30,Bus,3333640,111121,3755
2020/04/01 04:00:00+00,Weekday,22,Blue Line,167665,7621,3756
2020/02/01 05:00:00+00,Weekday,19,Heavy Rail,10079857,530519,3757
2020/06/01 04:00:00+00,Total,30,All Bus,3684048,122802,3758
2020/10/01 04:00:00+00,Total,31,Silver Line,403971,13031,3759
2020/09/01 04:00:00+00,Total,30,Light Rail,1270411,42347,3760
2020/09/01 04:00:00+00,Total,30,Silver Line,386212,12874,3761
2020/09/01 04:00:00+00,Total,30,Bus,4016026,133868,3762
2020/09/01 04:00:00+00,Total,30,Trackless Trolley,83489,2783,3763
2020/09/01 04:00:00+00,Total,30,Private Bus,38059,1269,3764
2020/09/01 04:00:00+00,Total,30,All Bus,4523786,150793,3765
2020/09/01 04:00:00+00,Total,30,Commuter Rail,345989,11533,3766
2020/09/01 04:00:00+00,Total,30,Ferry,16534,551,3767
2020/09/01 04:00:00+00,Total,30,The RIDE,60279,2009,3768
2020/08/01 04:00:00+00,Weekday,21,Blue Line,491557,23407,3769
2020/08/01 04:00:00+00,Weekday,21,Orange Line,1017020,48430,3770
2020/08/01 04:00:00+00,Weekday,21,Red Line,1134155,54007,3771
2020/08/01 04:00:00+00,Weekday,21,Heavy Rail,2642732,125844,3772
2020/08/01 04:00:00+00,Weekday,21,Green Line,749944,35712,3773
2020/08/01 04:00:00+00,Weekday,21,Light Rail,749944,35712,3774
2020/08/01 04:00:00+00,Weekday,21,Silver Line,280178,13342,3775
2020/08/01 04:00:00+00,Weekday,21,Bus,2934128,139720,3776
2020/08/01 04:00:00+00,Weekday,21,Trackless Trolley,3268,156,3777
2020/08/01 04:00:00+00,Weekday,21,Private Bus,30387,1447,3778
2020/08/01 04:00:00+00,Weekday,21,All Bus,3247960,154665,3779
2020/08/01 04:00:00+00,Weekday,21,Commuter Rail,275983,13142,3780
2020/08/01 04:00:00+00,Weekday,21,Ferry,18312,872,3781
2020/08/01 04:00:00+00,Weekday,21,The RIDE,40673,1937,3782
2020/08/01 04:00:00+00,Saturday,5,Blue Line,46295,9259,3783
2020/08/01 04:00:00+00,Saturday,5,Orange Line,157102,31420,3784
2020/08/01 04:00:00+00,Saturday,5,Red Line,181529,36306,3785
2020/08/01 04:00:00+00,Saturday,5,Heavy Rail,384926,76985,3786
2020/08/01 04:00:00+00,Saturday,5,Green Line,132260,26452,3787
2020/08/01 04:00:00+00,Saturday,5,Light Rail,132260,26452,3788
2020/08/01 04:00:00+00,Saturday,5,Silver Line,57241,11448,3789
2020/08/01 04:00:00+00,Saturday,5,Bus,558652,111730,3790
2020/08/01 04:00:00+00,Saturday,5,All Bus,615893,123179,3791
2020/08/01 04:00:00+00,Saturday,5,Commuter Rail,17381,3476,3792
2020/08/01 04:00:00+00,Saturday,5,The RIDE,9310,1862,3793
2020/08/01 04:00:00+00,Sunday,5,Blue Line,37307,7461,3794
2020/08/01 04:00:00+00,Sunday,5,Orange Line,122537,24507,3795
2020/08/01 04:00:00+00,Sunday,5,Red Line,143144,28629,3796
2020/08/01 04:00:00+00,Sunday,5,Heavy Rail,302989,60598,3797
2020/08/01 04:00:00+00,Sunday,5,Green Line,105569,21114,3798
2020/08/01 04:00:00+00,Sunday,5,Light Rail,105569,21114,3799
2020/08/01 04:00:00+00,Sunday,5,Silver Line,48260,9652,3800
2020/08/01 04:00:00+00,Sunday,5,Bus,347365,69473,3801
2020/08/01 04:00:00+00,Sunday,5,All Bus,395625,79125,3802
2020/08/01 04:00:00+00,Sunday,5,Commuter Rail,15113,3023,3803
2020/08/01 04:00:00+00,Sunday,5,The RIDE,6270,1254,3804
2020/08/01 04:00:00+00,Total,31,Blue Line,575160,18554,3805
2020/08/01 04:00:00+00,Total,31,Orange Line,1296660,41828,3806
2020/08/01 04:00:00+00,Total,31,Red Line,1458827,47059,3807
2020/08/01 04:00:00+00,Total,31,Heavy Rail,3330647,107440,3808
2020/10/01 04:00:00+00,Total,31,Bus,4125036,133066,3809
2020/10/01 04:00:00+00,Total,31,Trackless Trolley,91303,2945,3810
2020/10/01 04:00:00+00,Total,31,Private Bus,39121,1262,3811
2020/10/01 04:00:00+00,Total,31,All Bus,4659430,150304,3812
2020/10/01 04:00:00+00,Total,31,Commuter Rail,408247,13169,3813
2020/10/01 04:00:00+00,Total,31,Ferry,12203,394,3814
2020/10/01 04:00:00+00,Total,31,The RIDE,64297,2074,3815
2020/09/01 04:00:00+00,Weekday,21,Blue Line,534765,25465,3816
2020/09/01 04:00:00+00,Weekday,21,Orange Line,1180225,56201,3817
2020/09/01 04:00:00+00,Weekday,21,Red Line,1288872,61375,3818
2020/09/01 04:00:00+00,Weekday,21,Heavy Rail,3003862,143041,3819
2020/09/01 04:00:00+00,Weekday,21,Green Line,966037,46002,3820
2020/09/01 04:00:00+00,Weekday,21,Light Rail,966037,46002,3821
2020/09/01 04:00:00+00,Weekday,21,Silver Line,296861,14136,3822
2020/09/01 04:00:00+00,Weekday,21,Bus,3217411,153210,3823
2020/09/01 04:00:00+00,Weekday,21,Trackless Trolley,73368,3494,3824
2020/09/01 04:00:00+00,Weekday,21,Private Bus,31668,1508,3825
2020/09/01 04:00:00+00,Weekday,21,All Bus,3619307,172348,3826
2020/09/01 04:00:00+00,Weekday,21,Commuter Rail,318769,15179,3827
2020/09/01 04:00:00+00,Weekday,21,Ferry,16527,787,3828
2020/09/01 04:00:00+00,Weekday,21,The RIDE,45219,2153,3829
2020/09/01 04:00:00+00,Saturday,4,Blue Line,83656,20914,3830
2020/09/01 04:00:00+00,Saturday,4,Orange Line,171304,42826,3831
2020/09/01 04:00:00+00,Saturday,4,Red Line,187511,46878,3832
2020/09/01 04:00:00+00,Saturday,4,Heavy Rail,442470,110618,3833
2020/09/01 04:00:00+00,Saturday,4,Green Line,160175,40044,3834
2020/09/01 04:00:00+00,Saturday,4,Light Rail,160175,40044,3835
2020/09/01 04:00:00+00,Saturday,4,Silver Line,44047,11012,3836
2020/09/01 04:00:00+00,Saturday,4,Bus,433630,108408,3837
2020/09/01 04:00:00+00,Saturday,4,Trackless Trolley,10121,2530,3838
2020/09/01 04:00:00+00,Saturday,4,All Bus,487798,121950,3839
2020/09/01 04:00:00+00,Saturday,4,Commuter Rail,24152,6038,3840
2020/09/01 04:00:00+00,Saturday,4,The RIDE,5456,1364,3841
2020/09/01 04:00:00+00,Sunday,4,Blue Line,62159,15540,3842
2020/09/01 04:00:00+00,Sunday,4,Orange Line,122527,30632,3843
2020/09/01 04:00:00+00,Sunday,4,Red Line,132503,33126,3844
2020/09/01 04:00:00+00,Sunday,4,Heavy Rail,317189,79297,3845
2020/09/01 04:00:00+00,Sunday,4,Green Line,111611,27903,3846
2020/09/01 04:00:00+00,Sunday,4,Light Rail,111611,27903,3847
2020/09/01 04:00:00+00,Sunday,4,Silver Line,45305,11326,3848
2020/09/01 04:00:00+00,Sunday,4,Bus,364985,91246,3849
2020/09/01 04:00:00+00,Sunday,4,All Bus,410290,102572,3850
2020/09/01 04:00:00+00,Sunday,4,Commuter Rail,13215,3304,3851
2020/09/01 04:00:00+00,Sunday,4,The RIDE,3512,878,3852
2020/09/01 04:00:00+00,Total,30,Blue Line,698212,23274,3853
2020/09/01 04:00:00+00,Total,30,Orange Line,1508907,50297,3854
2020/09/01 04:00:00+00,Total,30,Red Line,1644315,54810,3855
2020/09/01 04:00:00+00,Total,30,Heavy Rail,3851434,128381,3856
2020/06/01 04:00:00+00,Total,30,Commuter Rail,119415,3980,3857
2020/02/01 05:00:00+00,Weekday,19,Green Line,3260192,171589,3858
2020/04/01 04:00:00+00,Weekday,22,Orange Line,383582,17436,3859
2020/04/01 04:00:00+00,Weekday,22,Red Line,434375,19744,3860
2020/04/01 04:00:00+00,Weekday,22,Heavy Rail,985623,44801,3861
2020/04/01 04:00:00+00,Weekday,22,Green Line,190670,8667,3862
2020/04/01 04:00:00+00,Weekday,22,Light Rail,190670,8667,3863
2020/04/01 04:00:00+00,Weekday,22,Silver Line,172252,7830,3864
2020/04/01 04:00:00+00,Weekday,22,Bus,1695919,77087,3865
2020/04/01 04:00:00+00,Weekday,22,Private Bus,18414,837,3866
2020/04/01 04:00:00+00,Weekday,22,All Bus,1886586,85754,3867
2020/04/01 04:00:00+00,Weekday,22,Commuter Rail,52726,2397,3868
2020/04/01 04:00:00+00,Weekday,22,The RIDE,20397,927,3869
2020/04/01 04:00:00+00,Saturday,4,Blue Line,20820,5205,3870
2020/04/01 04:00:00+00,Saturday,4,Orange Line,45257,11314,3871
2020/04/01 04:00:00+00,Saturday,4,Red Line,52341,13085,3872
2020/04/01 04:00:00+00,Saturday,4,Heavy Rail,118418,29604,3873
2020/04/01 04:00:00+00,Saturday,4,Green Line,23691,5923,3874
2020/04/01 04:00:00+00,Saturday,4,Light Rail,23691,5923,3875
2020/04/01 04:00:00+00,Saturday,4,Silver Line,27092,6773,3876
2020/04/01 04:00:00+00,Saturday,4,Bus,252632,63158,3877
2020/04/01 04:00:00+00,Saturday,4,All Bus,279725,69931,3878
2020/04/01 04:00:00+00,Saturday,4,Commuter Rail,1362,340,3879
2020/04/01 04:00:00+00,Saturday,4,The RIDE,3100,775,3880
2020/04/01 04:00:00+00,Sunday,4,Blue Line,15911,3978,3881
2020/04/01 04:00:00+00,Sunday,4,Orange Line,34986,8746,3882
2020/04/01 04:00:00+00,Sunday,4,Red Line,42387,10597,3883
2020/04/01 04:00:00+00,Sunday,4,Heavy Rail,93284,23321,3884
2020/04/01 04:00:00+00,Sunday,4,Green Line,18486,4622,3885
2020/04/01 04:00:00+00,Sunday,4,Light Rail,18486,4622,3886
2020/04/01 04:00:00+00,Sunday,4,Silver Line,25135,6284,3887
2020/04/01 04:00:00+00,Sunday,4,Bus,166842,41710,3888
2020/04/01 04:00:00+00,Sunday,4,All Bus,191977,47994,3889
2020/04/01 04:00:00+00,Sunday,4,Commuter Rail,926,232,3890
2020/04/01 04:00:00+00,Sunday,4,The RIDE,1523,381,3891
2020/04/01 04:00:00+00,Total,30,Blue Line,204396,6813,3892
2020/04/01 04:00:00+00,Total,30,Orange Line,463825,15461,3893
2020/04/01 04:00:00+00,Total,30,Red Line,529103,17637,3894
2020/04/01 04:00:00+00,Total,30,Heavy Rail,1197325,39911,3895
2020/04/01 04:00:00+00,Total,30,Green Line,232847,7762,3896
2020/04/01 04:00:00+00,Total,30,Light Rail,232847,7762,3897
2020/04/01 04:00:00+00,Total,30,Silver Line,224480,7483,3898
2020/04/01 04:00:00+00,Total,30,Bus,2115394,70513,3899
2020/04/01 04:00:00+00,Total,30,Private Bus,15749,525,3900
2020/04/01 04:00:00+00,Total,30,All Bus,2355622,78521,3901
2020/04/01 04:00:00+00,Total,30,Commuter Rail,55013,1834,3902
2020/04/01 04:00:00+00,Total,30,The RIDE,26954,898,3903
2020/03/01 05:00:00+00,Weekday,22,Blue Line,823532,37433,3904
2020/03/01 05:00:00+00,Weekday,22,Orange Line,2249698,102259,3905
2020/03/01 05:00:00+00,Weekday,22,Red Line,2676225,121647,3906
2020/02/01 05:00:00+00,Weekday,19,Light Rail,3260192,171589,3907
2020/02/01 05:00:00+00,Weekday,19,Silver Line,709788,37357,3908
2020/02/01 05:00:00+00,Weekday,19,Bus,6547625,344612,3909
2020/02/01 05:00:00+00,Weekday,19,Trackless Trolley,197457,10392,3910
2020/06/01 04:00:00+00,Total,30,Ferry,2699,90,3911
2020/02/01 05:00:00+00,Weekday,19,Private Bus,107730,5670,3912
2020/06/01 04:00:00+00,Total,30,The RIDE,52195,1740,3913
2020/02/01 05:00:00+00,Weekday,19,All Bus,7562599,398032,3914
2020/05/01 04:00:00+00,Weekday,20,Blue Line,119521,5976,3915
2020/02/01 05:00:00+00,Weekday,19,Commuter Rail,2267555,119345,3916
2020/05/01 04:00:00+00,Weekday,20,Orange Line,408107,20405,3917
2020/02/01 05:00:00+00,Weekday,19,Ferry,100833,5307,3918
2020/05/01 04:00:00+00,Weekday,20,Red Line,472272,23614,3919
2020/02/01 05:00:00+00,Weekday,19,The RIDE,109801,5779,3920
2020/05/01 04:00:00+00,Weekday,20,Heavy Rail,999901,49995,3921
2020/02/01 05:00:00+00,Saturday,5,Blue Line,180591,36118,3922
2020/05/01 04:00:00+00,Weekday,20,Green Line,215007,10750,3923
2020/02/01 05:00:00+00,Saturday,5,Orange Line,337415,67483,3924
2020/05/01 04:00:00+00,Weekday,20,Light Rail,215007,10750,3925
2020/02/01 05:00:00+00,Saturday,5,Red Line,505848,101170,3926
2020/05/01 04:00:00+00,Weekday,20,Silver Line,186356,9318,3927
2020/02/01 05:00:00+00,Saturday,5,Heavy Rail,1023854,204771,3928
2020/05/01 04:00:00+00,Weekday,20,Bus,1889808,94490,3929
2020/02/01 05:00:00+00,Saturday,5,Green Line,472421,94484,3930
2020/05/01 04:00:00+00,Weekday,20,Private Bus,18420,921,3931
2020/02/01 05:00:00+00,Saturday,5,Light Rail,472421,94484,3932
2020/05/01 04:00:00+00,Weekday,20,All Bus,2094584,104729,3933
2020/02/01 05:00:00+00,Saturday,5,Silver Line,103981,20796,3934
2020/05/01 04:00:00+00,Weekday,20,Commuter Rail,54478,2724,3935
2020/02/01 05:00:00+00,Saturday,5,Bus,839275,167855,3936
2020/05/01 04:00:00+00,Weekday,20,The RIDE,25153,1258,3937
2020/05/01 04:00:00+00,Saturday,4,Blue Line,22079,5520,3938
2020/05/01 04:00:00+00,Saturday,4,Orange Line,68593,17148,3939
2020/05/01 04:00:00+00,Saturday,4,Red Line,78560,19640,3940
2020/05/01 04:00:00+00,Saturday,4,Heavy Rail,169233,42308,3941
2020/05/01 04:00:00+00,Saturday,4,Green Line,37536,9384,3942
2020/05/01 04:00:00+00,Saturday,4,Light Rail,37536,9384,3943
2020/05/01 04:00:00+00,Saturday,4,Silver Line,38443,9611,3944
2020/05/01 04:00:00+00,Saturday,4,Bus,380902,95226,3945
2020/05/01 04:00:00+00,Saturday,4,All Bus,419345,104836,3946
2020/05/01 04:00:00+00,Saturday,4,Commuter Rail,2744,686,3947
2020/05/01 04:00:00+00,Saturday,4,The RIDE,3928,982,3948
2020/05/01 04:00:00+00,Sunday,5,Blue Line,18464,3693,3949
2020/05/01 04:00:00+00,Sunday,5,Orange Line,58702,11740,3950
2020/05/01 04:00:00+00,Sunday,5,Red Line,71224,14245,3951
2020/05/01 04:00:00+00,Sunday,5,Heavy Rail,148390,29678,3952
2020/05/01 04:00:00+00,Sunday,5,Green Line,33191,6638,3953
2020/05/01 04:00:00+00,Sunday,5,Light Rail,33191,6638,3954
2020/05/01 04:00:00+00,Sunday,5,Silver Line,35334,7067,3955
2020/05/01 04:00:00+00,Sunday,5,Bus,265812,53162,3956
2020/05/01 04:00:00+00,Sunday,5,All Bus,301146,60229,3957
2020/05/01 04:00:00+00,Sunday,5,Commuter Rail,3430,686,3958
2020/05/01 04:00:00+00,Sunday,5,The RIDE,2807,561,3959
2020/05/01 04:00:00+00,Total,31,Blue Line,161186,5200,3960
2020/05/01 04:00:00+00,Total,31,Orange Line,548013,17678,3961
2020/05/01 04:00:00+00,Total,31,Red Line,635404,20497,3962
2020/05/01 04:00:00+00,Total,31,Heavy Rail,1344603,43374,3963
2020/05/01 04:00:00+00,Total,31,Green Line,292649,9440,3964
2020/05/01 04:00:00+00,Total,31,Light Rail,292649,9440,3965
2020/05/01 04:00:00+00,Total,31,Silver Line,268072,8647,3966
2020/05/01 04:00:00+00,Total,31,Bus,2597139,83779,3967
2020/05/01 04:00:00+00,Total,31,Private Bus,19666,634,3968
2020/05/01 04:00:00+00,Total,31,All Bus,2884876,93061,3969
2020/05/01 04:00:00+00,Total,31,Commuter Rail,62083,2003,3970
2020/02/01 05:00:00+00,Saturday,5,Trackless Trolley,24235,4847,3971
2020/02/01 05:00:00+00,Saturday,5,All Bus,967491,193498,3972
2020/02/01 05:00:00+00,Saturday,5,Commuter Rail,85105,17021,3973
2020/02/01 05:00:00+00,Saturday,5,The RIDE,14370,2874,3974
2020/02/01 05:00:00+00,Sunday,4,Blue Line,108417,27104,3975
2020/02/01 05:00:00+00,Sunday,4,Orange Line,168181,42045,3976
2020/02/01 05:00:00+00,Sunday,4,Red Line,302314,75578,3977
2020/02/01 05:00:00+00,Sunday,4,Heavy Rail,578911,144728,3978
2020/02/01 05:00:00+00,Sunday,4,Green Line,277211,69303,3979
2020/02/01 05:00:00+00,Sunday,4,Light Rail,277211,69303,3980
2020/02/01 05:00:00+00,Sunday,4,Silver Line,65391,16348,3981
2020/02/01 05:00:00+00,Sunday,4,Bus,449140,112285,3982
2020/02/01 05:00:00+00,Sunday,4,All Bus,514531,128633,3983
2020/02/01 05:00:00+00,Sunday,4,Commuter Rail,46292,11573,3984
2020/02/01 05:00:00+00,Sunday,4,The RIDE,10739,2685,3985
2020/02/01 05:00:00+00,Total,29,Blue Line,1607164,55419,3986
2020/02/01 05:00:00+00,Total,29,Orange Line,4558025,157173,3987
2020/02/01 05:00:00+00,Total,29,Red Line,5777034,199208,3988
2020/02/01 05:00:00+00,Total,29,Heavy Rail,11942222,411801,3989
2020/02/01 05:00:00+00,Total,29,Green Line,4111130,141763,3990
2020/02/01 05:00:00+00,Total,29,Light Rail,4111130,141763,3991
2020/02/01 05:00:00+00,Total,29,Silver Line,901915,31101,3992
2020/02/01 05:00:00+00,Total,29,Bus,8008280,276148,3993
2020/02/01 05:00:00+00,Total,29,Trackless Trolley,227285,7837,3994
2020/02/01 05:00:00+00,Total,29,Private Bus,107717,3714,3995
2020/02/01 05:00:00+00,Total,29,All Bus,9245197,318800,3996
2020/02/01 05:00:00+00,Total,29,Commuter Rail,2415976,83310,3997
2020/02/01 05:00:00+00,Total,29,Ferry,140662,4850,3998
2020/02/01 05:00:00+00,Total,29,The RIDE,98059,3381,3999
2020/01/01 05:00:00+00,Weekday,21,Blue Line,1397179,66532,4000
2019/12/01 05:00:00+00,Total,31,The RIDE,95797,3090,4001
2019/11/01 04:00:00+00,Weekday,20,Blue Line,1370955,68548,4002
2019/11/01 04:00:00+00,Weekday,20,Orange Line,4165782,208289,4003
2019/11/01 04:00:00+00,Weekday,20,Red Line,5144157,257208,4004
2019/11/01 04:00:00+00,Weekday,20,Heavy Rail,10680895,534045,4005
2019/11/01 04:00:00+00,Weekday,20,Green Line,3510859,175543,4006
2019/11/01 04:00:00+00,Weekday,20,Light Rail,3510859,175543,4007
2019/11/01 04:00:00+00,Weekday,20,Silver Line,829138,41457,4008
2019/11/01 04:00:00+00,Weekday,20,Bus,6872558,343628,4009
2019/11/01 04:00:00+00,Weekday,20,Trackless Trolley,202936,10147,4010
2019/11/01 04:00:00+00,Weekday,20,Private Bus,66260,3313,4011
2019/11/01 04:00:00+00,Weekday,20,All Bus,7970892,398545,4012
2019/11/01 04:00:00+00,Weekday,20,Commuter Rail,2447860,122393,4013
2019/11/01 04:00:00+00,Weekday,20,Ferry,105200,5260,4014
2019/11/01 04:00:00+00,Weekday,20,The RIDE,115260,5763,4015
2019/11/01 04:00:00+00,Saturday,5,Blue Line,192893,38579,4016
2019/11/01 04:00:00+00,Saturday,5,Orange Line,322772,64554,4017
2019/11/01 04:00:00+00,Saturday,5,Red Line,421899,84380,4018
2019/11/01 04:00:00+00,Saturday,5,Heavy Rail,937564,187513,4019
2019/11/01 04:00:00+00,Saturday,5,Green Line,475390,95078,4020
2019/11/01 04:00:00+00,Saturday,5,Light Rail,475390,95078,4021
2019/11/01 04:00:00+00,Saturday,5,Silver Line,111188,22238,4022
2019/11/01 04:00:00+00,Saturday,5,Bus,907449,181490,4023
2019/11/01 04:00:00+00,Saturday,5,Trackless Trolley,24762,4952,4024
2019/11/01 04:00:00+00,Saturday,5,All Bus,1043398,208680,4025
2019/11/01 04:00:00+00,Saturday,5,Commuter Rail,85235,17047,4026
2019/11/01 04:00:00+00,Saturday,5,The RIDE,14615,2923,4027
2019/11/01 04:00:00+00,Sunday,4,Blue Line,112953,28238,4028
2019/11/01 04:00:00+00,Sunday,4,Orange Line,155715,38929,4029
2019/11/01 04:00:00+00,Sunday,4,Red Line,235698,58924,4030
2019/11/01 04:00:00+00,Sunday,4,Heavy Rail,504365,126091,4031
2019/11/01 04:00:00+00,Sunday,4,Green Line,261918,65480,4032
2019/11/01 04:00:00+00,Sunday,4,Light Rail,261918,65480,4033
2019/11/01 04:00:00+00,Sunday,4,Silver Line,72907,18227,4034
2019/11/01 04:00:00+00,Sunday,4,Bus,451567,112892,4035
2019/11/01 04:00:00+00,Sunday,4,All Bus,524474,131118,4036
2019/11/01 04:00:00+00,Sunday,4,Commuter Rail,47268,11817,4037
2019/11/01 04:00:00+00,Sunday,4,The RIDE,11177,2794,4038
2019/11/01 04:00:00+00,Total,30,Blue Line,1692175,56406,4039
2019/11/01 04:00:00+00,Total,30,Orange Line,4680848,156028,4040
2019/11/01 04:00:00+00,Total,30,Red Line,5843990,194800,4041
2019/11/01 04:00:00+00,Total,30,Heavy Rail,12217013,407234,4042
2019/11/01 04:00:00+00,Total,30,Green Line,4280366,142679,4043
2019/11/01 04:00:00+00,Total,30,Light Rail,4280366,142679,4044
2019/11/01 04:00:00+00,Total,30,Silver Line,1024992,34166,4045
2019/11/01 04:00:00+00,Total,30,Bus,8299364,276645,4046
2019/11/01 04:00:00+00,Total,30,Trackless Trolley,227698,7590,4047
2019/11/01 04:00:00+00,Total,30,Private Bus,78954,2632,4048
2019/11/01 04:00:00+00,Total,30,All Bus,9631009,321034,4049
2019/11/01 04:00:00+00,Total,30,Commuter Rail,2797188,93240,4050
2020/01/01 05:00:00+00,Weekday,21,Orange Line,4321821,205801,4051
2019/08/01 04:00:00+00,Total,31,Private Bus,84761,2734,4052
2019/12/01 05:00:00+00,Weekday,21,Blue Line,1310945,62426,4053
2019/09/01 04:00:00+00,Total,30,All Bus,9982198,332740,4054
2019/11/01 04:00:00+00,Total,30,Ferry,147331,4911,4055
2019/07/01 04:00:00+00,Total,31,Trackless Trolley,236796,7639,4056
2019/10/01 04:00:00+00,Total,31,Commuter Rail,2911497,93919,4057
2019/10/01 04:00:00+00,Total,31,Ferry,160480,5177,4058
2019/10/01 04:00:00+00,Total,31,The RIDE,146004,4710,4059
2019/09/01 04:00:00+00,Weekday,20,Blue Line,1521166,76058,4060
2019/09/01 04:00:00+00,Weekday,20,Orange Line,4505587,225279,4061
2019/09/01 04:00:00+00,Weekday,20,Red Line,5485803,274290,4062
2019/09/01 04:00:00+00,Weekday,20,Heavy Rail,11512557,575628,4063
2019/09/01 04:00:00+00,Weekday,20,Green Line,3869417,193471,4064
2019/09/01 04:00:00+00,Weekday,20,Light Rail,3869417,193471,4065
2019/09/01 04:00:00+00,Weekday,20,Silver Line,738886,36944,4066
2019/09/01 04:00:00+00,Weekday,20,Bus,7253134,362657,4067
2019/09/01 04:00:00+00,Weekday,20,Trackless Trolley,226294,11315,4068
2019/09/01 04:00:00+00,Weekday,20,Private Bus,62320,3116,4069
2019/09/01 04:00:00+00,Weekday,20,All Bus,8280634,414032,4070
2019/09/01 04:00:00+00,Weekday,20,Commuter Rail,2386500,119325,4071
2019/09/01 04:00:00+00,Weekday,20,Ferry,135280,6764,4072
2019/09/01 04:00:00+00,Weekday,20,The RIDE,117000,5850,4073
2019/09/01 04:00:00+00,Saturday,4,Blue Line,184724,46181,4074
2019/09/01 04:00:00+00,Saturday,4,Orange Line,411353,102838,4075
2019/09/01 04:00:00+00,Saturday,4,Red Line,548736,137184,4076
2019/09/01 04:00:00+00,Saturday,4,Heavy Rail,1144813,286203,4077
2019/09/01 04:00:00+00,Saturday,4,Green Line,492638,123160,4078
2019/09/01 04:00:00+00,Saturday,4,Light Rail,492638,123160,4079
2019/09/01 04:00:00+00,Saturday,4,Silver Line,85058,21264,4080
2019/09/01 04:00:00+00,Saturday,4,Bus,730792,182698,4081
2019/09/01 04:00:00+00,Saturday,4,Trackless Trolley,23154,5788,4082
2019/09/01 04:00:00+00,Saturday,4,All Bus,839005,209751,4083
2019/09/01 04:00:00+00,Saturday,4,Commuter Rail,66024,16506,4084
2019/09/01 04:00:00+00,Saturday,4,The RIDE,11544,2886,4085
2019/09/01 04:00:00+00,Sunday,5,Blue Line,180530,36106,4086
2019/09/01 04:00:00+00,Sunday,5,Orange Line,379862,75972,4087
2019/09/01 04:00:00+00,Sunday,5,Red Line,520834,104167,4088
2019/09/01 04:00:00+00,Sunday,5,Heavy Rail,1081226,216245,4089
2019/09/01 04:00:00+00,Sunday,5,Green Line,460581,92116,4090
2019/09/01 04:00:00+00,Sunday,5,Light Rail,460581,92116,4091
2019/09/01 04:00:00+00,Sunday,5,Silver Line,89845,17969,4092
2019/09/01 04:00:00+00,Sunday,5,Bus,615343,123069,4093
2019/09/01 04:00:00+00,Sunday,5,All Bus,705188,141038,4094
2019/09/01 04:00:00+00,Sunday,5,Commuter Rail,59505,11901,4095
2019/09/01 04:00:00+00,Sunday,5,The RIDE,14133,2827,4096
2019/09/01 04:00:00+00,Total,30,Blue Line,1919750,63992,4097
2019/09/01 04:00:00+00,Total,30,Orange Line,5371381,179046,4098
2019/09/01 04:00:00+00,Total,30,Red Line,6639955,221332,4099
2019/09/01 04:00:00+00,Total,30,Heavy Rail,13931085,464370,4100
2019/09/01 04:00:00+00,Total,30,Green Line,4903676,163456,4101
2019/09/01 04:00:00+00,Total,30,Light Rail,4903676,163456,4102
2019/09/01 04:00:00+00,Total,30,Silver Line,933957,31132,4103
2019/09/01 04:00:00+00,Total,30,Bus,8720168,290672,4104
2019/09/01 04:00:00+00,Total,30,Trackless Trolley,249448,8315,4105
2019/09/01 04:00:00+00,Total,30,Private Bus,78625,2621,4106
2019/07/01 04:00:00+00,Total,31,Private Bus,86002,2774,4107
2019/07/01 04:00:00+00,Total,31,All Bus,9764228,314975,4108
2019/07/01 04:00:00+00,Total,31,Commuter Rail,2669884,86125,4109
2019/07/01 04:00:00+00,Total,31,Ferry,150474,4854,4110
2019/07/01 04:00:00+00,Total,31,The RIDE,200568,6470,4111
2019/11/01 04:00:00+00,Total,30,The RIDE,108256,3609,4112
2019/09/01 04:00:00+00,Total,30,Commuter Rail,2553903,85130,4113
2019/12/01 05:00:00+00,Weekday,21,Orange Line,3895916,185520,4114
2019/08/01 04:00:00+00,Total,31,All Bus,9819745,316766,4115
2020/01/01 05:00:00+00,Weekday,21,Red Line,5260299,250490,4116
2019/06/01 04:00:00+00,Weekday,20,Blue Line,1423295,71165,4117
2019/10/01 04:00:00+00,Weekday,23,Blue Line,1691330,73536,4118
2019/09/01 04:00:00+00,Total,30,Ferry,148822,4961,4119
2019/12/01 05:00:00+00,Weekday,21,Red Line,4735624,225506,4120
2019/08/01 04:00:00+00,Total,31,Commuter Rail,2800661,90344,4121
2020/01/01 05:00:00+00,Weekday,21,Heavy Rail,10979299,522824,4122
2019/06/01 04:00:00+00,Weekday,20,Orange Line,4135346,206767,4123
2019/10/01 04:00:00+00,Weekday,23,Orange Line,5021380,218321,4124
2019/09/01 04:00:00+00,Total,30,The RIDE,158647,5288,4125
2019/12/01 05:00:00+00,Weekday,21,Heavy Rail,9942485,473452,4126
2019/08/01 04:00:00+00,Total,31,Ferry,151493,4887,4127
2020/01/01 05:00:00+00,Weekday,21,Green Line,3473442,165402,4128
2019/06/01 04:00:00+00,Weekday,20,Red Line,4996532,249827,4129
2019/10/01 04:00:00+00,Weekday,23,Red Line,6281604,273113,4130
2019/08/01 04:00:00+00,Weekday,22,Blue Line,1569038,71320,4131
2019/12/01 05:00:00+00,Weekday,21,Green Line,3267278,155585,4132
2019/12/01 05:00:00+00,Weekday,21,Light Rail,3267278,155585,4133
2019/12/01 05:00:00+00,Weekday,21,Silver Line,739832,35230,4134
2019/12/01 05:00:00+00,Weekday,21,Bus,6502513,309643,4135
2019/12/01 05:00:00+00,Weekday,21,Trackless Trolley,185293,8823,4136
2019/12/01 05:00:00+00,Weekday,21,Private Bus,149016,7096,4137
2019/12/01 05:00:00+00,Weekday,21,All Bus,7576654,360793,4138
2019/12/01 05:00:00+00,Weekday,21,Commuter Rail,2538270,120870,4139
2019/12/01 05:00:00+00,Weekday,21,Ferry,93492,4452,4140
2019/12/01 05:00:00+00,Weekday,21,The RIDE,109914,5234,4141
2019/12/01 05:00:00+00,Saturday,4,Blue Line,154720,38680,4142
2019/12/01 05:00:00+00,Saturday,4,Orange Line,352977,88244,4143
2019/12/01 05:00:00+00,Saturday,4,Red Line,280078,70020,4144
2019/12/01 05:00:00+00,Saturday,4,Heavy Rail,787775,196944,4145
2019/12/01 05:00:00+00,Saturday,4,Green Line,369863,92466,4146
2019/12/01 05:00:00+00,Saturday,4,Light Rail,369863,92466,4147
2019/12/01 05:00:00+00,Saturday,4,Silver Line,76916,19229,4148
2019/12/01 05:00:00+00,Saturday,4,Bus,685719,171430,4149
2019/12/01 05:00:00+00,Saturday,4,Trackless Trolley,17205,4301,4150
2019/12/01 05:00:00+00,Saturday,4,All Bus,779840,194960,4151
2019/12/01 05:00:00+00,Saturday,4,Commuter Rail,68980,17245,4152
2019/12/01 05:00:00+00,Saturday,4,The RIDE,11872,2968,4153
2019/12/01 05:00:00+00,Sunday,5,Blue Line,147696,29539,4154
2019/12/01 05:00:00+00,Sunday,5,Orange Line,329166,65833,4155
2019/12/01 05:00:00+00,Sunday,5,Red Line,292614,58523,4156
2019/12/01 05:00:00+00,Sunday,5,Heavy Rail,769476,153895,4157
2019/12/01 05:00:00+00,Sunday,5,Green Line,349748,69950,4158
2019/12/01 05:00:00+00,Sunday,5,Light Rail,349748,69950,4159
2019/12/01 05:00:00+00,Sunday,5,Silver Line,83436,16687,4160
2019/12/01 05:00:00+00,Sunday,5,Bus,546703,109341,4161
2019/12/01 05:00:00+00,Sunday,5,All Bus,630139,126028,4162
2019/12/01 05:00:00+00,Sunday,5,Commuter Rail,60625,12125,4163
2019/12/01 05:00:00+00,Sunday,5,The RIDE,13800,2760,4164
2019/12/01 05:00:00+00,Total,31,Blue Line,1626513,52468,4165
2019/12/01 05:00:00+00,Total,31,Orange Line,4607713,148636,4166
2019/12/01 05:00:00+00,Total,31,Red Line,5341073,172293,4167
2019/12/01 05:00:00+00,Total,31,Heavy Rail,11575299,373397,4168
2019/12/01 05:00:00+00,Total,31,Green Line,4011537,129404,4169
2019/12/01 05:00:00+00,Total,31,Light Rail,4011537,129404,4170
2019/12/01 05:00:00+00,Total,31,Silver Line,910832,29382,4171
2019/12/01 05:00:00+00,Total,31,Bus,7788651,251247,4172
2019/12/01 05:00:00+00,Total,31,Trackless Trolley,202498,6532,4173
2019/12/01 05:00:00+00,Total,31,Private Bus,96504,3113,4174
2019/12/01 05:00:00+00,Total,31,All Bus,8998485,290274,4175
2019/12/01 05:00:00+00,Total,31,Commuter Rail,2679997,86452,4176
2019/12/01 05:00:00+00,Total,31,Ferry,140704,4539,4177
2019/08/01 04:00:00+00,Total,31,The RIDE,202987,6548,4178
2019/07/01 04:00:00+00,Weekday,22,Blue Line,1595001,72500,4179
2019/07/01 04:00:00+00,Weekday,22,Orange Line,4532500,206023,4180
2019/07/01 04:00:00+00,Weekday,22,Red Line,5580380,253654,4181
2019/07/01 04:00:00+00,Weekday,22,Heavy Rail,11707881,532176,4182
2019/07/01 04:00:00+00,Weekday,22,Green Line,3965521,180251,4183
2019/07/01 04:00:00+00,Weekday,22,Light Rail,3965521,180251,4184
2019/07/01 04:00:00+00,Weekday,22,Silver Line,825192,37509,4185
2019/07/01 04:00:00+00,Weekday,22,Bus,7204590,327481,4186
2019/07/01 04:00:00+00,Weekday,22,Trackless Trolley,236254,10739,4187
2019/07/01 04:00:00+00,Weekday,22,Private Bus,73744,3352,4188
2019/07/01 04:00:00+00,Weekday,22,All Bus,8339781,379081,4189
2019/07/01 04:00:00+00,Weekday,22,Commuter Rail,2625150,119325,4190
2019/07/01 04:00:00+00,Weekday,22,Ferry,121000,5500,4191
2019/07/01 04:00:00+00,Weekday,22,The RIDE,123486,5613,4192
2019/07/01 04:00:00+00,Saturday,4,Blue Line,194219,48555,4193
2019/07/01 04:00:00+00,Saturday,4,Orange Line,409140,102285,4194
2019/07/01 04:00:00+00,Saturday,4,Red Line,477098,119274,4195
2019/07/01 04:00:00+00,Saturday,4,Heavy Rail,1080458,270114,4196
2019/07/01 04:00:00+00,Saturday,4,Green Line,433286,108322,4197
2019/07/01 04:00:00+00,Saturday,4,Light Rail,433286,108322,4198
2019/07/01 04:00:00+00,Saturday,4,Silver Line,87124,21781,4199
2019/07/01 04:00:00+00,Saturday,4,Bus,669514,167378,4200
2019/07/01 04:00:00+00,Saturday,4,Trackless Trolley,19283,4821,4201
2019/07/01 04:00:00+00,Saturday,4,All Bus,775921,193980,4202
2019/07/01 04:00:00+00,Saturday,4,Commuter Rail,74252,18563,4203
2019/07/01 04:00:00+00,Saturday,4,The RIDE,12400,3100,4204
2019/07/01 04:00:00+00,Sunday,4,Blue Line,159396,39849,4205
2019/07/01 04:00:00+00,Sunday,4,Orange Line,325640,81410,4206
2019/07/01 04:00:00+00,Sunday,4,Red Line,400099,100025,4207
2019/07/01 04:00:00+00,Sunday,4,Heavy Rail,885135,221284,4208
2019/07/01 04:00:00+00,Sunday,4,Green Line,361430,90358,4209
2019/07/01 04:00:00+00,Sunday,4,Light Rail,361430,90358,4210
2019/07/01 04:00:00+00,Sunday,4,Silver Line,79712,19928,4211
2019/07/01 04:00:00+00,Sunday,4,Bus,472640,118160,4212
2019/07/01 04:00:00+00,Sunday,4,All Bus,552353,138088,4213
2019/07/01 04:00:00+00,Sunday,4,Commuter Rail,50476,12619,4214
2019/07/01 04:00:00+00,Sunday,4,The RIDE,10147,2537,4215
2019/07/01 04:00:00+00,Total,31,Blue Line,1986990,64096,4216
2019/07/01 04:00:00+00,Total,31,Orange Line,5350327,172591,4217
2019/07/01 04:00:00+00,Total,31,Red Line,6558589,211567,4218
2019/07/01 04:00:00+00,Total,31,Heavy Rail,13895905,448255,4219
2019/07/01 04:00:00+00,Total,31,Green Line,4846481,156338,4220
2019/07/01 04:00:00+00,Total,31,Light Rail,4846481,156338,4221
2019/07/01 04:00:00+00,Total,31,Silver Line,1024590,33051,4222
2019/07/01 04:00:00+00,Total,31,Bus,8416840,271511,4223
2020/01/01 05:00:00+00,Weekday,21,Light Rail,3473442,165402,4224
2020/01/01 05:00:00+00,Weekday,21,Silver Line,778615,37077,4225
2020/01/01 05:00:00+00,Weekday,21,Bus,7153034,340621,4226
2020/01/01 05:00:00+00,Weekday,21,Trackless Trolley,205072,9765,4227
2020/01/01 05:00:00+00,Weekday,21,Private Bus,107100,5100,4228
2020/01/01 05:00:00+00,Weekday,21,All Bus,8243821,392563,4229
2020/01/01 05:00:00+00,Weekday,21,Commuter Rail,2506182,119342,4230
2020/01/01 05:00:00+00,Weekday,21,Ferry,106785,5085,4231
2020/01/01 05:00:00+00,Weekday,21,The RIDE,117180,5580,4232
2020/01/01 05:00:00+00,Saturday,5,Blue Line,136908,27382,4233
2020/01/01 05:00:00+00,Saturday,5,Orange Line,241135,48227,4234
2020/01/01 05:00:00+00,Saturday,5,Red Line,376460,75292,4235
2020/01/01 05:00:00+00,Saturday,5,Heavy Rail,754502,150900,4236
2020/01/01 05:00:00+00,Saturday,5,Green Line,342411,68482,4237
2020/01/01 05:00:00+00,Saturday,5,Light Rail,342411,68482,4238
2020/01/01 05:00:00+00,Saturday,5,Silver Line,82017,16403,4239
2020/01/01 05:00:00+00,Saturday,5,Bus,647624,129525,4240
2020/01/01 05:00:00+00,Saturday,5,Trackless Trolley,16538,3308,4241
2020/01/01 05:00:00+00,Saturday,5,All Bus,746179,149236,4242
2020/01/01 05:00:00+00,Saturday,5,Commuter Rail,83730,16746,4243
2020/01/01 05:00:00+00,Saturday,5,The RIDE,14205,2841,4244
2020/01/01 05:00:00+00,Sunday,4,Blue Line,107443,26861,4245
2020/01/01 05:00:00+00,Sunday,4,Orange Line,171335,42834,4246
2020/01/01 05:00:00+00,Sunday,4,Red Line,297055,74264,4247
2020/01/01 05:00:00+00,Sunday,4,Heavy Rail,575833,143958,4248
2020/01/01 05:00:00+00,Sunday,4,Green Line,262699,65675,4249
2020/01/01 05:00:00+00,Sunday,4,Light Rail,262699,65675,4250
2020/01/01 05:00:00+00,Sunday,4,Silver Line,72457,18114,4251
2020/01/01 05:00:00+00,Sunday,4,Bus,448113,112028,4252
2020/01/01 05:00:00+00,Sunday,4,All Bus,520570,130142,4253
2020/01/01 05:00:00+00,Sunday,4,Commuter Rail,47496,11874,4254
2020/01/01 05:00:00+00,Sunday,4,The RIDE,9821,2455,4255
2020/01/01 05:00:00+00,Total,31,Blue Line,1761812,56833,4256
2020/01/01 05:00:00+00,Total,31,Orange Line,5041751,162637,4257
2020/01/01 05:00:00+00,Total,31,Red Line,6286266,202783,4258
2020/01/01 05:00:00+00,Total,31,Heavy Rail,13089829,422253,4259
2020/01/01 05:00:00+00,Total,31,Green Line,4380768,141315,4260
2020/01/01 05:00:00+00,Total,31,Light Rail,4380768,141315,4261
2020/01/01 05:00:00+00,Total,31,Silver Line,973248,31395,4262
2020/01/01 05:00:00+00,Total,31,Bus,8493962,273999,4263
2020/01/01 05:00:00+00,Total,31,Trackless Trolley,226895,7319,4264
2020/01/01 05:00:00+00,Total,31,Private Bus,96904,3126,4265
2020/01/01 05:00:00+00,Total,31,All Bus,9791008,315839,4266
2020/01/01 05:00:00+00,Total,31,Commuter Rail,2751882,88770,4267
2020/01/01 05:00:00+00,Total,31,Ferry,149484,4822,4268
2020/01/01 05:00:00+00,Total,31,The RIDE,113900,3674,4269
2019/06/01 04:00:00+00,Weekday,20,Heavy Rail,10555173,527759,4270
2019/06/01 04:00:00+00,Weekday,20,Green Line,3661246,183062,4271
2019/06/01 04:00:00+00,Weekday,20,Light Rail,3661246,183062,4272
2019/06/01 04:00:00+00,Weekday,20,Silver Line,765614,38281,4273
2019/06/01 04:00:00+00,Weekday,20,Bus,6752289,337614,4274
2019/06/01 04:00:00+00,Weekday,20,Trackless Trolley,217986,10899,4275
2019/06/01 04:00:00+00,Weekday,20,Private Bus,66540,3327,4276
2019/06/01 04:00:00+00,Weekday,20,All Bus,7802430,390122,4277
2019/06/01 04:00:00+00,Weekday,20,Commuter Rail,2394520,119726,4278
2019/06/01 04:00:00+00,Weekday,20,Ferry,141620,7081,4279
2019/06/01 04:00:00+00,Weekday,20,The RIDE,121120,6056,4280
2019/06/01 04:00:00+00,Saturday,5,Blue Line,228042,45608,4281
2019/06/01 04:00:00+00,Saturday,5,Orange Line,556675,111335,4282
2019/06/01 04:00:00+00,Saturday,5,Red Line,650702,130140,4283
2019/06/01 04:00:00+00,Saturday,5,Heavy Rail,1435419,287084,4284
2019/06/01 04:00:00+00,Saturday,5,Green Line,565978,113196,4285
2019/06/01 04:00:00+00,Saturday,5,Light Rail,565978,113196,4286
2019/06/01 04:00:00+00,Saturday,5,Silver Line,115498,23100,4287
2019/06/01 04:00:00+00,Saturday,5,Bus,901980,180396,4288
2019/06/01 04:00:00+00,Saturday,5,Trackless Trolley,28309,5662,4289
2019/06/01 04:00:00+00,Saturday,5,All Bus,1045787,209157,4290
2019/06/01 04:00:00+00,Saturday,5,Commuter Rail,93285,18657,4291
2019/06/01 04:00:00+00,Saturday,5,The RIDE,15500,3100,4292
2019/06/01 04:00:00+00,Sunday,5,Blue Line,166652,33330,4293
2019/06/01 04:00:00+00,Sunday,5,Orange Line,388652,77730,4294
2019/06/01 04:00:00+00,Sunday,5,Red Line,477056,95411,4295
2019/06/01 04:00:00+00,Sunday,5,Heavy Rail,1032360,206472,4296
2019/06/01 04:00:00+00,Sunday,5,Green Line,401523,80305,4297
2019/06/01 04:00:00+00,Sunday,5,Light Rail,401523,80305,4298
2019/06/01 04:00:00+00,Sunday,5,Silver Line,93567,18713,4299
2019/06/01 04:00:00+00,Sunday,5,Bus,576674,115335,4300
2019/06/01 04:00:00+00,Sunday,5,All Bus,670242,134048,4301
2019/06/01 04:00:00+00,Sunday,5,Commuter Rail,63095,12619,4302
2019/06/01 04:00:00+00,Sunday,5,The RIDE,13650,2730,4303
2019/06/01 04:00:00+00,Total,30,Blue Line,1817989,60600,4304
2019/06/01 04:00:00+00,Total,30,Orange Line,5080673,169356,4305
2019/06/01 04:00:00+00,Total,30,Red Line,6124291,204143,4306
2019/06/01 04:00:00+00,Total,30,Heavy Rail,13022952,434098,4307
2019/06/01 04:00:00+00,Total,30,Green Line,4628747,154292,4308
2019/06/01 04:00:00+00,Total,30,Light Rail,4628747,154292,4309
2019/06/01 04:00:00+00,Total,30,Silver Line,986733,32891,4310
2019/10/01 04:00:00+00,Weekday,23,Heavy Rail,12994314,564970,4311
2019/08/01 04:00:00+00,Weekday,22,Orange Line,4423578,201072,4312
2019/08/01 04:00:00+00,Weekday,22,Red Line,5451750,247807,4313
2019/08/01 04:00:00+00,Weekday,22,Heavy Rail,11444367,520198,4314
2019/08/01 04:00:00+00,Weekday,22,Green Line,3794895,172495,4315
2019/08/01 04:00:00+00,Weekday,22,Light Rail,3794895,172495,4316
2019/08/01 04:00:00+00,Weekday,22,Silver Line,823813,37446,4317
2019/08/01 04:00:00+00,Weekday,22,Bus,7114857,323403,4318
2019/08/01 04:00:00+00,Weekday,22,Trackless Trolley,223833,10174,4319
2019/08/01 04:00:00+00,Weekday,22,Private Bus,71610,3255,4320
2019/08/01 04:00:00+00,Weekday,22,All Bus,8234113,374278,4321
2019/08/01 04:00:00+00,Weekday,22,Commuter Rail,2655004,120682,4322
2019/08/01 04:00:00+00,Weekday,22,Ferry,123200,5600,4323
2019/08/01 04:00:00+00,Weekday,22,The RIDE,125884,5722,4324
2019/08/01 04:00:00+00,Saturday,5,Blue Line,227234,45447,4325
2019/08/01 04:00:00+00,Saturday,5,Orange Line,496504,99301,4326
2019/08/01 04:00:00+00,Saturday,5,Red Line,614354,122871,4327
2019/08/01 04:00:00+00,Saturday,5,Heavy Rail,1338091,267618,4328
2019/08/01 04:00:00+00,Saturday,5,Green Line,519289,103858,4329
2019/08/01 04:00:00+00,Saturday,5,Light Rail,519289,103858,4330
2019/08/01 04:00:00+00,Saturday,5,Silver Line,114274,22855,4331
2019/08/01 04:00:00+00,Saturday,5,Bus,883945,176789,4332
2019/08/01 04:00:00+00,Saturday,5,Trackless Trolley,29473,5895,4333
2019/08/01 04:00:00+00,Saturday,5,All Bus,1027693,205539,4334
2019/08/01 04:00:00+00,Saturday,5,Commuter Rail,92185,18437,4335
2019/08/01 04:00:00+00,Saturday,5,The RIDE,14840,2968,4336
2019/08/01 04:00:00+00,Sunday,4,Blue Line,145674,36418,4337
2019/08/01 04:00:00+00,Sunday,4,Orange Line,300910,75228,4338
2019/08/01 04:00:00+00,Sunday,4,Red Line,397855,99464,4339
2019/08/01 04:00:00+00,Sunday,4,Heavy Rail,844439,211110,4340
2019/08/01 04:00:00+00,Sunday,4,Green Line,329283,82321,4341
2019/08/01 04:00:00+00,Sunday,4,Light Rail,329283,82321,4342
2019/08/01 04:00:00+00,Sunday,4,Silver Line,76243,19061,4343
2019/08/01 04:00:00+00,Sunday,4,Bus,468545,117136,4344
2019/08/01 04:00:00+00,Sunday,4,All Bus,544788,136197,4345
2019/08/01 04:00:00+00,Sunday,4,Commuter Rail,53472,13368,4346
2019/08/01 04:00:00+00,Sunday,4,The RIDE,10809,2702,4347
2019/08/01 04:00:00+00,Total,31,Blue Line,1941946,62643,4348
2019/08/01 04:00:00+00,Total,31,Orange Line,5220991,168419,4349
2019/08/01 04:00:00+00,Total,31,Red Line,6463959,208515,4350
2019/08/01 04:00:00+00,Total,31,Heavy Rail,13626897,439577,4351
2019/08/01 04:00:00+00,Total,31,Green Line,4643466,149789,4352
2019/08/01 04:00:00+00,Total,31,Light Rail,4643466,149789,4353
2019/08/01 04:00:00+00,Total,31,Silver Line,1014331,32720,4354
2019/08/01 04:00:00+00,Total,31,Bus,8467347,273140,4355
2019/08/01 04:00:00+00,Total,31,Trackless Trolley,253306,8171,4356
2019/10/01 04:00:00+00,Weekday,23,Green Line,4263843,185384,4357
2019/10/01 04:00:00+00,Weekday,23,Light Rail,4263843,185384,4358
2019/10/01 04:00:00+00,Weekday,23,Silver Line,894937,38910,4359
2019/10/01 04:00:00+00,Weekday,23,Bus,8285653,360246,4360
2019/10/01 04:00:00+00,Weekday,23,Trackless Trolley,243147,10572,4361
2019/10/01 04:00:00+00,Weekday,23,Private Bus,76475,3325,4362
2019/10/01 04:00:00+00,Weekday,23,All Bus,9500212,413053,4363
2019/10/01 04:00:00+00,Weekday,23,Commuter Rail,2799238,121706,4364
2019/10/01 04:00:00+00,Weekday,23,Ferry,136022,5914,4365
2019/10/01 04:00:00+00,Weekday,23,The RIDE,137172,5964,4366
2019/10/01 04:00:00+00,Saturday,4,Blue Line,161326,40332,4367
2019/10/01 04:00:00+00,Saturday,4,Orange Line,138143,34536,4368
2019/10/01 04:00:00+00,Saturday,4,Red Line,512123,128031,4369
2019/10/01 04:00:00+00,Saturday,4,Heavy Rail,811592,202898,4370
2019/10/01 04:00:00+00,Saturday,4,Green Line,410495,102624,4371
2019/10/01 04:00:00+00,Saturday,4,Light Rail,410495,102624,4372
2019/10/01 04:00:00+00,Saturday,4,Silver Line,97577,24394,4373
2019/10/01 04:00:00+00,Saturday,4,Bus,728481,182120,4374
2019/10/01 04:00:00+00,Saturday,4,Trackless Trolley,22802,5700,4375
2019/10/01 04:00:00+00,Saturday,4,All Bus,848860,212215,4376
2019/10/01 04:00:00+00,Saturday,4,Commuter Rail,65368,16342,4377
2019/10/01 04:00:00+00,Saturday,4,The RIDE,11648,2912,4378
2019/10/01 04:00:00+00,Sunday,4,Blue Line,117471,29368,4379
2019/10/01 04:00:00+00,Sunday,4,Orange Line,98647,24662,4380
2019/10/01 04:00:00+00,Sunday,4,Red Line,370651,92663,4381
2019/10/01 04:00:00+00,Sunday,4,Heavy Rail,586769,146692,4382
2019/10/01 04:00:00+00,Sunday,4,Green Line,293863,73466,4383
2019/10/01 04:00:00+00,Sunday,4,Light Rail,293863,73466,4384
2019/10/01 04:00:00+00,Sunday,4,Silver Line,79424,19856,4385
2019/10/01 04:00:00+00,Sunday,4,Bus,464601,116150,4386
2019/10/01 04:00:00+00,Sunday,4,All Bus,544026,136006,4387
2019/10/01 04:00:00+00,Sunday,4,Commuter Rail,46888,11722,4388
2019/10/01 04:00:00+00,Sunday,4,The RIDE,10951,2738,4389
2019/10/01 04:00:00+00,Total,31,Blue Line,1970127,63552,4390
2019/10/01 04:00:00+00,Total,31,Orange Line,5258169,169618,4391
2019/10/01 04:00:00+00,Total,31,Red Line,7164378,231109,4392
2019/10/01 04:00:00+00,Total,31,Heavy Rail,14392675,464280,4393
2019/10/01 04:00:00+00,Total,31,Green Line,4968201,160265,4394
2019/10/01 04:00:00+00,Total,31,Light Rail,4968201,160265,4395
2019/10/01 04:00:00+00,Total,31,Silver Line,1071939,34579,4396
2019/10/01 04:00:00+00,Total,31,Bus,9478735,305766,4397
2019/10/01 04:00:00+00,Total,31,Trackless Trolley,265948,8579,4398
2019/10/01 04:00:00+00,Total,31,Private Bus,86862,2802,4399
2019/10/01 04:00:00+00,Total,31,All Bus,10903484,351725,4400
2019/02/01 05:00:00+00,Total,28,Heavy Rail,11548009,412429,4401
2019/02/01 05:00:00+00,Total,28,Green Line,4278179,152792,4402
2019/02/01 05:00:00+00,Total,28,Light Rail,4278179,152792,4403
2019/02/01 05:00:00+00,Total,28,Silver Line,827339,29548,4404
2019/02/01 05:00:00+00,Total,28,Bus,7502531,267948,4405
2019/02/01 05:00:00+00,Total,28,Trackless Trolley,223272,7974,4406
2019/02/01 05:00:00+00,Total,28,Private Bus,67231,2401,4407
2019/02/01 05:00:00+00,Total,28,All Bus,8620373,307870,4408
2019/02/01 05:00:00+00,Total,28,Commuter Rail,2384857,85173,4409
2019/02/01 05:00:00+00,Total,28,Ferry,94082,3360,4410
2019/02/01 05:00:00+00,Total,28,The RIDE,138199,4936,4411
2019/01/01 05:00:00+00,Weekday,21,Blue Line,1278062,60860,4412
2019/01/01 05:00:00+00,Weekday,21,Orange Line,4018096,191338,4413
2019/01/01 05:00:00+00,Weekday,21,Red Line,4977090,237004,4414
2019/01/01 05:00:00+00,Weekday,21,Heavy Rail,10273248,489202,4415
2019/01/01 05:00:00+00,Weekday,21,Green Line,3539303,168538,4416
2019/01/01 05:00:00+00,Weekday,21,Light Rail,3539303,168538,4417
2019/01/01 05:00:00+00,Weekday,21,Silver Line,728626,34696,4418
2019/01/01 05:00:00+00,Weekday,21,Bus,6901437,328640,4419
2019/01/01 05:00:00+00,Weekday,21,Trackless Trolley,227048,10812,4420
2019/01/01 05:00:00+00,Weekday,21,Private Bus,57372,2732,4421
2019/01/01 05:00:00+00,Weekday,21,All Bus,7914483,376880,4422
2019/01/01 05:00:00+00,Weekday,21,Commuter Rail,2536128,120768,4423
2019/01/01 05:00:00+00,Weekday,21,Ferry,96936,4616,4424
2019/01/01 05:00:00+00,Weekday,21,The RIDE,119049,5669,4425
2019/01/01 05:00:00+00,Saturday,4,Blue Line,135740,33935,4426
2019/01/01 05:00:00+00,Saturday,4,Orange Line,345187,86297,4427
2019/01/01 05:00:00+00,Saturday,4,Red Line,396953,99238,4428
2019/01/01 05:00:00+00,Saturday,4,Heavy Rail,877880,219470,4429
2019/01/01 05:00:00+00,Saturday,4,Green Line,388922,97230,4430
2019/01/01 05:00:00+00,Saturday,4,Light Rail,388922,97230,4431
2019/01/01 05:00:00+00,Saturday,4,Silver Line,96473,24118,4432
2019/01/01 05:00:00+00,Saturday,4,Bus,717533,179383,4433
2019/01/01 05:00:00+00,Saturday,4,Trackless Trolley,22785,5696,4434
2019/01/01 05:00:00+00,Saturday,4,All Bus,836791,209198,4435
2019/01/01 05:00:00+00,Saturday,4,Commuter Rail,72628,18157,4436
2019/01/01 05:00:00+00,Saturday,4,The RIDE,12668,3167,4437
2019/01/01 05:00:00+00,Sunday,4,Blue Line,96036,24009,4438
2019/01/01 05:00:00+00,Sunday,4,Orange Line,227635,56909,4439
2019/01/01 05:00:00+00,Sunday,4,Red Line,286759,71690,4440
2019/01/01 05:00:00+00,Sunday,4,Heavy Rail,610431,152608,4441
2019/01/01 05:00:00+00,Sunday,4,Green Line,264217,66054,4442
2019/01/01 05:00:00+00,Sunday,4,Light Rail,264217,66054,4443
2019/01/01 05:00:00+00,Sunday,4,Silver Line,73927,18482,4444
2019/01/01 05:00:00+00,Sunday,4,Bus,453345,113336,4445
2019/01/01 05:00:00+00,Sunday,4,All Bus,527272,131818,4446
2019/01/01 05:00:00+00,Sunday,4,Commuter Rail,51856,12964,4447
2019/01/01 05:00:00+00,Sunday,4,The RIDE,8487,2122,4448
2019/01/01 05:00:00+00,Total,31,Blue Line,1606484,51822,4449
2019/01/01 05:00:00+00,Total,31,Orange Line,4825535,155662,4450
2019/03/01 05:00:00+00,Total,31,Green Line,4692764,151379,4451
2019/03/01 05:00:00+00,Total,31,Light Rail,4692764,151379,4452
2019/03/01 05:00:00+00,Total,31,Silver Line,995833,32124,4453
2019/03/01 05:00:00+00,Total,31,Bus,8441657,272312,4454
2019/03/01 05:00:00+00,Total,31,Trackless Trolley,249097,8035,4455
2019/03/01 05:00:00+00,Total,31,Private Bus,74612,2407,4456
2019/03/01 05:00:00+00,Total,31,All Bus,9761200,314877,4457
2019/03/01 05:00:00+00,Total,31,Commuter Rail,2628828,84801,4458
2019/03/01 05:00:00+00,Total,31,Ferry,102937,3321,4459
2019/03/01 05:00:00+00,Total,31,The RIDE,154294,4977,4460
2019/02/01 05:00:00+00,Weekday,19,Blue Line,1188179,62536,4461
2019/02/01 05:00:00+00,Weekday,19,Orange Line,3750436,197391,4462
2019/02/01 05:00:00+00,Weekday,19,Red Line,4758082,250425,4463
2019/02/01 05:00:00+00,Weekday,19,Heavy Rail,9696698,510353,4464
2019/02/01 05:00:00+00,Weekday,19,Green Line,3427318,180385,4465
2019/02/01 05:00:00+00,Weekday,19,Light Rail,3427318,180385,4466
2019/02/01 05:00:00+00,Weekday,19,Silver Line,655079,34478,4467
2019/02/01 05:00:00+00,Weekday,19,Bus,6360567,334767,4468
2019/02/01 05:00:00+00,Weekday,19,Trackless Trolley,203461,10708,4469
2019/02/01 05:00:00+00,Weekday,19,Private Bus,57057,3003,4470
2019/02/01 05:00:00+00,Weekday,19,All Bus,7276164,382956,4471
2019/02/01 05:00:00+00,Weekday,19,Commuter Rail,2318133,122007,4472
2019/02/01 05:00:00+00,Weekday,19,Ferry,87685,4615,4473
2019/02/01 05:00:00+00,Weekday,19,The RIDE,110010,5790,4474
2019/02/01 05:00:00+00,Saturday,4,Blue Line,146338,36584,4475
2019/02/01 05:00:00+00,Saturday,4,Orange Line,374656,93664,4476
2019/02/01 05:00:00+00,Saturday,4,Red Line,413718,103430,4477
2019/02/01 05:00:00+00,Saturday,4,Heavy Rail,934712,233678,4478
2019/02/01 05:00:00+00,Saturday,4,Green Line,440993,110248,4479
2019/02/01 05:00:00+00,Saturday,4,Light Rail,440993,110248,4480
2019/02/01 05:00:00+00,Saturday,4,Silver Line,99588,24897,4481
2019/02/01 05:00:00+00,Saturday,4,Bus,783211,195803,4482
2019/02/01 05:00:00+00,Saturday,4,Trackless Trolley,26022,6506,4483
2019/02/01 05:00:00+00,Saturday,4,All Bus,908821,227205,4484
2019/02/01 05:00:00+00,Saturday,4,Commuter Rail,74492,18623,4485
2019/02/01 05:00:00+00,Saturday,4,The RIDE,11892,2973,4486
2019/02/01 05:00:00+00,Sunday,4,Blue Line,106301,26575,4487
2019/02/01 05:00:00+00,Sunday,4,Orange Line,267268,66817,4488
2019/02/01 05:00:00+00,Sunday,4,Red Line,315576,78894,4489
2019/02/01 05:00:00+00,Sunday,4,Heavy Rail,689146,172286,4490
2019/02/01 05:00:00+00,Sunday,4,Green Line,314998,78750,4491
2019/02/01 05:00:00+00,Sunday,4,Light Rail,314998,78750,4492
2019/02/01 05:00:00+00,Sunday,4,Silver Line,63447,15862,4493
2019/02/01 05:00:00+00,Sunday,4,Bus,410944,102736,4494
2019/02/01 05:00:00+00,Sunday,4,All Bus,474391,118598,4495
2019/02/01 05:00:00+00,Sunday,4,Commuter Rail,55804,13951,4496
2019/02/01 05:00:00+00,Sunday,4,The RIDE,10534,2634,4497
2019/02/01 05:00:00+00,Total,28,Blue Line,1474714,52668,4498
2019/02/01 05:00:00+00,Total,28,Orange Line,4478618,159951,4499
2019/02/01 05:00:00+00,Total,28,Red Line,5594678,199810,4500
2019/06/01 04:00:00+00,Total,30,Bus,8192818,273094,4501
2019/05/01 04:00:00+00,Total,31,Silver Line,1054740,34024,4502
2019/01/01 05:00:00+00,Total,31,Red Line,5934838,191446,4503
2018/12/01 05:00:00+00,Total,31,Orange Line,4457194,143780,4504
2018/11/01 04:00:00+00,Total,30,Blue Line,1658350,55278,4505
2019/04/01 04:00:00+00,Total,30,Light Rail,5044398,168147,4506
2019/04/01 04:00:00+00,Total,30,Silver Line,995353,33178,4507
2019/04/01 04:00:00+00,Total,30,Bus,8554377,285146,4508
2019/04/01 04:00:00+00,Total,30,Trackless Trolley,247429,8248,4509
2019/04/01 04:00:00+00,Total,30,Private Bus,80412,2680,4510
2019/04/01 04:00:00+00,Total,30,All Bus,9877570,329252,4511
2019/04/01 04:00:00+00,Total,30,Commuter Rail,2689704,89657,4512
2019/04/01 04:00:00+00,Total,30,Ferry,118564,3952,4513
2019/04/01 04:00:00+00,Total,30,The RIDE,157672,5256,4514
2019/03/01 05:00:00+00,Weekday,21,Blue Line,1321537,62930,4515
2019/03/01 05:00:00+00,Weekday,21,Orange Line,4150058,197622,4516
2019/03/01 05:00:00+00,Weekday,21,Red Line,5248193,249914,4517
2019/03/01 05:00:00+00,Weekday,21,Heavy Rail,10719788,510466,4518
2019/03/01 05:00:00+00,Weekday,21,Green Line,3728685,177556,4519
2019/03/01 05:00:00+00,Weekday,21,Light Rail,3728685,177556,4520
2019/03/01 05:00:00+00,Weekday,21,Silver Line,786680,37461,4521
2019/03/01 05:00:00+00,Weekday,21,Bus,7155921,340758,4522
2019/03/01 05:00:00+00,Weekday,21,Trackless Trolley,228674,10889,4523
2019/03/01 05:00:00+00,Weekday,21,Private Bus,64281,3061,4524
2019/03/01 05:00:00+00,Weekday,21,All Bus,8235556,392169,4525
2019/03/01 05:00:00+00,Weekday,21,Commuter Rail,2558136,121816,4526
2019/03/01 05:00:00+00,Weekday,21,Ferry,115773,5513,4527
2019/03/01 05:00:00+00,Weekday,21,The RIDE,127197,6057,4528
2019/03/01 05:00:00+00,Saturday,5,Blue Line,182708,36542,4529
2019/03/01 05:00:00+00,Saturday,5,Orange Line,493859,98772,4530
2019/03/01 05:00:00+00,Saturday,5,Red Line,564893,112979,4531
2019/03/01 05:00:00+00,Saturday,5,Heavy Rail,1241459,248292,4532
2019/03/01 05:00:00+00,Saturday,5,Green Line,558866,111773,4533
2019/03/01 05:00:00+00,Saturday,5,Light Rail,558866,111773,4534
2019/03/01 05:00:00+00,Saturday,5,Silver Line,105953,21191,4535
2019/03/01 05:00:00+00,Saturday,5,Bus,822544,164509,4536
2019/03/01 05:00:00+00,Saturday,5,Trackless Trolley,27327,5465,4537
2019/03/01 05:00:00+00,Saturday,5,All Bus,955824,191165,4538
2019/03/01 05:00:00+00,Saturday,5,Commuter Rail,92640,18528,4539
2019/03/01 05:00:00+00,Saturday,5,The RIDE,19865,3973,4540
2019/03/01 05:00:00+00,Sunday,5,Blue Line,134619,26924,4541
2019/03/01 05:00:00+00,Sunday,5,Orange Line,352086,70417,4542
2019/03/01 05:00:00+00,Sunday,5,Red Line,443749,88750,4543
2019/03/01 05:00:00+00,Sunday,5,Heavy Rail,930455,186091,4544
2019/03/01 05:00:00+00,Sunday,5,Green Line,405214,81043,4545
2019/03/01 05:00:00+00,Sunday,5,Light Rail,405214,81043,4546
2019/03/01 05:00:00+00,Sunday,5,Silver Line,89404,17881,4547
2019/03/01 05:00:00+00,Sunday,5,Bus,522371,104474,4548
2019/03/01 05:00:00+00,Sunday,5,All Bus,611775,122355,4549
2019/03/01 05:00:00+00,Sunday,5,Commuter Rail,68645,13729,4550
2019/03/01 05:00:00+00,Sunday,5,The RIDE,12703,2541,4551
2019/03/01 05:00:00+00,Total,31,Blue Line,1638864,52867,4552
2019/03/01 05:00:00+00,Total,31,Orange Line,4996003,161161,4553
2019/03/01 05:00:00+00,Total,31,Red Line,6256835,201833,4554
2019/03/01 05:00:00+00,Total,31,Heavy Rail,12891702,415861,4555
2018/11/01 04:00:00+00,Total,30,Orange Line,4950758,165025,4556
2018/11/01 04:00:00+00,Total,30,Red Line,6120446,204015,4557
2018/11/01 04:00:00+00,Total,30,Heavy Rail,12729554,424318,4558
2018/11/01 04:00:00+00,Total,30,Green Line,4710656,157022,4559
2018/11/01 04:00:00+00,Total,30,Light Rail,4710656,157022,4560
2018/11/01 04:00:00+00,Total,30,Silver Line,965165,32172,4561
2018/11/01 04:00:00+00,Total,30,Bus,8272985,275766,4562
2018/11/01 04:00:00+00,Total,30,Trackless Trolley,258734,8624,4563
2018/11/01 04:00:00+00,Total,30,Private Bus,74198,2473,4564
2018/11/01 04:00:00+00,Total,30,All Bus,9571082,319036,4565
2018/11/01 04:00:00+00,Total,30,Commuter Rail,2593497,86450,4566
2018/11/01 04:00:00+00,Total,30,Ferry,106346,3545,4567
2018/11/01 04:00:00+00,Total,30,The RIDE,157104,5237,4568
2018/10/01 04:00:00+00,Weekday,23,Blue Line,1602965,69694,4569
2018/10/01 04:00:00+00,Weekday,23,Orange Line,4940089,214786,4570
2018/10/01 04:00:00+00,Weekday,23,Red Line,6199732,269554,4571
2018/10/01 04:00:00+00,Weekday,23,Heavy Rail,12742785,554034,4572
2018/10/01 04:00:00+00,Weekday,23,Green Line,4615929,200693,4573
2018/10/01 04:00:00+00,Weekday,23,Light Rail,4615929,200693,4574
2018/10/01 04:00:00+00,Weekday,23,Silver Line,879936,38258,4575
2018/10/01 04:00:00+00,Weekday,23,Bus,8211792,357034,4576
2018/10/01 04:00:00+00,Weekday,23,Trackless Trolley,274401,11930,4577
2018/10/01 04:00:00+00,Weekday,23,Private Bus,75992,3304,4578
2018/10/01 04:00:00+00,Weekday,23,All Bus,9442121,410527,4579
2018/10/01 04:00:00+00,Weekday,23,Commuter Rail,2803355,121885,4580
2018/10/01 04:00:00+00,Weekday,23,Ferry,138989,6043,4581
2018/10/01 04:00:00+00,Weekday,23,The RIDE,144141,6267,4582
2018/10/01 04:00:00+00,Saturday,4,Blue Line,163375,40844,4583
2018/10/01 04:00:00+00,Saturday,4,Orange Line,361737,90434,4584
2018/10/01 04:00:00+00,Saturday,4,Red Line,487319,121830,4585
2018/10/01 04:00:00+00,Saturday,4,Heavy Rail,1012431,253108,4586
2018/10/01 04:00:00+00,Saturday,4,Green Line,519448,129862,4587
2018/10/01 04:00:00+00,Saturday,4,Light Rail,519448,129862,4588
2018/10/01 04:00:00+00,Saturday,4,Silver Line,79269,19817,4589
2018/10/01 04:00:00+00,Saturday,4,Bus,671567,167892,4590
2018/10/01 04:00:00+00,Saturday,4,Trackless Trolley,23885,5971,4591
2018/10/01 04:00:00+00,Saturday,4,All Bus,774721,193680,4592
2018/10/01 04:00:00+00,Saturday,4,Commuter Rail,66292,16573,4593
2018/10/01 04:00:00+00,Saturday,4,The RIDE,12036,3009,4594
2018/10/01 04:00:00+00,Sunday,4,Blue Line,134503,33626,4595
2018/10/01 04:00:00+00,Sunday,4,Orange Line,279726,69932,4596
2018/10/01 04:00:00+00,Sunday,4,Red Line,400252,100063,4597
2018/10/01 04:00:00+00,Sunday,4,Heavy Rail,814482,203620,4598
2018/10/01 04:00:00+00,Sunday,4,Green Line,408083,102021,4599
2018/10/01 04:00:00+00,Sunday,4,Light Rail,408083,102021,4600
2018/10/01 04:00:00+00,Sunday,4,Silver Line,73546,18386,4601
2018/10/01 04:00:00+00,Sunday,4,Bus,484299,121075,4602
2018/10/01 04:00:00+00,Sunday,4,All Bus,557845,139461,4603
2018/10/01 04:00:00+00,Sunday,4,Commuter Rail,50304,12576,4604
2018/12/01 05:00:00+00,Total,31,Red Line,5414553,174663,4605
2019/01/01 05:00:00+00,Total,31,Heavy Rail,12366856,398931,4606
2019/05/01 04:00:00+00,Total,31,Bus,8887371,286689,4607
2019/06/01 04:00:00+00,Total,30,Trackless Trolley,237303,7910,4608
2019/06/01 04:00:00+00,Total,30,Private Bus,82568,2752,4609
2019/06/01 04:00:00+00,Total,30,All Bus,9499422,316647,4610
2019/06/01 04:00:00+00,Total,30,Commuter Rail,2465906,82197,4611
2019/06/01 04:00:00+00,Total,30,Ferry,167104,5570,4612
2019/06/01 04:00:00+00,Total,30,The RIDE,150073,5002,4613
2019/05/01 04:00:00+00,Weekday,23,Blue Line,1510954,65694,4614
2019/05/01 04:00:00+00,Weekday,23,Orange Line,4528760,196903,4615
2019/05/01 04:00:00+00,Weekday,23,Red Line,5681868,247038,4616
2019/05/01 04:00:00+00,Weekday,23,Heavy Rail,11721582,509634,4617
2019/05/01 04:00:00+00,Weekday,23,Green Line,3960256,172185,4618
2019/05/01 04:00:00+00,Weekday,23,Light Rail,3960256,172185,4619
2019/05/01 04:00:00+00,Weekday,23,Silver Line,850391,36974,4620
2019/05/01 04:00:00+00,Weekday,23,Bus,7635732,331988,4621
2019/05/01 04:00:00+00,Weekday,23,Trackless Trolley,249078,10829,4622
2019/05/01 04:00:00+00,Weekday,23,Private Bus,76015,3305,4623
2019/05/01 04:00:00+00,Weekday,23,All Bus,8811215,383096,4624
2019/05/01 04:00:00+00,Weekday,23,Commuter Rail,2777871,120777,4625
2019/05/01 04:00:00+00,Weekday,23,Ferry,129168,5616,4626
2019/05/01 04:00:00+00,Weekday,23,The RIDE,138460,6020,4627
2019/05/01 04:00:00+00,Saturday,4,Blue Line,177652,44413,4628
2019/05/01 04:00:00+00,Saturday,4,Orange Line,436823,109206,4629
2019/05/01 04:00:00+00,Saturday,4,Red Line,532708,133177,4630
2019/05/01 04:00:00+00,Saturday,4,Heavy Rail,1147184,286796,4631
2019/05/01 04:00:00+00,Saturday,4,Green Line,461370,115342,4632
2019/05/01 04:00:00+00,Saturday,4,Light Rail,461370,115342,4633
2019/05/01 04:00:00+00,Saturday,4,Silver Line,90377,22594,4634
2019/05/01 04:00:00+00,Saturday,4,Bus,721154,180288,4635
2019/05/01 04:00:00+00,Saturday,4,Trackless Trolley,21268,5317,4636
2019/05/01 04:00:00+00,Saturday,4,All Bus,832799,208200,4637
2019/05/01 04:00:00+00,Saturday,4,Commuter Rail,74820,18705,4638
2019/05/01 04:00:00+00,Saturday,4,The RIDE,12000,3000,4639
2019/05/01 04:00:00+00,Sunday,4,Blue Line,129477,32369,4640
2019/05/01 04:00:00+00,Sunday,4,Orange Line,297767,74442,4641
2019/05/01 04:00:00+00,Sunday,4,Red Line,388111,97028,4642
2019/05/01 04:00:00+00,Sunday,4,Heavy Rail,815355,203839,4643
2019/05/01 04:00:00+00,Sunday,4,Green Line,330528,82632,4644
2019/05/01 04:00:00+00,Sunday,4,Light Rail,330528,82632,4645
2019/05/01 04:00:00+00,Sunday,4,Silver Line,99156,24789,4646
2019/05/01 04:00:00+00,Sunday,4,Bus,572331,143083,4647
2019/05/01 04:00:00+00,Sunday,4,All Bus,671487,167872,4648
2019/05/01 04:00:00+00,Sunday,4,Commuter Rail,50736,12684,4649
2019/05/01 04:00:00+00,Sunday,4,The RIDE,11191,2798,4650
2019/05/01 04:00:00+00,Total,31,Blue Line,1858843,59963,4651
2019/05/01 04:00:00+00,Total,31,Orange Line,5354899,172739,4652
2019/05/01 04:00:00+00,Total,31,Red Line,6705541,216308,4653
2019/05/01 04:00:00+00,Total,31,Heavy Rail,13919283,449009,4654
2019/05/01 04:00:00+00,Total,31,Green Line,4853219,156555,4655
2019/05/01 04:00:00+00,Total,31,Light Rail,4853219,156555,4656
2019/05/01 04:00:00+00,Total,31,Trackless Trolley,260752,8411,4657
2019/05/01 04:00:00+00,Total,31,Private Bus,84225,2717,4658
2019/05/01 04:00:00+00,Total,31,All Bus,10287088,331842,4659
2019/05/01 04:00:00+00,Total,31,Commuter Rail,2702198,87168,4660
2019/05/01 04:00:00+00,Total,31,Ferry,139499,4500,4661
2019/05/01 04:00:00+00,Total,31,The RIDE,162453,5240,4662
2019/04/01 04:00:00+00,Weekday,22,Blue Line,1474893,67041,4663
2019/04/01 04:00:00+00,Weekday,22,Orange Line,4492855,204221,4664
2019/04/01 04:00:00+00,Weekday,22,Red Line,5637800,256264,4665
2019/04/01 04:00:00+00,Weekday,22,Heavy Rail,11605549,527525,4666
2019/04/01 04:00:00+00,Weekday,22,Green Line,4158917,189042,4667
2019/04/01 04:00:00+00,Weekday,22,Light Rail,4158917,189042,4668
2019/04/01 04:00:00+00,Weekday,22,Silver Line,823061,37412,4669
2019/04/01 04:00:00+00,Weekday,22,Bus,7481108,340050,4670
2019/04/01 04:00:00+00,Weekday,22,Trackless Trolley,234669,10667,4671
2019/04/01 04:00:00+00,Weekday,22,Private Bus,70774,3217,4672
2019/04/01 04:00:00+00,Weekday,22,All Bus,8609612,391346,4673
2019/04/01 04:00:00+00,Weekday,22,Commuter Rail,2655972,120726,4674
2019/04/01 04:00:00+00,Weekday,22,Ferry,113036,5138,4675
2019/04/01 04:00:00+00,Weekday,22,The RIDE,133386,6063,4676
2019/04/01 04:00:00+00,Saturday,4,Blue Line,172474,43118,4677
2019/04/01 04:00:00+00,Saturday,4,Orange Line,427902,106976,4678
2019/04/01 04:00:00+00,Saturday,4,Red Line,490722,122680,4679
2019/04/01 04:00:00+00,Saturday,4,Heavy Rail,1091098,272774,4680
2019/04/01 04:00:00+00,Saturday,4,Green Line,507429,126857,4681
2019/04/01 04:00:00+00,Saturday,4,Light Rail,507429,126857,4682
2019/04/01 04:00:00+00,Saturday,4,Silver Line,87541,21885,4683
2019/04/01 04:00:00+00,Saturday,4,Bus,690879,172720,4684
2019/04/01 04:00:00+00,Saturday,4,Trackless Trolley,20529,5132,4685
2019/04/01 04:00:00+00,Saturday,4,All Bus,798949,199737,4686
2019/04/01 04:00:00+00,Saturday,4,Commuter Rail,74924,18731,4687
2019/04/01 04:00:00+00,Saturday,4,The RIDE,12148,3037,4688
2019/04/01 04:00:00+00,Sunday,4,Blue Line,130320,32580,4689
2019/04/01 04:00:00+00,Sunday,4,Orange Line,305143,76286,4690
2019/04/01 04:00:00+00,Sunday,4,Red Line,368734,92184,4691
2019/04/01 04:00:00+00,Sunday,4,Heavy Rail,804197,201049,4692
2019/04/01 04:00:00+00,Sunday,4,Green Line,378052,94513,4693
2019/04/01 04:00:00+00,Sunday,4,Light Rail,378052,94513,4694
2019/04/01 04:00:00+00,Sunday,4,Silver Line,70878,17720,4695
2019/04/01 04:00:00+00,Sunday,4,Bus,446571,111643,4696
2019/04/01 04:00:00+00,Sunday,4,All Bus,517449,129362,4697
2019/04/01 04:00:00+00,Sunday,4,Commuter Rail,51508,12877,4698
2019/04/01 04:00:00+00,Sunday,4,The RIDE,11936,2984,4699
2019/04/01 04:00:00+00,Total,30,Blue Line,1777688,59256,4700
2019/04/01 04:00:00+00,Total,30,Orange Line,5225900,174197,4701
2019/04/01 04:00:00+00,Total,30,Red Line,6497257,216575,4702
2018/12/01 05:00:00+00,Total,31,Heavy Rail,11405829,367930,4703
2019/01/01 05:00:00+00,Total,31,Green Line,4442494,143306,4704
2019/04/01 04:00:00+00,Total,30,Heavy Rail,13500844,450028,4705
2019/04/01 04:00:00+00,Total,30,Green Line,5044398,168147,4706
2019/01/01 05:00:00+00,Total,31,Light Rail,4442494,143306,4707
2019/01/01 05:00:00+00,Total,31,Silver Line,911709,29410,4708
2019/01/01 05:00:00+00,Total,31,Bus,8016103,258584,4709
2019/01/01 05:00:00+00,Total,31,Trackless Trolley,235264,7589,4710
2019/01/01 05:00:00+00,Total,31,Private Bus,72211,2329,4711
2019/01/01 05:00:00+00,Total,31,All Bus,9235287,297912,4712
2019/01/01 05:00:00+00,Total,31,Commuter Rail,2705418,87272,4713
2019/01/01 05:00:00+00,Total,31,Ferry,101561,3276,4714
2019/01/01 05:00:00+00,Total,31,The RIDE,150235,4846,4715
2018/12/01 05:00:00+00,Weekday,20,Blue Line,1190476,59524,4716
2018/12/01 05:00:00+00,Total,31,Green Line,4190922,135191,4717
2018/12/01 05:00:00+00,Weekday,20,Orange Line,3601484,180074,4718
2018/12/01 05:00:00+00,Total,31,Light Rail,4190922,135191,4719
2018/12/01 05:00:00+00,Weekday,20,Red Line,4451265,222563,4720
2018/12/01 05:00:00+00,Total,31,Silver Line,848093,27358,4721
2018/12/01 05:00:00+00,Weekday,20,Heavy Rail,9243225,462161,4722
2018/12/01 05:00:00+00,Total,31,Bus,7604220,245297,4723
2018/12/01 05:00:00+00,Weekday,20,Green Line,3248487,162424,4724
2018/12/01 05:00:00+00,Total,31,Trackless Trolley,209140,6746,4725
2018/12/01 05:00:00+00,Weekday,20,Light Rail,3248487,162424,4726
2018/12/01 05:00:00+00,Total,31,Private Bus,71482,2306,4727
2018/12/01 05:00:00+00,Weekday,20,Silver Line,659334,32967,4728
2018/12/01 05:00:00+00,Total,31,All Bus,8732935,281708,4729
2018/12/01 05:00:00+00,Weekday,20,Bus,6188521,309426,4730
2018/12/01 05:00:00+00,Total,31,Commuter Rail,2503021,80743,4731
2018/12/01 05:00:00+00,Weekday,20,Trackless Trolley,180810,9040,4732
2018/12/01 05:00:00+00,Total,31,Ferry,89666,2892,4733
2018/12/01 05:00:00+00,Weekday,20,Private Bus,56920,2846,4734
2018/12/01 05:00:00+00,Total,31,The RIDE,150696,4861,4735
2018/12/01 05:00:00+00,Weekday,20,All Bus,7085584,354279,4736
2018/11/01 04:00:00+00,Weekday,21,Blue Line,1364516,64977,4737
2018/12/01 05:00:00+00,Weekday,20,Commuter Rail,2425720,121286,4738
2018/11/01 04:00:00+00,Weekday,21,Orange Line,4236739,201749,4739
2018/12/01 05:00:00+00,Weekday,20,Ferry,89680,4484,4740
2018/11/01 04:00:00+00,Weekday,21,Red Line,5305597,252647,4741
2018/12/01 05:00:00+00,Weekday,20,The RIDE,115000,5750,4742
2018/11/01 04:00:00+00,Weekday,21,Heavy Rail,10906852,519374,4743
2018/12/01 05:00:00+00,Saturday,5,Blue Line,191073,38215,4744
2018/11/01 04:00:00+00,Weekday,21,Green Line,3860535,183835,4745
2018/12/01 05:00:00+00,Saturday,5,Orange Line,482603,96521,4746
2018/11/01 04:00:00+00,Weekday,21,Light Rail,3860535,183835,4747
2018/12/01 05:00:00+00,Saturday,5,Red Line,541318,108264,4748
2018/11/01 04:00:00+00,Weekday,21,Silver Line,798509,38024,4749
2018/12/01 05:00:00+00,Saturday,5,Heavy Rail,1214994,242999,4750
2018/11/01 04:00:00+00,Weekday,21,Bus,7095324,337873,4751
2018/12/01 05:00:00+00,Saturday,5,Green Line,534028,106806,4752
2018/11/01 04:00:00+00,Weekday,21,Trackless Trolley,241679,11509,4753
2018/12/01 05:00:00+00,Saturday,5,Light Rail,534028,106806,4754
2018/11/01 04:00:00+00,Weekday,21,Private Bus,64050,3050,4755
2018/12/01 05:00:00+00,Saturday,5,Silver Line,97518,19504,4756
2018/11/01 04:00:00+00,Weekday,21,All Bus,8199563,390455,4757
2018/12/01 05:00:00+00,Saturday,5,Bus,840637,168127,4758
2018/11/01 04:00:00+00,Weekday,21,Commuter Rail,2551332,121492,4759
2018/12/01 05:00:00+00,Saturday,5,Trackless Trolley,28330,5666,4760
2018/11/01 04:00:00+00,Weekday,21,Ferry,106344,5064,4761
2018/12/01 05:00:00+00,Saturday,5,All Bus,966485,193297,4762
2018/11/01 04:00:00+00,Weekday,21,The RIDE,130303,6205,4763
2018/12/01 05:00:00+00,Saturday,5,Commuter Rail,85785,17157,4764
2018/11/01 04:00:00+00,Saturday,4,Blue Line,159519,39880,4765
2018/12/01 05:00:00+00,Saturday,5,The RIDE,15835,3167,4766
2018/11/01 04:00:00+00,Saturday,4,Orange Line,397428,99357,4767
2018/12/01 05:00:00+00,Sunday,5,Blue Line,139084,27817,4768
2018/11/01 04:00:00+00,Saturday,4,Red Line,443918,110980,4769
2018/12/01 05:00:00+00,Sunday,5,Orange Line,341008,68202,4770
2018/11/01 04:00:00+00,Saturday,4,Heavy Rail,1000866,250216,4771
2018/12/01 05:00:00+00,Sunday,5,Red Line,388746,77749,4772
2018/11/01 04:00:00+00,Saturday,4,Green Line,472251,118063,4773
2018/12/01 05:00:00+00,Sunday,5,Heavy Rail,868839,173768,4774
2018/11/01 04:00:00+00,Saturday,4,Light Rail,472251,118063,4775
2018/12/01 05:00:00+00,Sunday,5,Green Line,380541,76108,4776
2018/11/01 04:00:00+00,Saturday,4,Silver Line,84219,21055,4777
2018/12/01 05:00:00+00,Sunday,5,Light Rail,380541,76108,4778
2018/11/01 04:00:00+00,Saturday,4,Bus,672061,168015,4779
2018/12/01 05:00:00+00,Sunday,5,Silver Line,91241,18248,4780
2018/11/01 04:00:00+00,Saturday,4,Trackless Trolley,17055,4264,4781
2018/12/01 05:00:00+00,Sunday,5,Bus,575062,115012,4782
2018/11/01 04:00:00+00,Saturday,4,All Bus,773335,193334,4783
2018/12/01 05:00:00+00,Sunday,5,All Bus,666303,133261,4784
2018/11/01 04:00:00+00,Saturday,4,Commuter Rail,69212,17303,4785
2018/12/01 05:00:00+00,Sunday,5,Commuter Rail,64820,12964,4786
2018/11/01 04:00:00+00,Saturday,4,The RIDE,12036,3009,4787
2018/12/01 05:00:00+00,Sunday,5,The RIDE,14153,2831,4788
2018/11/01 04:00:00+00,Sunday,4,Blue Line,123246,30812,4789
2018/12/01 05:00:00+00,Total,31,Blue Line,1534083,49487,4790
2018/11/01 04:00:00+00,Sunday,4,Orange Line,286137,71534,4791
2018/11/01 04:00:00+00,Sunday,4,Red Line,334707,83677,4792
2018/11/01 04:00:00+00,Sunday,4,Heavy Rail,744090,186022,4793
2018/11/01 04:00:00+00,Sunday,4,Green Line,348426,87106,4794
2018/11/01 04:00:00+00,Sunday,4,Light Rail,348426,87106,4795
2018/11/01 04:00:00+00,Sunday,4,Silver Line,82437,20609,4796
2018/11/01 04:00:00+00,Sunday,4,Bus,505599,126400,4797
2018/11/01 04:00:00+00,Sunday,4,All Bus,588036,147009,4798
2018/11/01 04:00:00+00,Sunday,4,Commuter Rail,49864,12466,4799
2018/11/01 04:00:00+00,Sunday,4,The RIDE,11532,2883,4800
2018/08/01 04:00:00+00,Total,31,Private Bus,82891,2674,4801
2018/08/01 04:00:00+00,Total,31,All Bus,9913072,319777,4802
2018/08/01 04:00:00+00,Total,31,Commuter Rail,2728907,88029,4803
2018/08/01 04:00:00+00,Total,31,Ferry,186413,6013,4804
2018/08/01 04:00:00+00,Total,31,The RIDE,164388,5303,4805
2018/07/01 04:00:00+00,Weekday,21,Blue Line,1452009,69143,4806
2018/07/01 04:00:00+00,Weekday,21,Orange Line,4165306,198348,4807
2018/07/01 04:00:00+00,Weekday,21,Red Line,5329350,253779,4808
2018/07/01 04:00:00+00,Weekday,21,Heavy Rail,10946665,521270,4809
2018/07/01 04:00:00+00,Weekday,21,Green Line,3841351,182921,4810
2018/07/01 04:00:00+00,Weekday,21,Light Rail,3841351,182921,4811
2018/07/01 04:00:00+00,Weekday,21,Silver Line,789279,37585,4812
2018/07/01 04:00:00+00,Weekday,21,Bus,6756927,321758,4813
2018/07/01 04:00:00+00,Weekday,21,Trackless Trolley,239822,11420,4814
2018/07/01 04:00:00+00,Weekday,21,Private Bus,66465,3165,4815
2018/07/01 04:00:00+00,Weekday,21,All Bus,7852493,373928,4816
2018/07/01 04:00:00+00,Weekday,21,Commuter Rail,2545179,121199,4817
2018/07/01 04:00:00+00,Weekday,21,Ferry,153951,7331,4818
2018/07/01 04:00:00+00,Weekday,21,The RIDE,125643,5983,4819
2018/07/01 04:00:00+00,Saturday,4,Blue Line,201889,50472,4820
2018/07/01 04:00:00+00,Saturday,4,Orange Line,415538,103884,4821
2018/07/01 04:00:00+00,Saturday,4,Red Line,510958,127740,4822
2018/07/01 04:00:00+00,Saturday,4,Heavy Rail,1128385,282096,4823
2018/07/01 04:00:00+00,Saturday,4,Green Line,484142,121036,4824
2018/07/01 04:00:00+00,Saturday,4,Light Rail,484142,121036,4825
2018/07/01 04:00:00+00,Saturday,4,Silver Line,90346,22586,4826
2018/07/01 04:00:00+00,Saturday,4,Bus,719255,179814,4827
2018/07/01 04:00:00+00,Saturday,4,Trackless Trolley,17559,4390,4828
2018/07/01 04:00:00+00,Saturday,4,All Bus,827160,206790,4829
2018/07/01 04:00:00+00,Saturday,4,Commuter Rail,63736,15934,4830
2018/07/01 04:00:00+00,Saturday,4,The RIDE,12456,3114,4831
2018/07/01 04:00:00+00,Sunday,5,Blue Line,180657,36131,4832
2018/07/01 04:00:00+00,Sunday,5,Orange Line,372678,74536,4833
2018/07/01 04:00:00+00,Sunday,5,Red Line,468242,93648,4834
2018/07/01 04:00:00+00,Sunday,5,Heavy Rail,1021577,204315,4835
2018/07/01 04:00:00+00,Sunday,5,Green Line,443392,88678,4836
2018/07/01 04:00:00+00,Sunday,5,Light Rail,443392,88678,4837
2018/07/01 04:00:00+00,Sunday,5,Silver Line,113151,22630,4838
2018/07/01 04:00:00+00,Sunday,5,Bus,695711,139142,4839
2018/07/01 04:00:00+00,Sunday,5,All Bus,808862,161772,4840
2018/07/01 04:00:00+00,Sunday,5,Commuter Rail,48120,9624,4841
2018/07/01 04:00:00+00,Sunday,5,The RIDE,13626,2725,4842
2018/07/01 04:00:00+00,Total,31,Blue Line,1871505,60371,4843
2018/07/01 04:00:00+00,Total,31,Orange Line,5029552,162244,4844
2018/07/01 04:00:00+00,Total,31,Red Line,6407474,206693,4845
2018/07/01 04:00:00+00,Total,31,Heavy Rail,13308531,429307,4846
2018/07/01 04:00:00+00,Total,31,Green Line,4854824,156607,4847
2018/07/01 04:00:00+00,Total,31,Light Rail,4854824,156607,4848
2018/07/01 04:00:00+00,Total,31,Silver Line,992776,32025,4849
2018/07/01 04:00:00+00,Total,31,Bus,8171893,263609,4850
2018/07/01 04:00:00+00,Total,31,Trackless Trolley,257380,8303,4851
2018/07/01 04:00:00+00,Total,31,Private Bus,80205,2587,4852
2018/07/01 04:00:00+00,Total,31,All Bus,9502255,306524,4853
2018/07/01 04:00:00+00,Total,31,Commuter Rail,2583913,83352,4854
2018/07/01 04:00:00+00,Total,31,Ferry,193685,6248,4855
2018/07/01 04:00:00+00,Total,31,The RIDE,157641,5085,4856
2018/10/01 04:00:00+00,Sunday,4,The RIDE,11266,2816,4857
2018/10/01 04:00:00+00,Total,31,Blue Line,1900843,61318,4858
2018/10/01 04:00:00+00,Total,31,Orange Line,5581553,180050,4859
2018/10/01 04:00:00+00,Total,31,Red Line,7087303,228623,4860
2018/10/01 04:00:00+00,Total,31,Heavy Rail,14569698,469990,4861
2018/10/01 04:00:00+00,Total,31,Green Line,5543461,178821,4862
2018/10/01 04:00:00+00,Total,31,Light Rail,5543461,178821,4863
2018/10/01 04:00:00+00,Total,31,Silver Line,1032751,33315,4864
2018/10/01 04:00:00+00,Total,31,Bus,9367658,302183,4865
2018/10/01 04:00:00+00,Total,31,Trackless Trolley,298286,9622,4866
2018/10/01 04:00:00+00,Total,31,Private Bus,85564,2760,4867
2018/10/01 04:00:00+00,Total,31,All Bus,10784259,347879,4868
2018/10/01 04:00:00+00,Total,31,Commuter Rail,2822675,91054,4869
2018/10/01 04:00:00+00,Total,31,Ferry,141487,4564,4870
2018/10/01 04:00:00+00,Total,31,The RIDE,167413,5400,4871
2018/09/01 04:00:00+00,Weekday,19,Blue Line,1316782,69304,4872
2018/09/01 04:00:00+00,Weekday,19,Orange Line,4010994,211105,4873
2018/09/01 04:00:00+00,Weekday,19,Red Line,5051807,265885,4874
2018/09/01 04:00:00+00,Weekday,19,Heavy Rail,10379583,546294,4875
2018/09/01 04:00:00+00,Weekday,19,Green Line,3775272,198699,4876
2018/09/01 04:00:00+00,Weekday,19,Light Rail,3775272,198699,4877
2018/09/01 04:00:00+00,Weekday,19,Silver Line,703816,37043,4878
2018/09/01 04:00:00+00,Weekday,19,Bus,6786676,357193,4879
2018/09/01 04:00:00+00,Weekday,19,Trackless Trolley,219765,11567,4880
2018/09/01 04:00:00+00,Weekday,19,Private Bus,62472,3288,4881
2018/09/01 04:00:00+00,Weekday,19,All Bus,7772729,409091,4882
2018/09/01 04:00:00+00,Weekday,19,Commuter Rail,2196400,115600,4883
2018/09/01 04:00:00+00,Weekday,19,Ferry,127167,6693,4884
2018/09/01 04:00:00+00,Weekday,19,The RIDE,115938,6102,4885
2018/09/01 04:00:00+00,Saturday,5,Blue Line,226113,45223,4886
2018/09/01 04:00:00+00,Saturday,5,Orange Line,496631,99326,4887
2018/09/01 04:00:00+00,Saturday,5,Red Line,635000,127000,4888
2018/09/01 04:00:00+00,Saturday,5,Heavy Rail,1357745,271549,4889
2018/09/01 04:00:00+00,Saturday,5,Green Line,683508,136702,4890
2018/09/01 04:00:00+00,Saturday,5,Light Rail,683508,136702,4891
2018/09/01 04:00:00+00,Saturday,5,Silver Line,114792,22958,4892
2018/09/01 04:00:00+00,Saturday,5,Bus,931929,186386,4893
2018/09/01 04:00:00+00,Saturday,5,Trackless Trolley,27220,5444,4894
2018/09/01 04:00:00+00,Saturday,5,All Bus,1073941,214788,4895
2018/09/01 04:00:00+00,Saturday,5,Commuter Rail,82425,16485,4896
2018/09/01 04:00:00+00,Saturday,5,The RIDE,15620,3124,4897
2018/09/01 04:00:00+00,Sunday,5,Blue Line,177918,35584,4898
2018/09/01 04:00:00+00,Sunday,5,Orange Line,365866,73173,4899
2018/09/01 04:00:00+00,Sunday,5,Red Line,497649,99530,4900
2018/09/01 04:00:00+00,Sunday,5,Heavy Rail,1041432,208286,4901
2018/09/01 04:00:00+00,Sunday,5,Green Line,531346,106269,4902
2018/09/01 04:00:00+00,Sunday,5,Light Rail,531346,106269,4903
2018/09/01 04:00:00+00,Sunday,5,Silver Line,114888,22978,4904
2018/09/01 04:00:00+00,Sunday,5,Bus,746819,149364,4905
2018/09/01 04:00:00+00,Sunday,5,All Bus,861706,172341,4906
2018/09/01 04:00:00+00,Sunday,5,Commuter Rail,56295,11259,4907
2018/09/01 04:00:00+00,Sunday,5,The RIDE,14506,2901,4908
2018/09/01 04:00:00+00,Total,30,Blue Line,1758284,58609,4909
2018/09/01 04:00:00+00,Total,30,Orange Line,4949573,164986,4910
2018/09/01 04:00:00+00,Total,30,Red Line,6277034,209234,4911
2018/09/01 04:00:00+00,Total,30,Heavy Rail,12984891,432830,4912
2018/09/01 04:00:00+00,Total,30,Green Line,5086612,169554,4913
2018/09/01 04:00:00+00,Total,30,Light Rail,5086612,169554,4914
2018/09/01 04:00:00+00,Total,30,Silver Line,933496,31117,4915
2018/09/01 04:00:00+00,Total,30,Bus,8465423,282181,4916
2018/09/01 04:00:00+00,Total,30,Trackless Trolley,246984,8233,4917
2018/09/01 04:00:00+00,Total,30,Private Bus,77522,2584,4918
2018/09/01 04:00:00+00,Total,30,All Bus,9723426,324114,4919
2018/09/01 04:00:00+00,Total,30,Commuter Rail,2368814,78960,4920
2018/09/01 04:00:00+00,Total,30,Ferry,143096,4770,4921
2018/09/01 04:00:00+00,Total,30,The RIDE,152111,5070,4922
2018/08/01 04:00:00+00,Weekday,23,Blue Line,1518965,66042,4923
2018/08/01 04:00:00+00,Weekday,23,Orange Line,4413265,191881,4924
2018/08/01 04:00:00+00,Weekday,23,Red Line,5659742,246076,4925
2018/08/01 04:00:00+00,Weekday,23,Heavy Rail,11591972,503999,4926
2018/08/01 04:00:00+00,Weekday,23,Green Line,3988710,173422,4927
2018/08/01 04:00:00+00,Weekday,23,Light Rail,3988710,173422,4928
2018/08/01 04:00:00+00,Weekday,23,Silver Line,859521,37370,4929
2018/08/01 04:00:00+00,Weekday,23,Bus,7380833,320906,4930
2018/08/01 04:00:00+00,Weekday,23,Trackless Trolley,246916,10735,4931
2018/08/01 04:00:00+00,Weekday,23,Private Bus,72335,3145,4932
2018/08/01 04:00:00+00,Weekday,23,All Bus,8559605,372157,4933
2018/08/01 04:00:00+00,Weekday,23,Commuter Rail,2786013,121131,4934
2018/08/01 04:00:00+00,Weekday,23,Ferry,163576,7112,4935
2018/08/01 04:00:00+00,Weekday,23,The RIDE,137609,5983,4936
2018/08/01 04:00:00+00,Saturday,4,Blue Line,163834,40958,4937
2018/08/01 04:00:00+00,Saturday,4,Orange Line,357252,89313,4938
2018/08/01 04:00:00+00,Saturday,4,Red Line,437302,109326,4939
2018/08/01 04:00:00+00,Saturday,4,Heavy Rail,958388,239597,4940
2018/08/01 04:00:00+00,Saturday,4,Green Line,426909,106727,4941
2018/08/01 04:00:00+00,Saturday,4,Light Rail,426909,106727,4942
2018/08/01 04:00:00+00,Saturday,4,Silver Line,88797,22199,4943
2018/08/01 04:00:00+00,Saturday,4,Bus,666806,166702,4944
2018/08/01 04:00:00+00,Saturday,4,Trackless Trolley,20071,5018,4945
2018/08/01 04:00:00+00,Saturday,4,All Bus,775674,193918,4946
2018/08/01 04:00:00+00,Saturday,4,Commuter Rail,67736,16934,4947
2018/08/01 04:00:00+00,Saturday,4,The RIDE,12456,3114,4948
2018/08/01 04:00:00+00,Sunday,4,Blue Line,141173,35293,4949
2018/08/01 04:00:00+00,Sunday,4,Orange Line,287467,71867,4950
2018/08/01 04:00:00+00,Sunday,4,Red Line,376756,94189,4951
2018/08/01 04:00:00+00,Sunday,4,Heavy Rail,805396,201349,4952
2018/08/01 04:00:00+00,Sunday,4,Green Line,363100,90775,4953
2018/08/01 04:00:00+00,Sunday,4,Light Rail,363100,90775,4954
2018/08/01 04:00:00+00,Sunday,4,Silver Line,82155,20539,4955
2018/08/01 04:00:00+00,Sunday,4,Bus,485082,121270,4956
2018/08/01 04:00:00+00,Sunday,4,All Bus,567237,141809,4957
2018/08/01 04:00:00+00,Sunday,4,Commuter Rail,42496,10624,4958
2018/08/01 04:00:00+00,Sunday,4,The RIDE,11732,2933,4959
2018/08/01 04:00:00+00,Total,31,Blue Line,1823972,58838,4960
2018/08/01 04:00:00+00,Total,31,Orange Line,5057984,163161,4961
2018/08/01 04:00:00+00,Total,31,Red Line,6473801,208832,4962
2018/08/01 04:00:00+00,Total,31,Heavy Rail,13355756,430831,4963
2018/08/01 04:00:00+00,Total,31,Green Line,4778718,154152,4964
2018/08/01 04:00:00+00,Total,31,Light Rail,4778718,154152,4965
2018/08/01 04:00:00+00,Total,31,Silver Line,1030473,33241,4966
2018/08/01 04:00:00+00,Total,31,Bus,8532722,275249,4967
2018/08/01 04:00:00+00,Total,31,Trackless Trolley,266987,8612,4968
